"Data","Último","Abertura","Máxima","Mínima","Vol.","Var%"
"17.04.2025","18.512,50","18.404,50","18.646,50","18.377,75","134,20K","0,69%"
"16.04.2025","18.385,25","18.790,00","18.861,25","18.116,25","683,18K","-3,03%"
"15.04.2025","18.960,25","18.902,50","19.144,75","18.809,00","525,79K","0,13%"
"14.04.2025","18.934,75","19.225,00","19.256,00","18.737,50","570,51K","0,68%"
"11.04.2025","18.807,50","18.464,75","18.873,50","18.067,00","667,63K","1,75%"
"10.04.2025","18.484,50","19.266,75","19.383,50","17.919,00","975,10K","-4,17%"
"09.04.2025","19.288,75","17.220,25","19.386,75","16.735,00","1,09M","11,86%"
"08.04.2025","17.243,75","17.665,00","18.357,25","16.973,50","956,64K","-1,82%"
"07.04.2025","17.563,25","17.100,00","18.361,50","16.460,00","1,14M","0,14%"
"04.04.2025","17.539,00","18.660,00","18.713,00","17.387,50","1,20M","-6,09%"
"03.04.2025","18.675,50","19.020,00","19.177,00","18.614,00","893,79K","-5,48%"
"02.04.2025","19.758,00","19.600,50","20.044,25","19.076,75","835,32K","0,78%"
"01.04.2025","19.604,50","19.411,25","19.644,00","19.261,25","790,96K","0,85%"
"31.03.2025","19.439,50","19.319,75","19.489,75","18.976,75","842,55K","-0,09%"
"28.03.2025","19.457,00","19.995,25","20.011,75","19.357,50","696,40K","-2,67%"
"27.03.2025","19.990,25","20.046,00","20.199,50","19.937,25","634,74K","-0,63%"
"26.03.2025","20.116,50","20.511,50","20.536,75","20.045,00","620,69K","-1,82%"
"25.03.2025","20.488,50","20.353,00","20.524,75","20.293,00","470,89K","0,56%"
"24.03.2025","20.374,25","20.050,50","20.409,50","20.050,50","555,04K","2,07%"
"21.03.2025","19.961,00","19.898,50","19.977,50","19.602,25","605,24K","0,41%"
"20.03.2025","19.879,25","19.949,75","20.105,00","19.735,25","607,25K","-0,36%"
"19.03.2025","19.951,00","19.704,75","20.143,00","19.660,00","574,70K","1,27%"
"18.03.2025","19.701,75","20.041,00","20.066,50","19.604,25","569,61K","-1,68%"
"17.03.2025","20.038,25","19.885,50","20.167,75","19.757,00","508,95K","0,60%"
"14.03.2025","19.919,50","19.505,75","19.949,50","19.503,75","106,99K","2,39%"
"13.03.2025","19.453,75","19.787,25","19.900,75","19.372,50","37,53K","-1,88%"
"12.03.2025","19.826,25","19.605,25","19.992,25","19.593,50","21,32K","1,13%"
"11.03.2025","19.605,25","19.651,25","19.893,00","19.345,75","24,45K","0,78%"
"10.03.2025","19.452,75","20.147,00","20.156,50","19.272,25","798,37K","-3,84%"
"07.03.2025","20.229,75","20.214,50","20.286,25","19.765,50","763,26K","0,70%"
"06.03.2025","20.089,25","20.605,25","20.647,50","20.003,00","763,15K","-2,79%"
"05.03.2025","20.665,00","20.555,00","20.725,00","20.215,00","783,64K","1,30%"
"04.03.2025","20.399,00","20.527,00","20.732,50","20.075,25","958,07K","-0,34%"
"03.03.2025","20.468,25","21.005,25","21.121,00","20.316,75","833,04K","-2,16%"
"28.02.2025","20.919,50","20.649,50","20.944,25","20.460,50","845,89K","1,52%"
"27.02.2025","20.605,75","21.249,00","21.386,50","20.583,25","854,18K","-2,74%"
"26.02.2025","21.187,00","21.230,50","21.409,25","21.055,00","646,24K","0,18%"
"25.02.2025","21.149,00","21.442,50","21.453,75","20.990,00","805,68K","-1,27%"
"24.02.2025","21.420,25","21.700,75","21.813,00","21.407,50","670,63K","-1,19%"
"21.02.2025","21.679,25","22.136,00","22.245,50","21.652,75","708,35K","-2,09%"
"20.02.2025","22.141,75","22.213,00","22.235,50","21.951,00","563,59K","-0,49%"
"19.02.2025","22.250,50","22.224,50","22.299,75","22.118,00","496,44K","0,08%"
"18.02.2025","22.232,25","22.235,75","22.319,75","22.102,75","567,20K","0,16%"
"14.02.2025","22.196,25","22.071,00","22.225,00","22.042,50","433,21K","0,38%"
"13.02.2025","22.113,25","21.861,25","22.124,00","21.753,00","536,74K","1,41%"
"12.02.2025","21.804,75","21.794,25","21.862,50","21.510,75","545,41K","0,08%"
"11.02.2025","21.786,75","21.832,00","21.871,50","21.669,50","423,20K","-0,27%"
"10.02.2025","21.846,50","21.463,25","21.894,00","21.418,00","391,63K","1,18%"
"07.02.2025","21.590,75","21.817,75","21.968,00","21.552,75","598,87K","-1,28%"
"06.02.2025","21.871,75","21.764,50","21.882,25","21.705,75","438,73K","0,50%"
"05.02.2025","21.763,00","21.562,00","21.795,00","21.429,75","497,66K","0,43%"
"04.02.2025","21.670,25","21.592,00","21.694,00","21.242,50","497,14K","1,24%"
"03.02.2025","21.405,00","21.200,00","21.579,75","20.943,00","728,14K","-0,85%"
"31.01.2025","21.589,25","21.680,00","21.966,00","21.533,75","655,81K","-0,16%"
"30.01.2025","21.624,75","21.547,75","21.748,75","21.419,50","618,07K","0,47%"
"29.01.2025","21.523,25","21.559,00","21.697,00","21.367,00","629,63K","-0,27%"
"28.01.2025","21.581,75","21.343,25","21.626,00","21.159,50","663,34K","1,52%"
"27.01.2025","21.258,50","21.771,00","21.771,00","20.763,75","1,06M","-2,98%"
"24.01.2025","21.911,25","22.018,50","22.078,25","21.844,00","522,90K","-0,58%"
"23.01.2025","22.038,25","21.981,75","22.050,50","21.855,50","476,29K","0,17%"
"22.01.2025","22.000,50","21.809,25","22.093,50","21.768,25","508,61K","1,34%"
"21.01.2025","21.709,50","21.600,00","21.783,50","21.377,75","662,32K","0,53%"
"17.01.2025","21.594,75","21.227,50","21.682,50","21.209,25","594,11K","1,62%"
"16.01.2025","21.249,75","21.389,00","21.567,25","21.172,25","598,63K","-0,70%"
"15.01.2025","21.400,25","20.977,00","21.452,75","20.909,00","551,81K","2,30%"
"14.01.2025","20.919,50","21.020,00","21.143,75","20.773,50","676,19K","-0,13%"
"13.01.2025","20.947,25","21.027,50","21.037,00","20.694,00","617,06K","-0,33%"
"10.01.2025","21.016,00","21.302,75","21.372,50","20.874,75","703,96K","-1,34%"
"09.01.2025","21.301,50","21.334,75","21.347,25","21.218,00","77,17K","-0,28%"
"08.01.2025","21.360,75","21.380,75","21.448,25","21.166,25","637,11K","0,00%"
"07.01.2025","21.359,75","21.781,25","21.806,00","21.279,50","645,14K","-1,77%"
"06.01.2025","21.744,50","21.532,25","21.896,75","21.478,25","574,30K","1,06%"
"03.01.2025","21.516,50","21.186,75","21.559,25","21.144,00","488,24K","1,65%"
"02.01.2025","21.167,50","21.269,00","21.490,50","20.983,75","664,74K","-0,28%"
"31.12.2024","21.226,50","21.390,25","21.524,75","21.182,00","477,28K","-0,89%"
"30.12.2024","21.416,25","21.711,00","21.742,75","21.253,00","530,98K","-1,30%"
"27.12.2024","21.698,50","21.990,75","22.008,00","21.498,75","572,60K","-1,41%"
"26.12.2024","22.008,00","22.049,50","22.111,25","21.870,25","407,12K","-0,09%"
"24.12.2024","22.028,50","21.743,25","22.049,75","21.709,00","261,20K","1,27%"
"23.12.2024","21.753,25","21.566,00","21.776,75","21.476,75","508,60K","0,87%"
"20.12.2024","21.566,50","21.429,25","21.812,25","21.006,50","864,71K","0,88%"
"19.12.2024","21.379,00","21.499,75","21.697,75","21.345,75","743,11K","-0,57%"
"18.12.2024","21.501,75","22.309,25","22.387,75","21.311,00","733,61K","-3,64%"
"17.12.2024","22.314,50","22.412,25","22.425,75","22.244,25","568,54K","-0,42%"
"16.12.2024","22.408,00","22.062,00","22.450,00","22.050,50","435,38K","1,48%"
"13.12.2024","22.082,00","21.967,25","22.184,00","21.942,50","118,26K","0,75%"
"12.12.2024","21.918,50","22.027,00","22.042,50","21.871,75","20,18K","-0,65%"
"11.12.2024","22.062,50","21.699,00","22.087,00","21.674,00","10,50K","1,81%"
"10.12.2024","21.670,00","21.737,00","21.873,25","21.619,25","4,80K","-0,37%"
"09.12.2024","21.750,75","21.911,00","21.975,00","21.707,50","7,18K","0,43%"
"06.12.2024","21.656,75","21.450,00","21.669,25","21.424,75","459,88K","0,85%"
"05.12.2024","21.473,25","21.513,25","21.567,25","21.437,50","421,04K","-0,29%"
"04.12.2024","21.536,50","21.323,00","21.548,50","21.305,75","461,92K","1,20%"
"03.12.2024","21.281,50","21.220,00","21.329,00","21.134,25","444,14K","0,30%"
"02.12.2024","21.218,00","20.995,25","21.259,75","20.940,00","475,46K","1,07%"
"29.11.2024","20.993,50","20.813,00","21.017,50","20.805,50","339,96K","0,87%"
"27.11.2024","20.813,00","20.990,75","21.019,00","20.675,00","520,03K","-0,86%"
"26.11.2024","20.993,50","20.906,25","21.024,75","20.755,00","505,25K","0,54%"
"25.11.2024","20.880,25","20.935,00","21.081,00","20.780,25","544,57K","0,15%"
"22.11.2024","20.849,75","20.794,00","20.880,00","20.693,25","541,55K","0,10%"
"21.11.2024","20.829,50","20.738,00","20.905,75","20.514,25","698,34K","0,39%"
"20.11.2024","20.749,00","20.762,25","20.843,25","20.477,00","619,49K","-0,09%"
"19.11.2024","20.767,75","20.633,25","20.792,50","20.382,50","553,62K","0,65%"
"18.11.2024","20.633,50","20.504,00","20.724,25","20.476,00","525,47K","0,68%"
"15.11.2024","20.493,75","20.977,50","20.981,50","20.405,25","691,85K","-2,47%"
"14.11.2024","21.011,75","21.167,00","21.190,25","20.950,50","561,95K","-0,70%"
"13.11.2024","21.159,50","21.178,00","21.268,50","21.056,50","533,74K","-0,14%"
"12.11.2024","21.189,50","21.221,00","21.251,75","21.054,75","511,37K","-0,13%"
"11.11.2024","21.217,75","21.249,75","21.340,75","21.098,25","456,01K","-0,06%"
"08.11.2024","21.231,25","21.224,25","21.265,00","21.121,75","401,94K","0,03%"
"07.11.2024","21.224,75","20.923,50","21.253,00","20.861,50","462,81K","1,58%"
"06.11.2024","20.894,00","20.360,50","20.935,25","20.323,50","632,41K","2,71%"
"05.11.2024","20.341,75","20.130,75","20.385,50","20.041,75","450,12K","1,27%"
"04.11.2024","20.086,00","20.138,00","20.248,50","20.013,00","520,52K","-0,33%"
"01.11.2024","20.153,25","20.071,00","20.288,00","20.017,00","554,03K","0,66%"
"31.10.2024","20.021,75","20.482,00","20.495,75","20.008,50","686,68K","-2,50%"
"30.10.2024","20.534,75","20.734,00","20.788,50","20.472,50","519,41K","-0,78%"
"29.10.2024","20.696,50","20.513,00","20.760,25","20.432,25","498,02K","0,97%"
"28.10.2024","20.497,00","20.525,50","20.676,50","20.486,00","430,12K","-0,01%"
"25.10.2024","20.498,75","20.388,50","20.707,25","20.364,00","585,93K","0,58%"
"24.10.2024","20.380,25","20.294,25","20.428,50","20.261,75","462,55K","0,79%"
"23.10.2024","20.220,50","20.521,00","20.542,50","20.079,00","619,16K","-1,57%"
"22.10.2024","20.542,00","20.536,50","20.602,25","20.360,25","476,32K","0,11%"
"21.10.2024","20.519,50","20.496,25","20.554,50","20.343,75","456,08K","0,18%"
"18.10.2024","20.483,50","20.384,00","20.529,75","20.320,75","385,57K","0,57%"
"17.10.2024","20.368,00","20.328,00","20.594,75","20.276,75","535,49K","0,09%"
"16.10.2024","20.349,50","20.334,50","20.398,50","20.206,25","417,57K","0,04%"
"15.10.2024","20.342,00","20.638,75","20.659,25","20.254,00","522,39K","-1,34%"
"14.10.2024","20.619,25","20.432,50","20.680,00","20.383,25","395,76K","0,83%"
"11.10.2024","20.450,00","20.435,00","20.494,25","20.314,75","385,31K","0,10%"
"10.10.2024","20.429,75","20.445,25","20.508,25","20.301,50","450,57K","-0,16%"
"09.10.2024","20.463,50","20.294,25","20.482,75","20.196,00","421,25K","0,81%"
"08.10.2024","20.298,50","20.025,75","20.329,50","19.902,50","444,75K","1,53%"
"07.10.2024","19.992,75","20.220,00","20.267,25","19.948,00","450,37K","-1,16%"
"04.10.2024","20.227,25","19.965,50","20.263,75","19.941,50","560,07K","1,19%"
"03.10.2024","19.990,25","20.055,50","20.113,75","19.852,00","526,77K","-0,10%"
"02.10.2024","20.009,75","19.975,25","20.090,25","19.833,50","475,60K","0,17%"
"01.10.2024","19.975,00","20.234,25","20.331,75","19.818,00","662,78K","-1,41%"
"30.09.2024","20.261,25","20.198,50","20.287,00","20.056,00","510,43K","0,20%"
"27.09.2024","20.221,50","20.345,00","20.395,75","20.173,00","435,63K","-0,61%"
"26.09.2024","20.346,25","20.242,00","20.538,00","20.188,00","509,76K","0,76%"
"25.09.2024","20.192,00","20.183,75","20.271,00","20.064,25","405,05K","0,12%"
"24.09.2024","20.167,75","20.063,25","20.214,75","19.953,00","457,13K","0,44%"
"23.09.2024","20.080,00","20.040,00","20.164,00","19.955,25","394,95K","0,26%"
"20.09.2024","20.028,25","20.066,00","20.084,00","19.860,00","479,65K","-0,30%"
"19.09.2024","20.088,00","19.648,75","20.203,00","19.636,75","615,56K","2,59%"
"18.09.2024","19.580,50","19.686,75","19.900,00","19.558,00","559,59K","-0,48%"
"17.09.2024","19.675,75","19.655,00","19.850,25","19.574,50","509,25K","0,05%"
"16.09.2024","19.665,25","19.733,00","19.784,00","19.529,00","376,50K","-0,51%"
"13.09.2024","19.767,00","19.675,50","19.813,50","19.634,75","130,64K","0,43%"
"12.09.2024","19.681,75","19.471,50","19.716,75","19.418,25","29,76K","0,92%"
"11.09.2024","19.501,75","19.064,75","19.523,50","18.773,50","21,66K","2,16%"
"10.09.2024","19.088,75","18.958,50","19.101,75","18.807,00","8,59K","0,92%"
"09.09.2024","18.915,00","18.589,50","18.955,00","18.589,50","9,06K","1,26%"
"06.09.2024","18.678,75","19.157,00","19.198,00","18.564,00","10,48K","-2,67%"
"05.09.2024","19.190,75","19.188,25","19.376,25","19.055,50","5,85K","0,01%"
"04.09.2024","19.189,50","19.219,75","19.340,75","19.055,25","6,39K","-0,23%"
"03.09.2024","19.234,50","19.850,75","19.919,25","19.143,75","4,19K","-3,14%"
"30.08.2024","19.859,00","19.694,00","19.863,75","19.606,50","1,70K","1,19%"
"29.08.2024","19.625,50","19.450,00","19.926,00","19.370,00","3,88K","-0,11%"
"28.08.2024","19.647,50","19.873,25","19.923,25","19.462,50","2,94K","-1,21%"
"27.08.2024","19.888,50","19.802,25","19.924,75","19.677,50","1,04K","0,32%"
"26.08.2024","19.824,25","20.023,00","20.078,75","19.740,00","1,25K","-1,01%"
"23.08.2024","20.025,75","19.858,50","20.135,50","19.828,00","2,17K","1,08%"
"22.08.2024","19.811,75","20.165,75","20.251,25","19.790,00","1,45K","-1,66%"
"21.08.2024","20.145,25","20.046,00","20.217,00","20.015,00","1,22K","0,49%"
"20.08.2024","20.046,50","20.107,00","20.166,25","19.980,00","0,83K","-0,24%"
"19.08.2024","20.094,50","19.896,00","20.108,25","19.766,00","0,92K","1,28%"
"16.08.2024","19.839,75","19.806,00","19.915,00","19.680,00","1,07K","0,13%"
"15.08.2024","19.814,00","19.348,00","19.832,00","19.323,50","1,73K","2,46%"
"14.08.2024","19.338,00","19.340,00","19.425,00","19.152,25","1,55K","0,06%"
"13.08.2024","19.326,25","18.858,50","19.343,50","18.851,75","1,30K","2,49%"
"12.08.2024","18.856,50","18.849,00","18.978,50","18.740,00","1,20K","0,12%"
"09.08.2024","18.833,75","18.785,00","18.880,00","18.606,00","1,24K","0,50%"
"08.08.2024","18.740,25","18.122,00","18.800,25","17.953,75","2,95K","3,11%"
"07.08.2024","18.174,50","18.272,50","18.770,00","18.049,50","2,35K","-1,18%"
"06.08.2024","18.391,00","18.397,00","18.694,50","18.175,00","2,13K","0,97%"
"05.08.2024","18.213,50","18.610,75","18.610,75","17.553,75","4,78K","-1,62%"
"03.08.2024","18.513,25","18.513,25","18.513,25","18.513,25","","-1,37%"
"02.08.2024","18.770,50","19.196,50","19.196,50","18.621,25","3,27K","-2,52%"
"01.08.2024","19.255,50","19.828,00","19.947,50","19.089,50","3,33K","-2,49%"
"31.07.2024","19.747,25","19.110,00","19.880,50","19.110,00","2,20K","2,99%"
"30.07.2024","19.173,50","19.473,50","19.560,00","18.971,00","3,35K","-1,43%"
"29.07.2024","19.450,75","19.467,25","19.620,00","19.357,50","1,39K","1,43%"
"27.07.2024","19.175,75","19.175,75","19.175,75","19.175,75","","-1,23%"
"26.07.2024","19.415,50","19.262,25","19.540,00","19.241,75","2,00K","0,95%"
"25.07.2024","19.233,25","19.512,25","19.626,25","19.118,75","4,18K","-1,08%"
"24.07.2024","19.443,25","20.130,00","20.130,00","19.420,50","3,12K","-3,63%"
"23.07.2024","20.175,25","20.228,00","20.334,25","20.123,00","0,78K","-0,37%"
"22.07.2024","20.250,75","19.990,50","20.290,00","19.972,75","1,19K","2,79%"
"20.07.2024","19.701,50","19.701,50","19.701,50","19.701,50","","-1,29%"
"19.07.2024","19.959,25","20.199,75","20.225,00","19.903,75","1,72K","-0,94%"
"18.07.2024","20.148,50","20.285,75","20.410,00","20.013,75","1,60K","-0,49%"
"17.07.2024","20.248,25","20.845,00","20.845,00","20.218,00","1,89K","-2,89%"
"16.07.2024","20.851,75","20.887,00","20.936,75","20.725,75","1,11K","0,07%"
"15.07.2024","20.836,25","20.822,25","21.049,00","20.769,75","1,02K","1,44%"
"13.07.2024","20.539,75","20.539,75","20.539,75","20.539,75","","-1,15%"
"12.07.2024","20.777,75","20.682,00","20.996,75","20.600,00","1,39K","0,40%"
"11.07.2024","20.695,25","21.150,00","21.237,75","20.634,50","1,80K","-2,19%"
"10.07.2024","21.159,50","20.946,00","21.168,75","20.945,75","1,06K","1,07%"
"09.07.2024","20.935,75","20.942,00","21.028,75","20.875,75","0,85K","0,10%"
"08.07.2024","20.915,50","20.857,75","20.940,00","20.838,75","0,67K","0,19%"
"05.07.2024","20.875,75","20.670,75","20.893,75","20.624,00","0,82K","2,38%"
"04.07.2024","20.390,50","20.404,00","20.415,75","20.368,00","56,69K","-1,33%"
"03.07.2024","20.665,50","20.490,50","20.686,50","20.460,00","0,48K","0,76%"
"02.07.2024","20.509,25","20.302,50","20.512,00","20.169,50","1,18K","1,01%"
"01.07.2024","20.304,25","20.215,00","20.325,00","20.075,00","1,00K","1,69%"
"29.06.2024","19.966,50","19.966,50","19.966,50","19.966,50","","-1,06%"
"28.06.2024","20.179,50","20.339,50","20.521,50","20.170,00","1,41K","-0,55%"
"27.06.2024","20.291,50","20.201,50","20.368,00","20.136,25","0,80K","0,13%"
"26.06.2024","20.265,00","20.220,00","20.320,00","20.161,25","0,82K","0,20%"
"25.06.2024","20.224,25","20.018,00","20.229,75","19.977,50","0,87K","1,11%"
"24.06.2024","20.003,00","20.264,00","20.283,50","19.978,00","1,24K","-0,03%"
"22.06.2024","20.009,75","20.009,75","20.009,75","20.009,75","","-1,12%"
"21.06.2024","20.235,75","20.311,50","20.333,50","20.170,00","0,59K","-0,25%"
"20.06.2024","20.286,00","20.456,50","20.601,00","20.218,25","0,73K","0,25%"
"19.06.2024","20.235,75","20.223,00","20.251,75","20.209,00","76,18K","-1,00%"
"18.06.2024","20.440,25","20.452,50","20.489,75","20.376,00","0,18K","-0,01%"
"17.06.2024","20.441,50","20.210,00","20.512,00","20.171,25","0,15K","1,25%"
"14.06.2024","20.189,25","20.118,00","20.196,00","20.007,00","0,17K","0,38%"
"13.06.2024","20.112,00","20.115,00","20.183,25","20.011,00","0,27K","0,57%"
"12.06.2024","19.998,50","19.735,00","20.105,00","19.735,00","0,18K","1,36%"
"11.06.2024","19.729,50","19.577,25","19.732,25","19.501,00","0,06K","0,70%"
"10.06.2024","19.592,75","19.546,50","19.610,25","19.465,50","0,05K","0,39%"
"07.06.2024","19.517,50","19.566,50","19.626,25","19.422,25","0,13K","-0,11%"
"06.06.2024","19.539,50","19.575,00","19.595,75","19.538,25","0,04K","-0,07%"
"05.06.2024","19.552,50","19.217,25","19.581,75","19.197,25","0,27K","1,96%"
"04.06.2024","19.176,25","19.041,00","19.218,75","19.012,50","0,03K","0,29%"
"03.06.2024","19.121,50","19.079,00","19.220,75","18.949,50","0,15K","0,28%"
"31.05.2024","19.067,50","19.056,75","19.140,50","18.747,25","0,14K","-0,08%"
"30.05.2024","19.083,50","19.200,00","19.243,25","19.120,00","0,06K","-1,03%"
"29.05.2024","19.282,00","19.380,00","19.402,75","19.238,00","0,05K","-0,71%"
"28.05.2024","19.420,75","19.354,75","19.450,75","19.349,25","0,07K","2,72%"
"27.05.2024","18.907,00","18.837,25","18.955,75","18.834,25","82,23K","0,38%"
"26.05.2024","18.836,25","18.874,75","18.886,50","18.836,25","6,25K","-2,68%"
"24.05.2024","19.355,75","19.167,50","19.400,25","19.167,50","0,01K","0,94%"
"23.05.2024","19.175,25","19.440,75","19.500,00","19.108,00","0,04K","-0,38%"
"22.05.2024","19.248,75","19.293,00","19.311,75","19.185,50","0,06K","-0,04%"
"21.05.2024","19.257,25","19.214,25","19.241,00","19.200,00","0,01K","0,20%"
"20.05.2024","19.219,75","19.134,00","19.209,00","19.108,50","0,00K","3,14%"
"18.05.2024","18.633,75","18.633,75","18.633,75","18.633,75","","-2,40%"
"17.05.2024","19.091,75","19.104,75","19.118,25","19.090,25","0,01K","-0,06%"
"16.05.2024","19.103,50","19.180,75","19.198,00","19.105,00","0,01K","-0,20%"
"15.05.2024","19.141,75","18.864,75","19.152,50","18.851,75","0,05K","1,49%"
"14.05.2024","18.860,50","18.705,25","18.850,00","18.705,25","0,02K","0,64%"
"13.05.2024","18.740,25","18.735,00","18.761,25","18.712,75","0,02K","2,75%"
"11.05.2024","18.239,25","18.239,25","18.239,25","18.239,25","","-2,46%"
"10.05.2024","18.699,00","18.725,00","18.765,00","18.640,00","0,05K","0,27%"
"09.05.2024","18.648,25","18.606,50","18.620,00","18.587,25","0,01K","0,15%"
"08.05.2024","18.620,25","18.647,50","18.676,50","18.518,25","0,09K","-0,08%"
"07.05.2024","18.634,75","18.610,50","18.694,75","18.610,50","0,02K","0,02%"
"06.05.2024","18.630,50","18.434,50","18.630,50","18.430,50","0,04K","3,36%"
"04.05.2024","18.025,50","18.025,50","18.025,50","18.025,50","","-2,22%"
"03.05.2024","18.434,50","18.209,50","18.469,00","18.209,50","0,14K","1,96%"
"02.05.2024","18.079,50","17.950,50","18.064,00","17.829,00","0,01K","1,18%"
"01.05.2024","17.868,50","17.930,50","18.048,25","17.849,25","0,01K","-0,75%"
"30.04.2024","18.003,50","18.306,00","18.320,50","17.981,50","0,04K","-1,81%"
"29.04.2024","18.335,25","18.286,00","18.340,00","18.240,00","0,02K","2,79%"
"27.04.2024","17.836,75","17.836,75","17.836,75","17.836,75","","-2,42%"
"26.04.2024","18.279,00","18.200,00","18.329,25","18.164,75","0,01K","1,55%"
"25.04.2024","18.000,75","17.888,00","18.011,25","17.755,00","0,04K","-0,54%"
"24.04.2024","18.097,75","18.100,00","18.200,00","17.917,00","0,04K","0,33%"
"23.04.2024","18.038,50","17.809,00","18.085,75","17.809,00","0,01K","1,43%"
"22.04.2024","17.784,00","17.676,00","17.850,00","17.636,00","0,02K","3,52%"
"20.04.2024","17.179,25","17.179,25","17.179,25","17.179,25","","-2,47%"
"19.04.2024","17.614,00","17.948,00","17.955,00","17.565,00","0,11K","-2,08%"
"18.04.2024","17.988,00","18.125,00","18.201,25","17.975,50","0,03K","-0,63%"
"17.04.2024","18.101,75","18.360,75","18.403,00","18.103,00","0,02K","-1,22%"
"16.04.2024","18.325,00","18.328,50","18.374,75","18.244,00","0,02K","0,02%"
"15.04.2024","18.321,50","18.640,25","18.774,25","18.330,25","0,06K","0,82%"
"13.04.2024","18.172,50","18.172,50","18.172,50","18.172,50","","-2,42%"
"12.04.2024","18.622,50","18.850,00","18.850,00","18.584,00","0,02K","-1,61%"
"11.04.2024","18.926,75","18.604,50","18.943,00","18.589,00","0,04K","1,56%"
"10.04.2024","18.636,75","18.806,50","18.806,50","18.500,00","0,08K","-0,84%"
"09.04.2024","18.795,00","18.785,00","18.823,00","18.650,75","0,03K","0,34%"
"08.04.2024","18.730,75","18.783,25","18.797,50","18.685,75","0,03K","-0,03%"
"05.04.2024","18.735,75","18.571,50","18.805,00","18.534,25","0,04K","1,21%"
"04.04.2024","18.511,75","18.995,50","18.995,50","18.550,75","0,03K","-1,59%"
"03.04.2024","18.810,25","18.740,00","18.879,00","18.727,00","0,01K","0,23%"
"02.04.2024","18.766,75","18.850,00","18.850,00","18.648,25","0,01K","-0,90%"
"01.04.2024","18.937,00","19.035,00","19.035,00","18.957,75","0,05K","0,11%"
"28.03.2024","18.916,00","18.928,50","18.930,50","18.892,75","0,01K","-0,12%"
"27.03.2024","18.938,00","18.880,00","18.880,00","18.880,00","0,00K","0,29%"
"26.03.2024","18.883,00","18.998,75","19.030,00","18.970,00","0,01K","-0,34%"
"25.03.2024","18.947,50","18.567,00","18.601,25","18.414,75","456,25K","-0,26%"
"22.03.2024","18.996,25","18.580,50","18.626,00","18.492,00","511,96K","0,06%"
"21.03.2024","18.984,25","19.080,00","19.125,00","19.072,00","0,02K","0,45%"
"20.03.2024","18.898,50","18.764,50","18.900,00","18.764,50","0,01K","1,12%"
"19.03.2024","18.689,50","18.585,00","18.593,25","18.540,75","0,01K","0,21%"
"18.03.2024","18.651,00","18.500,00","18.700,00","18.500,00","0,01K","0,89%"
"15.03.2024","18.486,25","18.453,00","18.453,00","18.450,00","0,00K","-1,14%"
"14.03.2024","18.699,00","18.342,00","18.428,25","18.161,25","818,47K","-0,30%"
"13.03.2024","18.755,50","18.818,00","18.818,00","18.818,00","0,00K","-0,80%"
"12.03.2024","18.906,00","18.253,00","18.491,00","18.174,00","763,54K","1,41%"
"11.03.2024","18.643,00","18.301,50","18.309,75","18.138,00","723,53K","3,25%"
"09.03.2024","18.056,00","18.056,00","18.056,00","18.056,00","","-3,58%"
"08.03.2024","18.726,00","18.526,00","18.691,25","18.260,75","163,90K","-1,42%"
"07.03.2024","18.996,00","18.857,00","18.890,00","18.857,00","0,00K","1,50%"
"06.03.2024","18.715,00","18.220,00","18.418,00","18.185,00","11,28K","0,62%"
"05.03.2024","18.600,00","18.491,00","18.500,50","18.075,00","9,98K","-1,78%"
"04.03.2024","18.937,00","18.336,00","18.377,75","18.234,25","569,34K","-0,38%"
"01.03.2024","19.010,00","18.075,00","18.372,75","18.029,50","639,15K","1,39%"
"29.02.2024","18.750,00","17.870,00","18.109,50","17.826,00","680,15K","0,92%"
"28.02.2024","18.579,00","18.017,50","18.019,75","17.846,25","553,73K","-0,57%"
"27.02.2024","18.685,00","17.951,00","18.040,25","17.908,75","567,82K","0,24%"
"26.02.2024","18.640,00","17.961,50","18.059,50","17.922,00","526,17K","3,78%"
"24.02.2024","17.960,75","17.960,75","17.960,75","17.960,75","","-3,71%"
"23.02.2024","18.653,00","18.023,25","18.144,75","17.946,00","659,73K","-0,30%"
"22.02.2024","18.709,00","18.705,50","18.705,50","18.705,50","0,00K","2,96%"
"21.02.2024","18.172,00","17.573,00","17.723,00","17.372,75","731,45K","-0,38%"
"20.02.2024","18.242,00","17.729,25","17.807,50","17.452,50","889,29K","2,78%"
"19.02.2024","17.748,25","17.778,50","17.806,50","17.739,50","103,12K","-0,16%"
"18.02.2024","17.777,00","17.721,50","17.792,50","17.721,50","6,49K","0,31%"
"17.02.2024","17.721,50","17.721,50","17.721,50","17.721,50","","-3,59%"
"16.02.2024","18.382,00","17.952,00","18.026,00","17.715,00","744,63K","-0,89%"
"15.02.2024","18.548,00","17.870,00","17.968,25","17.780,50","657,77K","0,19%"
"14.02.2024","18.512,00","17.703,00","17.887,00","17.669,25","688,09K","1,13%"
"13.02.2024","18.305,00","17.928,50","17.963,25","17.542,00","858,23K","-1,55%"
"12.02.2024","18.594,00","18.040,00","18.121,50","17.911,25","538,13K","-0,40%"
"09.02.2024","18.668,00","18.705,25","18.705,50","18.705,25","0,00K","0,94%"
"08.02.2024","18.493,25","17.856,25","17.896,50","17.792,25","471,37K","0,34%"
"07.02.2024","18.431,00","17.645,75","17.875,50","17.629,75","613,34K","1,00%"
"06.02.2024","18.249,00","17.698,50","17.769,00","17.560,75","623,17K","-0,22%"
"05.02.2024","18.290,00","17.696,00","17.745,50","17.554,25","621,65K","3,41%"
"03.02.2024","17.687,00","17.687,00","17.687,00","17.687,00","","-3,47%"
"02.02.2024","18.322,50","17.588,00","17.775,50","17.465,50","761,17K","1,67%"
"01.02.2024","18.021,25","17.273,25","17.646,75","17.262,75","705,24K","1,08%"
"31.01.2024","17.829,50","18.000,00","18.000,00","18.000,00","0,00K","-1,92%"
"30.01.2024","18.178,00","17.711,75","17.735,75","17.467,00","554,15K","-0,63%"
"29.01.2024","18.294,00","17.502,00","17.716,25","17.457,50","568,74K","4,51%"
"27.01.2024","17.504,75","17.504,75","17.504,75","17.504,75","","-3,34%"
"26.01.2024","18.109,00","18.107,25","18.107,25","18.107,25","0,00K","-0,55%"
"25.01.2024","18.209,25","17.614,75","17.752,00","17.542,00","710,82K","0,07%"
"24.01.2024","18.195,75","18.304,50","18.304,50","18.304,50","0,00K","0,50%"
"23.01.2024","18.105,75","17.461,00","17.558,25","17.409,50","508,08K","0,42%"
"22.01.2024","18.030,75","17.466,00","17.585,00","17.434,00","637,25K","3,25%"
"20.01.2024","17.462,75","17.462,75","17.462,75","17.462,75","","-3,03%"
"19.01.2024","18.008,75","17.116,00","17.471,25","17.107,25","758,13K","2,02%"
"18.01.2024","17.653,00","17.671,00","17.671,00","17.671,00","0,00K","1,39%"
"17.01.2024","17.410,50","16.978,00","16.982,00","16.689,25","722,78K","-0,55%"
"16.01.2024","17.507,00","16.961,75","17.033,75","16.811,75","816,02K","3,37%"
"15.01.2024","16.936,25","16.946,75","17.022,75","16.933,50","108,24K","-0,05%"
"14.01.2024","16.945,25","16.955,25","16.964,00","16.939,00","3,74K","-0,06%"
"13.01.2024","16.955,25","16.955,25","16.955,25","16.955,25","","-3,16%"
"12.01.2024","17.509,00","16.957,75","17.042,50","16.866,50","593,45K","0,01%"
"11.01.2024","17.507,00","16.955,00","17.057,00","16.753,00","756,44K","0,12%"
"10.01.2024","17.486,00","17.407,75","17.407,75","17.407,75","0,01K","0,67%"
"09.01.2024","17.369,50","16.788,00","16.868,50","16.657,75","605,92K","0,15%"
"08.01.2024","17.343,00","17.271,00","17.271,00","17.271,00","0,00K","5,33%"
"06.01.2024","16.465,00","16.465,00","16.465,00","16.465,00","","-3,14%"
"05.01.2024","16.998,00","16.455,00","16.577,25","16.334,25","627,48K","0,02%"
"04.01.2024","16.994,50","16.545,25","16.587,25","16.436,00","559,46K","-0,54%"
"03.01.2024","17.087,50","16.736,75","16.737,25","16.522,00","677,22K","-1,06%"
"02.01.2024","17.271,00","17.019,00","17.038,50","16.622,50","652,71K","1,42%"
"01.01.2024","17.029,50","17.018,25","17.037,00","17.014,75","4,58K","0,15%"
"31.12.2023","17.003,75","17.003,75","17.003,75","17.003,75","","0,00%"
"30.12.2023","17.003,75","17.003,75","17.003,75","17.003,75","","-3,25%"
"29.12.2023","17.575,50","17.090,25","17.131,00","16.938,25","470,86K","-0,42%"
"28.12.2023","17.650,00","17.127,00","17.165,25","17.077,75","357,70K","-0,14%"
"27.12.2023","17.675,00","17.090,25","17.133,00","17.055,50","424,30K","0,17%"
"26.12.2023","17.645,50","16.964,50","17.111,25","16.964,50","292,09K","3,77%"
"25.12.2023","17.004,00","16.991,75","17.011,00","16.985,00","5,88K","0,24%"
"24.12.2023","16.962,50","16.962,50","16.962,50","16.962,50","","0,00%"
"23.12.2023","16.962,50","16.962,50","16.962,50","16.962,50","","-3,30%"
"22.12.2023","17.542,00","16.956,00","17.041,50","16.891,50","486,85K","0,13%"
"21.12.2023","17.520,00","16.790,25","16.970,25","16.790,25","639,82K","1,10%"
"20.12.2023","17.329,00","17.350,00","17.350,00","17.350,00","0,00K","-1,48%"
"19.12.2023","17.589,00","16.917,00","17.029,50","16.910,75","496,52K","0,47%"
"18.12.2023","17.507,00","16.820,25","16.974,00","16.802,25","463,44K","4,12%"
"16.12.2023","16.815,00","16.815,00","16.815,00","16.815,00","","-3,30%"
"15.12.2023","17.388,00","16.532,50","16.612,50","16.521,50","12,65K","0,39%"
"14.12.2023","17.319,75","16.561,50","16.674,50","16.418,75","131,88K","-0,15%"
"13.12.2023","17.345,50","16.383,00","16.593,00","16.365,50","155,14K","1,16%"
"12.12.2023","17.146,00","16.240,00","16.389,50","16.185,25","253,67K","0,80%"
"11.12.2023","17.010,00","16.093,00","16.248,00","16.045,50","394,18K","5,69%"
"09.12.2023","16.094,00","16.094,00","16.094,00","16.094,00","","-4,54%"
"08.12.2023","16.859,00","16.017,50","16.118,75","15.888,25","0,00K","0,38%"
"07.12.2023","16.796,00","15.814,50","16.066,00","15.791,00","632,33K","1,35%"
"06.12.2023","16.572,00","15.897,00","16.037,75","15.802,00","675,48K","-0,56%"
"05.12.2023","16.665,00","15.863,25","15.961,00","15.761,25","683,59K","0,24%"
"04.12.2023","16.625,00","16.022,00","16.026,00","15.721,25","721,02K","3,71%"
"02.12.2023","16.030,25","16.030,25","16.030,25","16.030,25","","-4,59%"
"01.12.2023","16.801,00","15.955,00","16.050,00","15.864,00","621,71K","0,23%"
"30.11.2023","16.763,00","16.040,25","16.098,50","15.856,00","694,12K","-0,24%"
"29.11.2023","16.803,00","16.055,50","16.208,50","16.013,50","634,33K","-0,15%"
"28.11.2023","16.828,00","16.005,25","16.071,50","15.945,25","598,22K","0,23%"
"27.11.2023","16.789,50","16.008,00","16.089,25","15.938,75","502,56K","-0,07%"
"24.11.2023","16.802,00","16.036,75","16.086,50","15.981,75","296,60K","4,59%"
"23.11.2023","16.065,00","16.045,75","16.086,25","16.038,50","71,68K","-4,55%"
"22.11.2023","16.831,00","15.967,25","16.173,50","15.942,75","624,55K","0,37%"
"21.11.2023","16.769,50","16.087,50","16.122,50","15.912,00","575,45K","-0,59%"
"20.11.2023","16.868,50","15.895,00","16.116,75","15.837,25","559,49K","6,26%"
"18.11.2023","15.874,25","15.874,25","15.874,25","15.874,25","","-4,68%"
"17.11.2023","16.654,00","15.897,75","15.940,00","15.825,00","562,42K","0,16%"
"16.11.2023","16.627,50","15.846,75","15.906,75","15.796,75","634,46K","0,04%"
"15.11.2023","16.620,50","15.895,00","16.049,50","15.832,25","685,07K","0,09%"
"14.11.2023","16.605,50","15.558,00","15.918,75","15.552,00","656,10K","2,09%"
"13.11.2023","16.266,25","15.586,25","15.601,25","15.465,25","532,94K","-0,30%"
"10.11.2023","16.315,25","15.254,75","15.612,75","15.207,25","679,63K","2,13%"
"09.11.2023","15.974,25","15.356,25","15.453,75","15.236,75","710,43K","-0,81%"
"08.11.2023","16.105,50","15.373,00","15.417,50","15.286,75","547,84K","0,07%"
"07.11.2023","16.093,50","15.215,00","15.412,25","15.176,00","585,12K","0,89%"
"06.11.2023","15.951,50","15.187,00","15.257,50","15.138,00","496,13K","0,34%"
"03.11.2023","15.898,00","14.928,00","15.228,50","14.925,50","633,84K","1,15%"
"02.11.2023","15.716,75","14.761,25","15.017,25","14.760,00","652,48K","1,70%"
"01.11.2023","15.454,75","14.460,00","14.762,00","14.410,75","741,82K","1,68%"
"31.10.2023","15.199,75","14.410,50","14.503,75","14.311,25","712,61K","0,48%"
"30.10.2023","15.126,75","14.336,00","14.476,50","14.303,00","704,86K","1,01%"
"27.10.2023","14.975,75","14.248,25","14.407,75","14.209,75","782,10K","0,44%"
"26.10.2023","14.910,00","14.425,00","14.459,00","14.140,25","0,00K","-1,90%"
"25.10.2023","15.198,25","14.828,00","14.855,00","14.444,00","820,68K","-2,40%"
"24.10.2023","15.572,25","14.744,00","14.948,75","14.706,00","703,06K","0,87%"
"23.10.2023","15.438,25","14.680,00","14.853,75","14.514,25","765,73K","0,28%"
"20.10.2023","15.395,75","14.850,00","14.887,50","14.645,00","846,68K","-1,47%"
"19.10.2023","15.625,75","15.045,00","15.138,25","14.839,50","1,02M","-0,86%"
"18.10.2023","15.761,75","15.236,50","15.238,25","14.979,25","853,60K","-1,37%"
"17.10.2023","15.980,00","15.305,75","15.309,25","15.050,25","781,60K","-0,30%"
"16.10.2023","16.028,00","15.120,00","15.336,75","15.083,00","641,29K","1,07%"
"13.10.2023","15.858,00","15.324,00","15.366,75","15.062,25","777,01K","-1,24%"
"12.10.2023","16.057,00","15.407,50","15.468,75","15.216,25","747,49K","-0,39%"
"11.10.2023","16.120,50","15.282,25","15.416,75","15.253,00","614,97K","0,68%"
"10.10.2023","16.011,00","15.196,50","15.383,50","15.171,75","648,61K","0,53%"
"09.10.2023","15.926,00","15.040,25","15.212,75","14.949,50","617,07K","0,47%"
"06.10.2023","15.851,00","14.853,75","15.160,25","14.660,00","840,60K","1,73%"
"05.10.2023","15.581,00","14.903,00","14.958,75","14.716,25","676,46K","-0,40%"
"04.10.2023","15.644,00","14.713,75","14.956,00","14.589,00","803,26K","1,36%"
"03.10.2023","15.434,00","14.989,50","15.031,00","14.651,50","762,96K","-1,73%"
"02.10.2023","15.706,00","14.965,00","15.046,00","14.826,00","762,90K","0,76%"
"29.09.2023","15.587,00","14.876,50","15.060,75","14.811,00","745,54K","0,04%"
"28.09.2023","15.581,00","14.772,50","14.947,50","14.658,00","734,47K","0,78%"
"27.09.2023","15.460,00","14.725,25","14.821,50","14.586,00","716,20K","0,16%"
"26.09.2023","15.436,00","14.949,00","14.949,00","14.666,25","667,62K","-1,41%"
"25.09.2023","15.657,00","14.880,25","14.955,75","14.782,25","568,86K","0,42%"
"22.09.2023","15.591,00","14.854,50","15.027,50","14.836,25","624,06K","0,03%"
"21.09.2023","15.586,00","15.133,25","15.149,00","14.841,00","702,74K","-1,78%"
"20.09.2023","15.868,00","15.375,25","15.436,25","15.127,00","605,26K","-1,39%"
"19.09.2023","16.092,00","15.424,25","15.442,25","15.248,50","552,07K","-0,24%"
"18.09.2023","16.131,00","15.382,25","15.461,00","15.330,50","509,75K","0,12%"
"15.09.2023","16.111,00","15.480,25","15.524,00","15.401,25","9,27K","-1,72%"
"14.09.2023","16.393,00","15.372,75","15.517,75","15.337,25","110,44K","0,74%"
"13.09.2023","16.273,00","15.308,50","15.424,25","15.212,75","190,17K","0,31%"
"12.09.2023","16.223,00","15.466,50","15.480,75","15.288,75","253,05K","-1,04%"
"11.09.2023","16.393,00","15.308,00","15.497,50","15.298,00","411,39K","7,05%"
"09.09.2023","15.313,00","15.313,00","15.313,00","15.313,00","","-5,55%"
"08.09.2023","16.213,00","15.286,25","15.390,75","15.223,00","598,48K","0,10%"
"07.09.2023","16.197,00","15.385,00","15.395,75","15.157,50","644,89K","-0,72%"
"06.09.2023","16.315,00","15.511,25","15.533,00","15.310,50","596,50K","-0,83%"
"05.09.2023","16.451,00","15.517,00","15.586,75","15.418,25","604,89K","5,95%"
"04.09.2023","15.526,75","15.517,25","15.578,25","15.511,25","80,73K","0,07%"
"03.09.2023","15.516,50","15.516,25","15.525,50","15.501,00","3,90K","-5,57%"
"01.09.2023","16.431,00","15.534,00","15.661,25","15.454,00","572,69K","-0,14%"
"31.08.2023","16.454,00","15.513,75","15.606,75","15.460,00","584,74K","0,24%"
"30.08.2023","16.415,00","15.427,50","15.522,75","15.361,50","590,19K","0,53%"
"29.08.2023","16.329,00","15.098,75","15.430,50","15.049,75","616,22K","2,04%"
"28.08.2023","16.002,00","14.991,00","15.126,50","14.973,50","586,34K","0,72%"
"25.08.2023","15.888,00","14.833,00","15.048,75","14.751,75","823,89K","0,75%"
"24.08.2023","15.770,00","15.333,00","15.418,00","14.817,00","847,31K","-2,08%"
"23.08.2023","16.105,00","14.959,75","15.356,75","14.957,25","606,17K","1,51%"
"22.08.2023","15.865,00","14.974,50","15.118,25","14.932,00","623,73K","-0,17%"
"21.08.2023","15.892,00","14.762,50","15.013,75","14.720,50","641,69K","1,57%"
"18.08.2023","15.647,00","14.748,00","14.802,75","14.609,25","731,24K","-0,24%"
"17.08.2023","15.685,00","14.940,25","15.018,25","14.738,25","681,40K","-1,04%"
"16.08.2023","15.850,00","15.110,75","15.166,00","14.921,50","641,61K","-1,03%"
"15.08.2023","16.015,00","15.279,00","15.335,00","15.074,75","593,60K","-1,02%"
"14.08.2023","16.180,00","15.104,00","15.282,00","15.020,75","554,63K","1,09%"
"11.08.2023","16.005,00","15.219,00","15.266,75","15.037,25","613,96K","-0,66%"
"10.08.2023","16.111,00","15.202,50","15.442,25","15.136,00","807,10K","0,14%"
"09.08.2023","16.089,00","15.351,75","15.432,50","15.146,50","652,73K","-1,08%"
"08.08.2023","16.265,00","15.495,00","15.497,75","15.218,00","638,81K","-0,82%"
"07.08.2023","16.399,00","15.370,50","15.495,50","15.334,25","578,30K","0,74%"
"04.08.2023","16.278,00","15.441,00","15.610,25","15.336,50","773,23K","-0,52%"
"03.08.2023","16.363,00","15.455,75","15.551,75","15.339,50","658,84K","-0,21%"
"02.08.2023","16.397,00","15.757,00","15.789,75","15.414,00","773,50K","-2,06%"
"01.08.2023","16.742,00","15.869,25","15.889,25","15.728,25","529,66K","-0,24%"
"31.07.2023","16.782,00","15.850,00","15.917,00","15.791,25","523,90K","0,14%"
"28.07.2023","16.759,00","15.580,00","15.896,00","15.546,25","689,39K","1,69%"
"27.07.2023","16.481,00","15.638,75","15.904,00","15.511,25","846,44K","-0,24%"
"26.07.2023","16.521,00","15.730,25","15.739,25","15.515,00","683,83K","-0,32%"
"25.07.2023","16.574,00","15.570,00","15.736,25","15.549,25","554,88K","0,69%"
"24.07.2023","16.461,00","15.556,00","15.618,75","15.483,75","561,88K","5,82%"
"22.07.2023","15.555,00","15.555,00","15.555,00","15.555,00","","-5,38%"
"21.07.2023","16.439,00","15.590,75","15.719,25","15.522,25","704,41K","-0,32%"
"20.07.2023","16.492,00","15.922,75","15.925,75","15.547,00","810,48K","-2,19%"
"19.07.2023","16.862,00","15.949,25","16.062,75","15.911,25","682,28K","-0,09%"
"18.07.2023","16.878,00","15.832,00","16.029,75","15.733,00","633,27K","0,81%"
"17.07.2023","16.743,00","15.690,00","15.882,75","15.661,50","522,13K","0,88%"
"14.07.2023","16.596,75","15.699,00","15.857,25","15.663,00","629,94K","-0,07%"
"13.07.2023","16.608,75","15.457,75","15.741,25","15.456,50","563,94K","1,45%"
"12.07.2023","16.372,00","15.258,00","15.507,75","15.254,50","649,43K","1,11%"
"11.07.2023","16.192,00","15.195,75","15.278,75","15.109,50","552,64K","0,43%"
"10.07.2023","16.122,00","15.198,50","15.218,25","15.063,25","609,95K","-0,09%"
"07.07.2023","16.136,00","15.211,75","15.359,75","15.172,25","555,12K","-0,35%"
"06.07.2023","16.193,00","15.353,75","15.366,00","15.111,50","574,68K","-0,75%"
"05.07.2023","16.316,00","15.357,00","15.432,00","15.255,25","519,86K","6,36%"
"04.07.2023","15.340,75","15.336,50","15.368,25","15.334,50","47,24K","-6,00%"
"03.07.2023","16.320,00","15.331,00","15.392,00","15.308,00","265,06K","0,29%"
"30.06.2023","16.272,00","15.106,00","15.376,75","15.099,00","529,46K","1,65%"
"29.06.2023","16.008,50","15.161,00","15.202,75","15.028,50","594,13K","-0,02%"
"28.06.2023","16.011,00","15.088,25","15.219,00","15.021,25","662,15K","0,05%"
"27.06.2023","16.003,00","14.875,00","15.139,25","14.862,25","569,20K","1,75%"
"26.06.2023","15.728,00","15.057,75","15.152,50","14.853,50","649,99K","-1,28%"
"23.06.2023","15.932,00","15.236,00","15.236,00","14.985,25","620,59K","-0,97%"
"22.06.2023","16.088,00","15.038,75","15.238,00","14.964,00","611,02K","1,07%"
"21.06.2023","15.917,00","15.247,50","15.273,25","15.002,25","640,70K","-1,33%"
"20.06.2023","16.132,00","15.303,25","15.322,50","15.126,50","652,88K","5,79%"
"19.06.2023","15.249,00","15.302,25","15.305,50","15.230,50","89,63K","-0,35%"
"18.06.2023","15.302,75","15.303,00","15.321,00","15.300,75","5,53K","-4,92%"
"16.06.2023","16.094,00","15.181,25","15.324,00","15.130,50","10,20K","-0,64%"
"15.06.2023","16.198,00","15.038,00","15.252,00","14.878,00","139,78K","1,09%"
"14.06.2023","16.023,00","14.925,00","15.061,50","14.793,00","204,10K","0,92%"
"13.06.2023","15.877,00","14.824,00","14.967,75","14.779,50","347,12K","0,89%"
"12.06.2023","15.737,00","14.560,25","14.827,00","14.554,25","397,39K","1,61%"
"09.06.2023","15.487,00","14.517,00","14.687,50","14.460,25","581,39K","0,35%"
"08.06.2023","15.433,00","14.316,00","14.526,75","14.256,75","631,77K","1,13%"
"07.06.2023","15.261,00","14.594,50","14.675,00","14.305,50","770,56K","-1,67%"
"06.06.2023","15.520,00","14.582,00","14.623,75","14.504,50","572,81K","-0,02%"
"05.06.2023","15.523,00","14.577,00","14.694,75","14.512,75","619,09K","0,09%"
"02.06.2023","15.509,00","14.494,00","14.627,75","14.468,25","623,29K","0,94%"
"01.06.2023","15.364,00","14.289,50","14.528,25","14.248,25","622,33K","1,13%"
"31.05.2023","15.192,00","14.397,25","14.429,00","14.251,25","680,43K","-0,65%"
"30.05.2023","15.292,00","14.437,50","14.570,00","14.336,75","882,20K","6,30%"
"29.05.2023","14.386,25","14.416,50","14.445,25","14.367,50","99,66K","-0,22%"
"28.05.2023","14.418,00","14.439,25","14.439,25","14.402,00","12,70K","-5,31%"
"26.05.2023","15.226,00","13.977,75","14.369,00","13.924,50","729,05K","2,75%"
"25.05.2023","14.818,00","13.877,00","14.031,25","13.803,00","819,15K","2,53%"
"24.05.2023","14.452,00","13.729,00","13.845,75","13.566,50","704,80K","-0,54%"
"23.05.2023","14.530,00","13.913,25","13.979,25","13.710,00","658,68K","-1,18%"
"22.05.2023","14.704,00","13.805,50","13.946,75","13.794,25","538,20K","0,34%"
"19.05.2023","14.654,00","13.908,50","13.960,25","13.814,25","659,82K","0,03%"
"18.05.2023","14.650,00","13.640,50","13.913,00","13.628,25","749,50K","1,88%"
"17.05.2023","14.380,00","13.498,50","13.669,00","13.474,25","621,14K","1,13%"
"16.05.2023","14.220,00","13.461,00","13.554,50","13.426,25","561,83K","0,11%"
"15.05.2023","14.204,00","13.378,75","13.480,00","13.350,00","495,94K","0,57%"
"12.05.2023","14.124,00","13.446,00","13.494,25","13.310,50","628,04K","-0,31%"
"11.05.2023","14.168,00","13.410,00","13.470,25","13.361,50","653,40K","0,21%"
"10.05.2023","14.138,00","13.258,75","13.446,75","13.202,75","839,70K","1,07%"
"09.05.2023","13.988,00","13.338,50","13.347,00","13.250,50","552,25K","-0,63%"
"08.05.2023","14.076,00","13.316,00","13.368,00","13.254,50","506,05K","0,24%"
"05.05.2023","14.042,00","13.060,00","13.359,00","13.055,75","573,29K","2,02%"
"04.05.2023","13.764,00","13.064,00","13.173,00","13.001,75","656,44K","-0,51%"
"03.05.2023","13.834,00","13.162,00","13.314,00","13.080,00","648,75K","-0,60%"
"02.05.2023","13.918,00","13.290,00","13.334,75","13.110,25","664,86K","-0,91%"
"01.05.2023","14.046,00","13.317,00","13.370,25","13.258,75","487,91K","0,14%"
"28.04.2023","14.027,00","13.215,00","13.336,00","13.169,00","671,06K","0,64%"
"27.04.2023","13.938,00","12.965,00","13.333,00","12.936,00","728,24K","2,54%"
"26.04.2023","13.593,00","12.940,00","13.012,25","12.863,75","755,12K","0,59%"
"25.04.2023","13.513,00","13.050,25","13.059,50","12.800,00","694,27K","-2,03%"
"24.04.2023","13.793,00","13.070,00","13.134,00","12.967,25","582,29K","-0,24%"
"21.04.2023","13.826,00","13.089,00","13.122,00","12.982,50","593,98K","0,12%"
"20.04.2023","13.810,00","13.162,00","13.200,00","13.021,75","680,30K","-0,79%"
"19.04.2023","13.920,00","13.170,50","13.226,75","13.065,00","529,51K","-0,07%"
"18.04.2023","13.930,00","13.184,00","13.298,75","13.138,00","576,67K","0,06%"
"17.04.2023","13.922,00","13.212,50","13.218,00","13.076,75","540,74K","0,04%"
"14.04.2023","13.917,00","13.183,00","13.255,00","13.058,00","627,82K","-0,18%"
"13.04.2023","13.942,00","12.957,00","13.228,00","12.925,50","558,23K","1,89%"
"12.04.2023","13.683,00","13.073,75","13.241,75","12.937,75","684,78K","-0,91%"
"11.04.2023","13.808,00","13.163,25","13.208,75","13.053,50","549,05K","-0,60%"
"10.04.2023","13.891,00","13.179,75","13.203,25","12.967,50","553,00K","-0,06%"
"07.04.2023","13.899,00","13.162,75","13.192,25","13.122,00","41,22K","0,00%"
"06.04.2023","13.899,00","13.072,75","13.191,00","12.953,25","598,22K","0,67%"
"05.04.2023","13.807,00","13.230,00","13.247,25","13.006,00","594,61K","-1,00%"
"04.04.2023","13.947,00","13.259,00","13.348,75","13.168,25","577,03K","-0,53%"
"03.04.2023","14.022,00","13.262,00","13.278,75","13.154,00","542,90K","-0,21%"
"31.03.2023","14.052,00","13.084,25","13.311,50","13.057,50","624,96K","1,73%"
"30.03.2023","13.813,00","12.962,50","13.111,75","12.931,50","583,15K","0,96%"
"29.03.2023","13.682,00","12.745,50","12.994,00","12.742,00","566,32K","1,95%"
"28.03.2023","13.420,00","12.810,50","12.833,50","12.634,25","537,97K","-0,32%"
"27.03.2023","13.463,00","12.916,00","12.984,50","12.765,50","562,63K","-0,78%"
"24.03.2023","13.569,00","12.871,50","12.924,75","12.728,00","676,55K","0,27%"
"23.03.2023","13.533,00","12.695,00","13.031,00","12.694,25","838,39K","0,77%"
"22.03.2023","13.429,00","12.873,25","13.082,00","12.678,00","713,08K","-1,18%"
"21.03.2023","13.589,00","12.699,75","12.898,25","12.676,50","565,86K","1,40%"
"20.03.2023","13.402,00","12.690,00","12.750,00","12.525,25","694,47K","0,32%"
"17.03.2023","13.359,00","12.575,75","12.636,50","12.531,75","8,15K","-0,53%"
"16.03.2023","13.430,00","12.264,50","12.600,50","12.189,25","181,75K","2,60%"
"15.03.2023","13.090,00","12.200,75","12.280,00","11.972,00","261,34K","0,31%"
"14.03.2023","13.050,00","11.960,00","12.223,00","11.921,75","364,40K","2,21%"
"13.03.2023","12.768,00","11.894,75","12.095,75","11.674,25","694,44K","0,00%"
"10.03.2023","12.768,00","12.005,00","12.109,00","11.795,00","871,21K","-1,35%"
"09.03.2023","12.943,00","12.231,00","12.353,50","11.977,50","816,84K","-1,75%"
"08.03.2023","13.173,00","12.170,00","12.254,50","12.108,25","633,42K","0,46%"
"07.03.2023","13.113,00","12.320,25","12.381,25","12.142,25","685,01K","-1,15%"
"06.03.2023","13.266,00","12.306,25","12.486,25","12.276,25","612,51K","0,11%"
"03.03.2023","13.252,00","12.049,00","12.329,00","12.012,00","675,47K","1,92%"
"02.03.2023","13.002,00","11.967,00","12.096,25","11.832,50","752,01K","0,93%"
"01.03.2023","12.882,00","12.041,25","12.141,75","11.924,75","759,65K","-0,86%"
"28.02.2023","12.994,00","12.093,50","12.172,75","12.025,75","646,03K","-0,08%"
"27.02.2023","13.005,00","12.003,00","12.189,50","11.990,00","578,95K","0,80%"
"24.02.2023","12.902,00","12.190,00","12.214,50","11.923,00","643,62K","-1,34%"
"23.02.2023","13.077,00","12.176,25","12.261,00","12.028,50","640,96K","0,85%"
"22.02.2023","12.967,00","12.108,00","12.190,50","12.034,00","640,71K","0,00%"
"21.02.2023","12.967,00","12.380,00","12.417,75","12.090,25","609,49K","4,75%"
"20.02.2023","12.378,50","12.358,75","12.416,75","12.346,75","72,07K","0,16%"
"19.02.2023","12.358,75","12.370,25","12.382,00","12.347,50","4,20K","-6,81%"
"17.02.2023","13.262,00","12.462,50","12.466,25","12.265,75","629,36K","-0,70%"
"16.02.2023","13.356,00","12.740,00","12.792,75","12.455,25","682,33K","-1,82%"
"15.02.2023","13.603,00","12.620,75","12.756,50","12.524,25","568,58K","0,96%"
"14.02.2023","13.473,00","12.547,25","12.687,00","12.390,50","719,20K","0,67%"
"13.02.2023","13.383,00","12.357,50","12.567,00","12.265,25","467,84K","1,49%"
"10.02.2023","13.187,00","12.448,75","12.451,50","12.243,25","600,24K","-0,59%"
"09.02.2023","13.265,00","12.555,00","12.728,50","12.366,50","612,40K","-0,90%"
"08.02.2023","13.385,00","12.747,00","12.808,50","12.512,75","590,36K","-1,72%"
"07.02.2023","13.619,00","12.513,00","12.818,50","12.459,25","745,00K","1,99%"
"06.02.2023","13.353,00","12.572,00","12.608,50","12.455,75","535,15K","-0,44%"
"03.02.2023","13.412,00","12.748,25","12.878,00","12.551,25","824,21K","-1,43%"
"02.02.2023","13.607,00","12.520,00","12.949,75","12.501,75","817,82K","3,32%"
"01.02.2023","13.170,00","12.116,00","12.524,50","12.055,25","668,52K","2,05%"
"31.01.2023","12.905,00","11.984,00","12.156,00","11.871,00","585,20K","1,45%"
"30.01.2023","12.721,00","12.212,50","12.252,00","11.960,00","634,67K","-1,97%"
"27.01.2023","12.976,00","12.049,00","12.308,50","12.016,00","588,07K","0,90%"
"26.01.2023","12.860,00","11.874,75","12.113,00","11.867,25","621,43K","1,87%"
"25.01.2023","12.624,00","11.970,50","11.976,50","11.604,50","633,47K","-0,29%"
"24.01.2023","12.661,00","11.933,00","12.010,50","11.835,75","511,37K","-0,20%"
"23.01.2023","12.686,00","11.676,75","11.983,00","11.650,50","593,98K","2,09%"
"20.01.2023","12.426,00","11.401,00","11.686,75","11.365,25","577,77K","2,66%"
"19.01.2023","12.104,00","11.470,50","11.487,00","11.308,50","594,77K","-0,98%"
"18.01.2023","12.224,00","11.619,75","11.759,50","11.468,00","619,61K","-1,20%"
"17.01.2023","12.373,00","11.613,50","11.685,00","11.510,25","576,14K","6,79%"
"16.01.2023","11.586,25","11.585,25","11.637,25","11.512,00","89,87K","-0,01%"
"15.01.2023","11.587,00","11.617,75","11.619,00","11.583,25","4,32K","-6,22%"
"13.01.2023","12.355,00","11.528,50","11.619,50","11.389,00","482,00K","0,59%"
"12.01.2023","12.282,00","11.474,50","11.579,75","11.291,00","754,57K","0,47%"
"11.01.2023","12.224,00","11.282,50","11.479,50","11.239,75","500,15K","1,62%"
"10.01.2023","12.029,00","11.184,75","11.288,75","11.094,00","559,28K","0,80%"
"09.01.2023","11.933,00","11.126,50","11.385,50","11.120,25","646,32K","0,62%"
"06.01.2023","11.860,00","10.838,75","11.165,75","10.751,00","736,33K","2,53%"
"05.01.2023","11.567,00","10.988,50","11.046,75","10.805,00","694,45K","-1,52%"
"04.01.2023","11.745,00","10.941,25","11.068,50","10.863,50","758,00K","0,46%"
"03.01.2023","11.691,00","11.122,50","11.182,00","10.844,75","657,68K","5,77%"
"02.01.2023","11.053,00","11.041,75","11.140,50","11.037,75","9,77K","0,10%"
"01.01.2023","11.041,75","11.041,75","11.041,75","11.041,75","","-6,17%"
"30.12.2022","11.768,00","11.033,50","11.051,50","10.855,50","462,48K","-0,15%"
"29.12.2022","11.786,00","10.785,75","11.071,50","10.777,50","470,00K","2,43%"
"28.12.2022","11.506,00","10.915,75","10.996,50","10.758,75","635,57K","-1,27%"
"27.12.2022","11.654,00","11.104,00","11.183,75","10.896,00","499,80K","4,45%"
"26.12.2022","11.157,00","11.137,00","11.162,50","11.118,25","5,36K","0,81%"
"25.12.2022","11.067,00","11.067,00","11.067,00","11.067,00","","-6,16%"
"23.12.2022","11.793,00","11.061,00","11.143,00","10.916,25","534,53K","0,19%"
"22.12.2022","11.771,00","11.357,00","11.384,75","10.870,50","714,50K","-2,70%"
"21.12.2022","12.098,00","11.206,50","11.389,75","11.181,00","631,32K","1,37%"
"20.12.2022","11.934,00","11.182,50","11.247,00","11.043,50","625,09K","-0,14%"
"19.12.2022","11.951,00","11.328,75","11.411,00","11.131,75","562,53K","-1,25%"
"16.12.2022","12.102,00","11.340,25","11.381,25","11.206,50","9,63K","-0,93%"
"15.12.2022","12.215,00","11.758,75","11.779,50","11.298,25","182,84K","-3,52%"
"14.12.2022","12.661,00","11.839,00","11.948,50","11.613,75","197,12K","-0,71%"
"13.12.2022","12.751,00","11.691,25","12.229,50","11.680,50","407,61K","1,03%"
"12.12.2022","12.621,00","11.553,00","11.716,00","11.522,75","354,89K","1,14%"
"09.12.2022","12.479,00","11.641,50","11.748,00","11.517,00","504,05K","-0,61%"
"08.12.2022","12.555,00","11.500,00","11.685,75","11.433,00","600,83K","1,10%"
"07.12.2022","12.419,00","11.566,00","11.596,25","11.422,50","634,69K","-0,46%"
"06.12.2022","12.476,00","11.812,00","11.846,25","11.502,00","657,27K","-1,89%"
"05.12.2022","12.716,00","12.000,50","12.015,75","11.745,50","537,92K","-1,58%"
"02.12.2022","12.920,00","12.039,75","12.067,75","11.740,50","588,30K","-0,39%"
"01.12.2022","12.970,00","12.079,25","12.145,00","11.943,25","629,30K","0,15%"
"30.11.2022","12.950,00","11.520,00","12.078,50","11.497,75","769,08K","4,19%"
"29.11.2022","12.429,00","11.625,00","11.704,50","11.465,00","555,86K","-0,73%"
"28.11.2022","12.520,00","11.731,25","11.788,50","11.575,25","506,25K","-1,52%"
"25.11.2022","12.713,00","11.878,00","11.933,00","11.766,25","252,37K","6,67%"
"24.11.2022","11.917,75","11.888,00","11.932,75","11.874,50","58,84K","-6,84%"
"23.11.2022","12.793,00","11.741,50","11.892,75","11.720,00","474,65K","0,94%"
"22.11.2022","12.674,00","11.588,00","11.759,25","11.526,50","531,09K","1,35%"
"21.11.2022","12.505,00","11.723,00","11.756,00","11.553,00","477,97K","-0,95%"
"18.11.2022","12.625,00","11.747,75","11.843,00","11.607,00","585,87K","-0,02%"
"17.11.2022","12.627,00","11.777,75","11.827,50","11.528,25","658,47K","-0,23%"
"16.11.2022","12.656,00","11.882,00","11.963,00","11.706,50","577,86K","-1,26%"
"15.11.2022","12.817,00","11.768,50","12.118,75","11.761,75","771,82K","1,34%"
"14.11.2022","12.647,00","11.791,00","11.898,50","11.702,00","576,68K","-0,89%"
"11.11.2022","12.760,00","11.669,75","11.876,75","11.569,25","0,03K","1,71%"
"10.11.2022","12.546,00","10.841,00","11.677,00","10.808,00","862,15K","6,87%"
"09.11.2022","11.740,00","11.089,25","11.164,25","10.822,25","669,07K","-2,21%"
"08.11.2022","12.005,00","11.016,00","11.231,25","10.928,75","728,87K","0,84%"
"07.11.2022","11.905,00","10.786,50","11.038,50","10.751,00","554,69K","1,06%"
"04.11.2022","11.780,00","10.712,00","10.974,25","10.636,00","881,13K","1,40%"
"03.11.2022","11.617,00","10.938,00","10.996,00","10.708,00","705,05K","-1,86%"
"02.11.2022","11.837,00","11.320,25","11.460,00","10.909,00","770,98K","-3,19%"
"01.11.2022","12.227,00","11.455,00","11.619,00","11.288,75","605,36K","-0,93%"
"31.10.2022","12.342,00","11.592,50","11.595,00","11.367,25","607,68K","-1,11%"
"28.10.2022","12.481,00","11.122,75","11.626,00","11.062,00","728,26K","2,93%"
"27.10.2022","12.126,00","11.417,75","11.537,50","10.921,50","0,06K","-3,68%"
"26.10.2022","12.589,00","11.510,00","11.703,50","11.415,00","784,64K","-0,16%"
"25.10.2022","12.609,00","11.453,75","11.734,00","11.430,25","0,00K","1,90%"
"24.10.2022","12.374,00","11.393,75","11.530,25","11.207,75","715,02K","1,00%"
"21.10.2022","12.251,00","11.061,25","11.386,25","10.935,50","840,95K","2,23%"
"20.10.2022","11.984,00","11.134,00","11.328,75","11.008,00","739,67K","-0,53%"
"19.10.2022","12.048,00","11.320,25","11.382,75","11.049,00","733,78K","-0,36%"
"18.10.2022","12.092,00","11.161,25","11.431,75","11.081,50","832,22K","0,74%"
"17.10.2022","12.003,00","10.720,00","11.146,25","10.713,00","638,72K","3,16%"
"14.10.2022","11.635,00","11.064,75","11.253,50","10.726,75","843,53K","-2,68%"
"13.10.2022","11.955,00","10.859,00","11.142,75","10.484,75","1,05M","2,13%"
"12.10.2022","11.706,00","10.875,00","10.976,75","10.805,50","731,21K","-0,04%"
"11.10.2022","11.711,00","10.987,00","11.039,50","10.767,25","833,91K","-1,19%"
"10.10.2022","11.852,00","11.067,75","11.136,50","10.876,75","757,73K","-1,08%"
"07.10.2022","11.982,00","11.494,50","11.564,50","11.043,25","759,14K","-3,83%"
"06.10.2022","12.459,00","11.628,00","11.729,75","11.505,25","773,91K","-0,64%"
"05.10.2022","12.539,00","11.630,25","11.711,00","11.366,50","700,89K","-0,14%"
"04.10.2022","12.556,00","11.314,50","11.675,00","11.281,50","772,89K","2,95%"
"03.10.2022","12.196,00","11.030,00","11.358,25","10.890,75","757,58K","2,35%"
"30.09.2022","11.916,00","11.220,00","11.357,25","11.024,25","878,17K","-1,59%"
"29.09.2022","12.108,00","11.544,00","11.567,25","11.091,50","0,03K","-2,66%"
"28.09.2022","12.439,00","11.361,00","11.613,50","11.141,50","0,01K","1,82%"
"27.09.2022","12.217,00","11.315,50","11.568,25","11.233,50","841,07K","0,14%"
"26.09.2022","12.200,00","11.362,50","11.537,75","11.256,50","809,85K","-0,41%"
"23.09.2022","12.250,00","11.583,75","11.600,25","11.229,00","799,38K","-1,53%"
"22.09.2022","12.440,00","11.661,25","11.796,00","11.510,00","786,18K","-1,15%"
"21.09.2022","12.585,00","11.946,00","12.140,50","11.647,50","822,97K","-1,58%"
"20.09.2022","12.787,00","12.045,75","12.092,50","11.828,25","704,88K","-0,64%"
"19.09.2022","12.869,00","11.920,00","12.066,25","11.792,25","632,66K","0,72%"
"16.09.2022","12.777,00","11.880,00","11.880,00","11.750,50","10,33K","-0,58%"
"15.09.2022","12.851,00","12.159,00","12.187,75","11.866,50","169,93K","-1,49%"
"14.09.2022","13.046,00","12.050,25","12.173,00","12.001,75","270,23K","0,98%"
"13.09.2022","12.920,00","12.769,50","12.889,00","12.003,25","463,84K","-5,14%"
"12.09.2022","13.620,00","12.626,00","12.773,75","12.573,25","444,26K","1,14%"
"09.09.2022","13.467,00","12.345,25","12.613,75","12.329,50","535,98K","2,08%"
"08.09.2022","13.192,00","12.267,75","12.379,50","12.115,75","737,02K","0,46%"
"07.09.2022","13.132,00","12.019,75","12.306,25","11.921,50","677,16K","1,89%"
"06.09.2022","12.888,00","12.110,50","12.244,50","11.930,00","895,45K","6,10%"
"05.09.2022","12.147,00","12.123,25","12.182,50","12.056,00","143,09K","0,19%"
"04.09.2022","12.124,00","12.112,25","12.128,50","12.055,75","12,38K","-6,54%"
"02.09.2022","12.972,00","12.297,75","12.461,50","12.040,25","835,87K","-1,44%"
"01.09.2022","13.162,00","12.284,75","12.299,50","12.017,75","820,61K","0,05%"
"31.08.2022","13.155,00","12.366,00","12.513,00","12.276,25","672,07K","-0,55%"
"30.08.2022","13.228,00","12.503,50","12.658,25","12.247,50","797,46K","-1,00%"
"29.08.2022","13.362,00","12.485,00","12.610,25","12.401,50","693,09K","-0,95%"
"26.08.2022","13.490,00","13.153,75","13.220,00","12.557,50","753,86K","-3,81%"
"25.08.2022","14.025,00","12.944,00","13.161,50","12.925,00","543,67K","1,64%"
"24.08.2022","13.799,00","12.892,00","13.011,25","12.825,75","503,23K","0,25%"
"23.08.2022","13.764,00","12.933,75","13.018,50","12.823,50","570,28K","-0,11%"
"22.08.2022","13.779,00","13.226,50","13.226,50","12.874,50","599,95K","-2,56%"
"19.08.2022","14.141,00","13.534,25","13.534,50","13.228,75","618,76K","-1,77%"
"18.08.2022","14.396,00","13.503,00","13.575,50","13.410,75","530,51K","0,18%"
"17.08.2022","14.370,00","13.658,00","13.672,00","13.406,25","610,67K","-1,00%"
"16.08.2022","14.515,00","13.674,75","13.740,75","13.522,75","555,98K","0,00%"
"15.08.2022","14.515,00","13.571,50","13.706,00","13.495,25","463,77K","0,71%"
"12.08.2022","14.412,00","13.344,25","13.583,25","13.312,00","500,65K","1,88%"
"11.08.2022","14.146,00","13.380,50","13.575,00","13.285,00","614,82K","-0,57%"
"10.08.2022","14.227,00","13.050,00","13.408,00","12.982,00","602,07K","2,60%"
"09.08.2022","13.867,00","13.206,25","13.233,75","12.963,25","553,70K","-1,08%"
"08.08.2022","14.019,00","13.227,75","13.419,25","13.120,50","597,18K","-0,32%"
"05.08.2022","14.064,00","13.327,25","13.384,50","13.085,00","687,79K","0,15%"
"04.08.2022","14.043,00","13.247,00","13.356,00","13.184,75","542,68K","0,39%"
"03.08.2022","13.988,00","12.921,00","13.310,25","12.867,25","690,06K","2,64%"
"02.08.2022","13.628,00","12.974,25","13.097,00","12.814,75","674,56K","-0,24%"
"01.08.2022","13.661,00","12.981,00","13.108,75","12.851,75","622,51K","-0,07%"
"29.07.2022","13.670,50","12.920,25","13.012,00","12.744,25","592,42K","1,85%"
"28.07.2022","13.422,00","12.580,00","12.948,00","12.449,00","645,26K","0,89%"
"27.07.2022","13.304,00","12.192,00","12.690,00","12.191,75","634,89K","3,98%"
"26.07.2022","12.794,50","12.311,25","12.334,00","12.072,00","536,29K","-2,47%"
"25.07.2022","13.119,00","12.444,50","12.498,50","12.266,50","491,61K","-0,58%"
"22.07.2022","13.195,00","12.559,25","12.698,50","12.343,75","634,55K","-1,63%"
"21.07.2022","13.414,00","12.440,00","12.655,25","12.373,50","605,07K","1,32%"
"20.07.2022","13.239,00","12.330,50","12.517,50","12.235,75","643,61K","1,46%"
"19.07.2022","13.048,00","11.909,50","12.328,50","11.889,50","585,59K","2,89%"
"18.07.2022","12.681,00","12.043,50","12.186,50","11.857,00","553,68K","-0,31%"
"15.07.2022","12.721,00","11.810,50","12.021,50","11.740,25","560,98K","2,16%"
"14.07.2022","12.452,00","11.729,50","11.835,00","11.511,25","654,56K","0,27%"
"13.07.2022","12.419,00","11.780,00","11.970,00","11.479,25","732,27K","-0,08%"
"12.07.2022","12.429,00","11.900,50","12.025,50","11.712,00","607,95K","-0,86%"
"11.07.2022","12.537,00","12.149,75","12.149,75","11.853,00","578,34K","-2,12%"
"08.07.2022","12.809,00","12.115,00","12.211,00","11.952,50","640,45K","0,18%"
"07.07.2022","12.785,50","11.901,25","12.168,50","11.836,50","550,46K","2,17%"
"06.07.2022","12.514,00","11.820,25","11.974,25","11.727,75","649,91K","0,65%"
"05.07.2022","12.433,50","11.606,00","11.815,75","11.389,25","790,94K","6,31%"
"04.07.2022","11.695,25","11.571,75","11.745,00","11.501,00","95,28K","1,07%"
"03.07.2022","11.572,00","11.614,25","11.614,25","11.562,00","6,04K","-6,06%"
"01.07.2022","12.318,00","11.507,50","11.629,75","11.381,75","605,40K","0,73%"
"30.06.2022","12.229,00","11.691,50","11.696,75","11.351,00","738,07K","-1,33%"
"29.06.2022","12.394,00","11.680,50","11.749,00","11.564,50","590,17K","-0,68%"
"28.06.2022","12.479,00","12.076,25","12.174,25","11.661,50","634,69K","-2,56%"
"27.06.2022","12.807,00","12.137,50","12.262,00","11.994,25","565,80K","-0,22%"
"24.06.2022","12.835,00","11.687,75","12.148,50","11.684,75","563,30K","3,24%"
"23.06.2022","12.432,00","11.542,75","11.766,75","11.460,50","630,13K","0,08%"
"22.06.2022","12.422,00","11.579,75","11.745,75","11.320,50","638,96K","4,23%"
"21.06.2022","11.918,25","11.332,50","11.678,25","11.273,75","657,21K","4,32%"
"20.06.2022","11.424,25","11.428,00","11.442,75","11.274,50","137,40K","-0,06%"
"19.06.2022","11.431,50","11.307,75","11.434,50","11.307,75","12,95K","-5,63%"
"17.06.2022","12.113,00","11.178,50","11.290,00","11.130,25","14,06K","1,31%"
"16.06.2022","11.956,00","11.608,50","11.737,75","11.036,75","146,54K","-3,79%"
"15.06.2022","12.427,00","11.329,75","11.759,25","11.327,75","265,81K","1,99%"
"14.06.2022","12.185,00","11.334,25","11.505,50","11.205,00","378,13K","0,21%"
"13.06.2022","12.159,00","11.768,00","11.772,50","11.254,50","530,22K","-3,72%"
"10.06.2022","12.629,00","12.301,50","12.338,75","11.823,00","617,40K","-3,33%"
"09.06.2022","13.064,00","12.625,00","12.726,00","12.255,25","690,16K","-2,54%"
"08.06.2022","13.405,00","12.680,50","12.783,00","12.579,25","583,65K","-0,73%"
"07.06.2022","13.503,00","12.605,25","12.740,25","12.412,50","577,97K","0,81%"
"06.06.2022","13.395,00","12.549,75","12.810,00","12.527,00","536,94K","0,64%"
"03.06.2022","13.310,00","12.896,00","12.945,25","12.503,00","652,96K","-2,10%"
"02.06.2022","13.596,00","12.549,75","12.903,75","12.442,50","620,01K","2,58%"
"01.06.2022","13.254,00","12.662,50","12.823,50","12.454,75","682,21K","-0,30%"
"31.05.2022","13.294,00","12.705,25","12.883,00","12.480,00","832,39K","3,73%"
"30.05.2022","12.815,75","12.736,75","12.880,75","12.720,75","137,72K","0,61%"
"29.05.2022","12.737,75","12.713,25","12.757,00","12.673,00","8,54K","-4,40%"
"27.05.2022","13.324,00","12.250,00","12.720,25","12.222,00","615,99K","4,31%"
"26.05.2022","12.774,00","11.887,50","12.343,00","11.848,25","611,88K","2,73%"
"25.05.2022","12.434,00","11.808,00","12.036,00","11.672,00","671,10K","1,41%"
"24.05.2022","12.261,00","11.915,00","11.918,00","11.576,25","717,43K","-2,12%"
"23.05.2022","12.526,00","11.866,00","12.075,50","11.783,75","660,21K","5,79%"
"20.05.2022","11.840,75","11.898,00","12.096,75","11.491,25","806,78K","-0,32%"
"19.05.2022","11.878,25","11.907,00","12.076,75","11.704,00","827,74K","-0,48%"
"18.05.2022","11.935,50","12.572,00","12.594,00","11.862,75","735,39K","-4,97%"
"17.05.2022","12.560,25","12.235,50","12.578,00","12.234,00","653,22K","2,58%"
"16.05.2022","12.244,75","12.409,00","12.498,75","12.190,25","623,72K","-0,96%"
"14.05.2022","12.364,00","12.364,00","12.364,00","12.364,00","","-0,15%"
"13.05.2022","12.382,75","11.891,50","12.432,00","11.891,50","663,52K","3,65%"
"12.05.2022","11.947,25","12.004,50","12.132,75","11.689,00","878,24K","-0,19%"
"11.05.2022","11.969,75","12.328,75","12.553,25","11.938,50","865,89K","-3,07%"
"10.05.2022","12.349,00","12.206,00","12.547,00","12.102,25","853,86K","1,27%"
"09.05.2022","12.193,75","12.605,00","12.637,25","12.135,25","816,03K","-3,71%"
"07.05.2022","12.663,50","12.663,50","12.663,50","12.663,50","","-0,25%"
"06.05.2022","12.695,75","12.883,25","12.928,75","12.519,00","852,23K","-1,26%"
"05.05.2022","12.858,00","13.500,25","13.548,00","12.705,25","877,80K","-4,98%"
"04.05.2022","13.531,25","13.121,00","13.555,25","12.883,00","703,19K","3,39%"
"03.05.2022","13.087,50","13.051,75","13.183,75","12.968,50","662,22K","0,11%"
"02.05.2022","13.073,00","12.892,25","13.084,50","12.709,75","763,82K","1,72%"
"29.04.2022","12.852,00","13.219,50","13.433,00","12.831,75","723,39K","-4,48%"
"28.04.2022","13.454,75","13.191,00","13.542,00","13.033,00","756,36K","3,43%"
"27.04.2022","13.009,00","12.881,00","13.255,25","12.878,25","817,20K","-0,05%"
"26.04.2022","13.016,00","13.523,50","13.583,75","12.801,50","755,33K","-3,84%"
"25.04.2022","13.535,75","13.334,25","13.549,75","13.184,00","749,65K","1,36%"
"22.04.2022","13.353,50","13.720,00","13.781,00","13.297,00","732,26K","-2,73%"
"21.04.2022","13.728,25","14.070,00","14.283,00","13.667,50","685,79K","-1,97%"
"20.04.2022","14.004,75","14.104,75","14.298,00","13.956,50","604,34K","-1,49%"
"19.04.2022","14.217,25","13.962,75","14.242,00","13.828,00","556,36K","2,23%"
"18.04.2022","13.907,75","13.892,00","14.002,50","13.729,50","492,10K","0,10%"
"14.04.2022","13.893,75","14.211,50","14.296,25","13.876,50","548,40K","-2,30%"
"13.04.2022","14.221,50","13.952,75","14.266,50","13.921,00","530,16K","1,98%"
"12.04.2022","13.945,00","14.006,25","14.284,25","13.881,25","704,35K","-0,39%"
"11.04.2022","14.000,00","14.345,00","14.382,00","13.984,75","577,48K","-2,28%"
"08.04.2022","14.327,00","14.536,25","14.642,25","14.310,50","640,16K","-1,44%"
"07.04.2022","14.536,00","14.496,25","14.633,75","14.317,00","645,74K","0,21%"
"06.04.2022","14.505,25","14.861,00","14.861,25","14.394,75","783,21K","-2,18%"
"05.04.2022","14.828,00","15.155,50","15.198,00","14.780,25","563,20K","-2,22%"
"04.04.2022","15.164,25","14.846,00","15.174,50","14.801,00","460,17K","2,10%"
"02.04.2022","14.852,25","14.852,25","14.852,25","14.852,25","","-0,08%"
"01.04.2022","14.863,75","14.918,75","14.960,00","14.725,00","539,03K","-0,03%"
"31.03.2022","14.868,75","15.100,50","15.180,75","14.855,50","560,79K","-1,35%"
"30.03.2022","15.071,50","15.222,00","15.262,25","15.012,25","513,52K","-1,09%"
"29.03.2022","15.237,75","14.981,00","15.268,75","14.956,50","552,95K","1,68%"
"28.03.2022","14.985,25","14.756,00","14.997,00","14.658,75","532,13K","1,56%"
"25.03.2022","14.755,75","14.765,00","14.840,50","14.572,50","553,93K","-0,05%"
"24.03.2022","14.763,75","14.462,75","14.769,75","14.433,50","512,27K","2,19%"
"23.03.2022","14.447,00","14.654,00","14.682,25","14.441,00","555,13K","-1,41%"
"22.03.2022","14.654,00","14.390,00","14.690,75","14.293,50","509,92K","1,97%"
"21.03.2022","14.370,50","14.404,00","14.466,75","14.183,75","589,63K","-0,24%"
"20.03.2022","14.404,50","14.435,25","14.435,25","14.402,25","8,72K","2,19%"
"18.03.2022","14.095,31","14.060,00","14.081,50","13.970,50","7,54K","-0,12%"
"17.03.2022","14.111,75","13.999,00","14.136,25","13.822,75","125,16K","1,14%"
"16.03.2022","13.953,00","13.451,75","14.029,25","13.420,50","274,50K","3,73%"
"15.03.2022","13.451,75","13.082,00","13.489,00","12.944,00","284,96K","3,11%"
"14.03.2022","13.045,50","13.362,00","13.447,50","13.015,50","402,61K","-1,85%"
"11.03.2022","13.292,00","13.577,25","13.860,75","13.281,75","439,89K","-2,16%"
"10.03.2022","13.586,00","13.778,00","13.778,00","13.396,25","611,08K","-1,08%"
"09.03.2022","13.734,75","13.192,25","13.821,75","13.189,75","650,83K","3,53%"
"08.03.2022","13.267,00","13.283,00","13.666,00","13.103,25","841,41K","-0,40%"
"07.03.2022","13.320,75","13.763,50","13.879,75","13.265,00","717,85K","-3,75%"
"04.03.2022","13.839,75","14.069,25","14.086,50","13.733,75","725,77K","-1,36%"
"03.03.2022","14.030,50","14.196,50","14.391,00","13.955,00","596,93K","-1,47%"
"02.03.2022","14.239,25","14.026,25","14.290,00","13.911,50","629,02K","1,67%"
"01.03.2022","14.005,50","14.219,25","14.327,75","13.900,00","645,17K","-1,56%"
"28.02.2022","14.228,00","13.900,25","14.292,25","13.683,00","753,71K","0,33%"
"25.02.2022","14.180,50","13.909,50","14.196,25","13.760,25","785,00K","1,53%"
"24.02.2022","13.966,50","13.484,25","13.983,25","13.025,75","1,12M","3,40%"
"23.02.2022","13.507,50","13.928,25","14.068,75","13.471,25","713,19K","-2,56%"
"22.02.2022","13.862,75","13.952,75","14.157,50","13.580,25","1,11M","1,34%"
"21.02.2022","13.679,50","13.851,25","14.156,25","13.588,75","262,70K","-1,25%"
"20.02.2022","13.852,25","13.915,00","13.951,50","13.844,25","14,02K","-1,03%"
"18.02.2022","13.996,00","14.156,25","14.299,00","13.906,25","760,91K","-1,19%"
"17.02.2022","14.164,75","14.592,25","14.619,50","14.131,50","631,08K","-2,98%"
"16.02.2022","14.600,00","14.588,00","14.668,50","14.381,00","594,30K","-0,07%"
"15.02.2022","14.609,50","14.257,00","14.614,75","14.223,25","558,47K","2,50%"
"14.02.2022","14.253,00","14.250,00","14.394,00","14.031,00","734,22K","0,09%"
"11.02.2022","14.240,50","14.698,25","14.766,75","14.181,00","835,98K","-3,13%"
"10.02.2022","14.701,00","15.062,25","15.062,25","14.622,00","834,48K","-2,24%"
"09.02.2022","15.038,25","14.746,25","15.068,00","14.741,00","529,89K","2,06%"
"08.02.2022","14.734,50","14.600,00","14.776,00","14.467,50","611,86K","1,20%"
"07.02.2022","14.559,75","14.682,50","14.806,25","14.511,50","562,31K","-0,86%"
"04.02.2022","14.685,50","14.770,00","14.825,75","14.362,75","763,74K","1,33%"
"03.02.2022","14.492,25","14.852,50","14.870,00","14.456,25","731,58K","-4,12%"
"02.02.2022","15.114,50","15.129,00","15.260,00","14.825,00","645,40K","0,80%"
"01.02.2022","14.994,75","14.868,75","15.137,00","14.729,25","597,31K","0,60%"
"31.01.2022","14.905,00","14.454,00","14.914,75","14.353,25","654,28K","3,27%"
"28.01.2022","14.433,00","14.167,75","14.442,00","13.831,00","878,24K","3,19%"
"27.01.2022","13.986,75","14.194,00","14.409,25","13.844,50","866,65K","-1,21%"
"26.01.2022","14.158,50","13.945,50","14.639,75","13.945,50","908,55K","0,13%"
"25.01.2022","14.140,75","14.495,00","14.499,00","13.890,00","957,80K","-2,48%"
"24.01.2022","14.501,00","14.410,00","14.582,00","13.706,00","1,32M","0,52%"
"21.01.2022","14.426,50","14.722,00","14.858,50","14.408,50","1,04M","-2,79%"
"20.01.2022","14.841,00","15.042,25","15.340,25","14.646,75","771,41K","-1,28%"
"19.01.2022","15.033,50","15.238,75","15.372,00","15.011,25","776,61K","-1,13%"
"18.01.2022","15.206,00","15.616,75","15.653,25","15.170,75","868,07K","-2,45%"
"17.01.2022","15.587,50","15.609,75","15.629,00","15.543,50","117,90K","0,03%"
"16.01.2022","15.583,00","15.645,50","15.645,50","15.570,75","8,44K","-0,08%"
"14.01.2022","15.595,75","15.505,00","15.621,00","15.312,50","795,90K","0,68%"
"13.01.2022","15.490,25","15.901,00","15.979,75","15.458,25","763,02K","-2,50%"
"12.01.2022","15.887,25","15.826,00","16.009,25","15.762,50","671,27K","0,36%"
"11.01.2022","15.831,00","15.622,25","15.839,50","15.475,00","709,36K","1,43%"
"10.01.2022","15.608,00","15.590,00","15.669,00","15.152,50","888,78K","0,17%"
"07.01.2022","15.581,00","15.801,75","15.852,75","15.510,00","704,41K","-1,13%"
"06.01.2022","15.759,00","15.763,75","15.895,75","15.598,50","802,95K","-0,05%"
"05.01.2022","15.766,50","16.265,00","16.269,00","15.752,75","769,79K","-3,13%"
"04.01.2022","16.275,75","16.497,75","16.564,00","16.139,50","669,53K","-1,27%"
"03.01.2022","16.485,50","16.356,00","16.508,00","16.292,00","513,55K","1,01%"
"31.12.2021","16.320,75","16.431,00","16.464,00","16.313,75","363,72K","-0,67%"
"30.12.2021","16.430,25","16.484,50","16.567,50","16.411,25","304,26K","-0,37%"
"29.12.2021","16.490,50","16.513,50","16.564,25","16.387,50","354,99K","0,02%"
"28.12.2021","16.488,00","16.565,75","16.659,50","16.452,25","454,63K","-0,43%"
"27.12.2021","16.560,00","16.304,25","16.580,75","16.304,25","351,31K","1,60%"
"23.12.2021","16.299,00","16.180,00","16.356,00","16.145,25","349,18K","0,80%"
"22.12.2021","16.169,75","15.979,00","16.183,00","15.881,50","476,67K","1,19%"
"21.12.2021","15.980,00","15.674,25","15.987,25","15.605,00","530,23K","2,30%"
"20.12.2021","15.621,25","15.809,50","15.851,75","15.492,00","676,20K","-0,61%"
"17.12.2021","15.717,32","15.873,00","15.902,00","15.668,00","9,39K","-0,97%"
"16.12.2021","15.870,50","16.288,50","16.459,25","15.800,25","143,26K","-2,56%"
"15.12.2021","16.288,00","15.928,50","16.302,50","15.744,50","161,71K","2,28%"
"14.12.2021","15.924,75","16.085,00","16.133,75","15.738,50","274,76K","-0,98%"
"13.12.2021","16.082,00","16.321,75","16.411,25","16.064,25","286,18K","-1,52%"
"10.12.2021","16.329,75","16.158,50","16.335,75","16.133,75","395,29K","1,12%"
"09.12.2021","16.148,75","16.380,50","16.420,00","16.120,25","612,58K","-1,49%"
"08.12.2021","16.392,25","16.360,50","16.436,75","16.251,50","494,85K","0,46%"
"07.12.2021","16.318,00","15.848,75","16.374,50","15.824,50","594,63K","3,00%"
"06.12.2021","15.842,75","15.716,25","15.897,25","15.559,25","695,52K","0,99%"
"04.12.2021","15.687,50","15.687,50","15.687,50","15.687,50","","-0,19%"
"03.12.2021","15.717,75","16.020,00","16.121,75","15.538,00","898,85K","-1,69%"
"02.12.2021","15.988,50","15.891,75","16.066,25","15.762,75","853,71K","0,75%"
"01.12.2021","15.869,75","16.238,75","16.427,50","15.825,25","861,89K","-1,74%"
"30.11.2021","16.150,50","16.419,00","16.456,25","16.068,75","854,65K","-1,47%"
"29.11.2021","16.390,75","16.046,50","16.437,75","16.038,00","597,94K","2,12%"
"26.11.2021","16.051,00","16.360,00","16.436,00","15.988,00","680,75K","-1,95%"
"25.11.2021","16.370,75","16.392,25","16.396,00","16.359,50","74,73K","0,03%"
"24.11.2021","16.366,00","16.300,25","16.368,50","16.102,00","656,27K","0,33%"
"23.11.2021","16.312,00","16.399,00","16.418,75","16.118,50","901,45K","-0,43%"
"22.11.2021","16.382,00","16.600,25","16.767,50","16.364,50","770,67K","-1,16%"
"19.11.2021","16.575,00","16.503,25","16.628,50","16.490,25","549,03K","0,57%"
"18.11.2021","16.481,25","16.322,50","16.508,00","16.303,50","602,24K","1,04%"
"17.11.2021","16.311,50","16.297,75","16.396,50","16.270,00","455,99K","0,07%"
"16.11.2021","16.300,75","16.198,50","16.323,75","16.142,00","424,38K","0,70%"
"15.11.2021","16.187,75","16.212,25","16.276,50","16.082,25","483,87K","-0,03%"
"12.11.2021","16.192,75","16.043,75","16.213,25","16.001,75","422,49K","1,06%"
"11.11.2021","16.022,75","15.989,00","16.114,00","15.976,00","434,78K","0,26%"
"10.11.2021","15.980,50","16.201,25","16.243,00","15.896,50","658,27K","-1,43%"
"09.11.2021","16.212,75","16.315,50","16.391,75","16.160,00","560,75K","-0,70%"
"08.11.2021","16.327,75","16.293,00","16.394,00","16.256,00","414,33K","-0,15%"
"05.11.2021","16.351,75","16.335,00","16.448,50","16.292,00","525,82K","0,13%"
"04.11.2021","16.330,75","16.129,50","16.376,00","16.129,50","524,36K","1,25%"
"03.11.2021","16.129,75","15.957,75","16.145,75","15.935,25","448,14K","1,06%"
"02.11.2021","15.961,25","15.891,00","15.980,25","15.849,50","418,55K","0,42%"
"01.11.2021","15.894,25","15.885,25","15.914,75","15.768,50","411,51K","0,35%"
"29.10.2021","15.838,50","15.679,75","15.864,75","15.595,50","484,69K","0,47%"
"28.10.2021","15.764,75","15.595,00","15.777,00","15.591,75","498,21K","1,14%"
"27.10.2021","15.587,25","15.532,25","15.717,50","15.507,25","534,47K","0,27%"
"26.10.2021","15.545,00","15.543,00","15.701,00","15.503,00","586,10K","0,32%"
"25.10.2021","15.495,75","15.324,25","15.546,00","15.295,75","456,01K","1,01%"
"22.10.2021","15.341,00","15.383,00","15.463,50","15.273,75","545,39K","-0,89%"
"21.10.2021","15.478,75","15.357,50","15.483,75","15.301,00","436,64K","0,66%"
"20.10.2021","15.377,50","15.411,00","15.446,50","15.319,00","451,74K","-0,14%"
"19.10.2021","15.398,50","15.289,75","15.428,25","15.269,00","384,79K","0,71%"
"18.10.2021","15.290,50","15.145,00","15.297,25","15.038,75","423,42K","1,03%"
"15.10.2021","15.134,50","15.063,75","15.145,00","15.020,75","442,89K","0,65%"
"14.10.2021","15.037,25","14.770,25","15.071,50","14.767,50","425,06K","1,85%"
"13.10.2021","14.764,25","14.594,00","14.795,75","14.591,00","556,06K","0,76%"
"12.10.2021","14.653,25","14.688,50","14.783,25","14.585,50","599,37K","-0,32%"
"11.10.2021","14.700,50","14.810,25","14.897,25","14.677,00","510,49K","-0,73%"
"08.10.2021","14.808,25","14.891,25","14.996,00","14.790,75","550,61K","-0,49%"
"07.10.2021","14.881,25","14.768,00","15.001,25","14.767,00","492,76K","0,83%"
"06.10.2021","14.759,00","14.662,00","14.770,00","14.422,50","756,88K","0,71%"
"05.10.2021","14.655,25","14.493,75","14.754,75","14.410,50","574,64K","1,33%"
"04.10.2021","14.462,25","14.785,00","14.835,00","14.367,75","802,85K","-2,03%"
"01.10.2021","14.761,75","14.702,25","14.818,00","14.537,00","663,41K","0,54%"
"30.09.2021","14.682,50","14.769,75","14.883,50","14.670,25","699,37K","-0,39%"
"29.09.2021","14.739,75","14.769,25","14.926,00","14.711,00","649,55K","-0,17%"
"28.09.2021","14.764,75","15.172,25","15.192,25","14.740,75","836,79K","-2,83%"
"27.09.2021","15.194,75","15.319,00","15.399,25","15.084,00","543,38K","-0,81%"
"24.09.2021","15.318,75","15.300,25","15.334,25","15.176,75","470,51K","0,10%"
"23.09.2021","15.303,50","15.178,25","15.347,00","15.175,25","514,54K","0,92%"
"22.09.2021","15.163,50","14.992,75","15.227,00","14.930,50","601,01K","0,93%"
"21.09.2021","15.024,00","14.992,00","15.163,25","14.963,25","659,78K","0,10%"
"20.09.2021","15.009,50","15.284,00","15.338,25","14.807,50","845,91K","-3,08%"
"17.09.2021","15.486,67","15.502,75","15.547,00","15.474,00","7,47K","-0,20%"
"16.09.2021","15.517,75","15.516,50","15.542,00","15.369,50","105,43K","0,09%"
"15.09.2021","15.504,00","15.395,50","15.521,75","15.315,25","156,77K","0,76%"
"14.09.2021","15.387,00","15.452,25","15.530,75","15.351,25","237,82K","-0,32%"
"13.09.2021","15.436,75","15.452,50","15.565,00","15.350,25","363,28K","-0,07%"
"11.09.2021","15.447,75","15.447,80","15.447,80","15.447,75","396,89K","0,04%"
"10.09.2021","15.441,50","15.561,00","15.668,00","15.433,50","402,82K","-0,75%"
"09.09.2021","15.558,75","15.610,00","15.675,75","15.545,75","531,29K","-0,39%"
"08.09.2021","15.620,00","15.671,00","15.691,00","15.523,75","559,40K","-0,35%"
"07.09.2021","15.674,75","15.656,00","15.708,75","15.606,75","542,06K","-0,10%"
"06.09.2021","15.691,00","15.652,75","15.707,75","15.642,75","59,75K","0,25%"
"05.09.2021","15.652,25","15.655,00","15.663,50","15.652,25","2,79K","-0,02%"
"04.09.2021","15.655,00","15.655,00","15.655,00","15.655,00","","0,02%"
"03.09.2021","15.651,50","15.601,00","15.677,50","15.552,25","462,87K","0,32%"
"02.09.2021","15.601,00","15.610,00","15.682,00","15.551,75","463,64K","-0,05%"
"01.09.2021","15.609,25","15.599,50","15.699,00","15.578,50","465,49K","0,17%"
"31.08.2021","15.582,50","15.605,50","15.677,25","15.517,75","521,13K","-0,10%"
"30.08.2021","15.597,50","15.432,75","15.617,75","15.420,00","417,56K","1,10%"
"28.08.2021","15.428,25","15.428,20","15.428,25","15.428,20","435,91K","0,01%"
"27.08.2021","15.426,50","15.286,00","15.443,75","15.265,50","441,05K","0,99%"
"26.08.2021","15.274,75","15.367,25","15.368,25","15.255,25","564,38K","-0,58%"
"25.08.2021","15.364,25","15.362,25","15.397,00","15.333,00","405,23K","0,06%"
"24.08.2021","15.355,50","15.327,00","15.384,00","15.309,50","365,58K","0,33%"
"23.08.2021","15.304,50","15.090,00","15.337,50","15.086,50","412,59K","1,39%"
"21.08.2021","15.095,00","15.095,00","15.095,00","15.095,00","","0,05%"
"20.08.2021","15.086,75","14.943,25","15.100,00","14.851,00","504,46K","1,06%"
"19.08.2021","14.928,00","14.840,00","14.999,00","14.710,50","734,18K","0,53%"
"18.08.2021","14.849,25","14.970,25","15.037,25","14.806,50","568,85K","-0,99%"
"17.08.2021","14.997,50","15.131,50","15.133,75","14.897,00","687,90K","-0,90%"
"16.08.2021","15.134,00","15.119,25","15.139,00","14.917,25","590,79K","0,08%"
"14.08.2021","15.122,00","15.122,00","15.122,00","15.122,00","","-0,02%"
"13.08.2021","15.125,75","15.079,75","15.141,75","15.055,25","364,52K","0,31%"
"12.08.2021","15.078,50","15.008,50","15.090,50","14.941,25","384,24K","0,39%"
"11.08.2021","15.019,50","15.045,00","15.119,00","14.963,00","479,70K","-0,17%"
"10.08.2021","15.044,50","15.128,75","15.157,25","14.994,50","475,30K","-0,53%"
"09.08.2021","15.125,25","15.090,25","15.145,50","15.003,25","361,39K","0,20%"
"06.08.2021","15.095,50","15.167,75","15.169,75","15.047,25","425,07K","-0,48%"
"05.08.2021","15.167,75","15.081,75","15.172,50","15.069,25","341,55K","0,63%"
"04.08.2021","15.073,50","15.038,00","15.108,00","14.997,00","445,70K","0,18%"
"03.08.2021","15.046,25","14.962,25","15.050,00","14.849,00","520,38K","0,63%"
"02.08.2021","14.952,75","14.972,75","15.056,25","14.932,25","446,14K","-0,09%"
"31.07.2021","14.966,50","14.966,50","14.966,50","14.966,50","","0,07%"
"30.07.2021","14.955,75","14.905,25","14.980,00","14.811,25","505,63K","-0,55%"
"29.07.2021","15.037,75","14.984,75","15.084,00","14.905,00","412,59K","0,17%"
"28.07.2021","15.011,50","14.875,75","15.074,50","14.866,00","577,19K","0,43%"
"27.07.2021","14.947,75","15.125,25","15.131,50","14.774,25","671,79K","-1,12%"
"26.07.2021","15.117,75","15.098,00","15.134,00","15.038,75","391,52K","0,13%"
"23.07.2021","15.098,00","14.979,50","15.117,25","14.934,25","449,26K","1,14%"
"22.07.2021","14.928,50","14.836,75","14.982,75","14.826,75","425,43K","0,68%"
"21.07.2021","14.827,75","14.729,75","14.839,50","14.668,25","404,35K","0,71%"
"20.07.2021","14.722,75","14.593,75","14.782,50","14.516,75","529,36K","1,25%"
"19.07.2021","14.540,75","14.675,00","14.682,50","14.445,00","720,29K","-0,88%"
"16.07.2021","14.670,50","14.778,50","14.869,50","14.656,00","539,01K","-0,79%"
"15.07.2021","14.787,50","14.895,00","14.962,75","14.708,25","634,79K","-0,70%"
"14.07.2021","14.891,75","14.869,75","14.996,00","14.841,25","499,19K","0,18%"
"13.07.2021","14.865,00","14.880,00","14.994,75","14.794,50","506,39K","-0,03%"
"12.07.2021","14.869,25","14.824,00","14.888,50","14.785,00","362,61K","0,40%"
"09.07.2021","14.810,50","14.710,25","14.832,00","14.640,75","424,77K","0,67%"
"08.07.2021","14.712,25","14.812,00","14.822,00","14.540,50","631,21K","-0,61%"
"07.07.2021","14.802,25","14.764,50","14.883,75","14.726,25","471,45K","0,18%"
"06.07.2021","14.775,50","14.704,25","14.790,00","14.625,25","557,68K","0,42%"
"05.07.2021","14.714,38","14.715,50","14.718,50","14.675,12","","-0,01%"
"04.07.2021","14.715,12","14.700,88","14.721,62","14.700,88","","0,01%"
"02.07.2021","14.713,75","14.543,75","14.729,00","14.513,25","392,17K","1,14%"
"01.07.2021","14.548,50","14.558,50","14.606,25","14.471,00","436,42K","0,00%"
"30.06.2021","14.549,00","14.584,75","14.598,50","14.518,25","384,46K","-0,10%"
"29.06.2021","14.563,00","14.504,50","14.584,75","14.468,75","360,17K","0,35%"
"28.06.2021","14.512,50","14.350,00","14.519,75","14.333,25","376,86K","1,21%"
"25.06.2021","14.339,00","14.365,75","14.394,25","14.313,25","379,76K","-0,11%"
"24.06.2021","14.354,25","14.275,25","14.422,00","14.270,00","409,86K","0,64%"
"23.06.2021","14.263,00","14.274,00","14.315,75","14.231,75","366,49K","0,03%"
"22.06.2021","14.258,25","14.136,75","14.279,25","14.066,50","420,97K","0,91%"
"21.06.2021","14.130,00","14.022,75","14.144,00","13.958,50","503,66K","0,16%"
"18.06.2021","14.107,43","14.183,75","14.214,25","14.063,50","8,58K","-0,41%"
"17.06.2021","14.165,50","13.948,50","14.217,75","13.850,25","113,88K","1,32%"
"16.06.2021","13.981,25","14.046,75","14.103,75","13.840,00","124,32K","-0,35%"
"15.06.2021","14.030,25","14.119,50","14.163,00","14.009,25","178,16K","-0,67%"
"14.06.2021","14.124,75","13.999,00","14.133,50","13.965,25","229,73K","0,93%"
"11.06.2021","13.994,25","13.975,50","13.997,75","13.932,25","257,73K","0,25%"
"10.06.2021","13.959,75","13.817,00","13.976,50","13.726,00","492,34K","1,05%"
"09.06.2021","13.814,25","13.813,00","13.904,25","13.803,50","376,89K","0,02%"
"08.06.2021","13.811,50","13.823,00","13.917,25","13.741,75","482,55K","0,05%"
"07.06.2021","13.804,25","13.773,25","13.824,00","13.691,50","397,55K","0,27%"
"04.06.2021","13.766,75","13.531,75","13.783,75","13.467,75","446,99K","1,76%"
"03.06.2021","13.529,25","13.679,50","13.707,75","13.462,25","552,99K","-1,06%"
"02.06.2021","13.673,75","13.653,25","13.712,75","13.603,25","371,45K","0,18%"
"01.06.2021","13.648,75","13.699,00","13.773,00","13.592,25","448,00K","-0,27%"
"31.05.2021","13.686,25","13.711,25","13.717,88","13.652,75","","-0,19%"
"30.05.2021","13.712,88","13.690,00","13.719,38","13.690,00","","0,19%"
"28.05.2021","13.686,50","13.694,75","13.763,50","13.662,75","366,22K","0,15%"
"27.05.2021","13.665,50","13.702,50","13.720,75","13.620,25","388,60K","-0,25%"
"26.05.2021","13.700,25","13.670,25","13.728,50","13.656,00","343,07K","0,32%"
"25.05.2021","13.656,25","13.656,50","13.738,75","13.606,75","436,16K","0,15%"
"24.05.2021","13.635,25","13.383,25","13.686,00","13.356,50","368,61K","1,72%"
"21.05.2021","13.405,00","13.492,50","13.570,00","13.395,75","457,74K","-0,60%"
"20.05.2021","13.486,50","13.220,50","13.522,75","13.150,75","465,78K","1,91%"
"19.05.2021","13.233,50","13.182,00","13.243,00","12.954,25","669,35K","0,16%"
"18.05.2021","13.212,00","13.308,50","13.432,25","13.178,50","442,09K","-0,69%"
"17.05.2021","13.303,50","13.380,25","13.448,50","13.182,75","488,30K","-0,62%"
"14.05.2021","13.387,00","13.095,00","13.426,25","13.071,00","468,76K","2,19%"
"13.05.2021","13.100,25","12.968,75","13.223,75","12.915,00","727,35K","0,78%"
"12.05.2021","12.998,50","13.321,25","13.351,75","12.959,75","760,92K","-2,60%"
"11.05.2021","13.346,00","13.316,50","13.375,75","13.065,25","787,64K","-0,08%"
"10.05.2021","13.356,75","13.718,00","13.752,00","13.305,50","603,73K","-2,57%"
"07.05.2021","13.709,75","13.614,50","13.818,00","13.588,25","550,63K","0,82%"
"06.05.2021","13.597,75","13.484,00","13.611,50","13.388,75","567,45K","0,79%"
"05.05.2021","13.491,00","13.525,75","13.665,50","13.462,75","520,69K","-0,33%"
"04.05.2021","13.536,00","13.785,00","13.792,50","13.380,75","667,32K","-1,84%"
"03.05.2021","13.790,00","13.880,25","13.947,50","13.772,00","473,91K","-0,43%"
"30.04.2021","13.850,00","13.948,25","13.956,75","13.819,75","555,24K","-0,74%"
"29.04.2021","13.953,50","13.973,50","14.064,00","13.818,50","595,56K","0,44%"
"28.04.2021","13.892,25","13.955,50","13.993,50","13.878,00","501,60K","-0,44%"
"27.04.2021","13.953,00","14.024,75","14.050,00","13.912,50","412,80K","-0,42%"
"26.04.2021","14.011,50","13.919,75","14.039,25","13.865,50","403,66K","0,61%"
"23.04.2021","13.927,00","13.757,00","13.981,00","13.737,00","450,89K","1,29%"
"22.04.2021","13.750,25","13.896,50","13.944,75","13.701,75","623,94K","-1,21%"
"21.04.2021","13.919,25","13.740,00","13.926,50","13.700,50","510,09K","0,91%"
"20.04.2021","13.794,25","13.900,00","13.933,75","13.719,25","606,02K","-0,74%"
"19.04.2021","13.897,25","13.989,00","14.052,25","13.821,00","613,72K","-0,94%"
"16.04.2021","14.029,50","14.002,00","14.059,50","13.952,75","500,61K","0,11%"
"15.04.2021","14.014,00","13.827,00","14.034,25","13.789,25","524,81K","1,56%"
"14.04.2021","13.798,75","13.977,75","14.029,00","13.772,75","662,20K","-1,27%"
"13.04.2021","13.975,75","13.825,00","13.994,00","13.772,75","485,94K","1,21%"
"12.04.2021","13.808,75","13.817,75","13.832,25","13.732,00","453,97K","-0,15%"
"09.04.2021","13.829,50","13.786,50","13.841,75","13.648,25","494,77K","0,59%"
"08.04.2021","13.747,75","13.620,75","13.789,75","13.615,50","435,06K","1,05%"
"07.04.2021","13.604,75","13.580,50","13.641,00","13.512,50","434,83K","0,26%"
"06.04.2021","13.570,00","13.603,75","13.655,00","13.524,25","457,22K","-0,11%"
"05.04.2021","13.585,50","13.339,00","13.615,00","13.304,25","356,73K","2,02%"
"02.04.2021","13.316,00","13.330,50","13.393,00","13.325,50","41,62K","0,00%"
"01.04.2021","13.316,00","13.094,50","13.332,50","13.090,25","436,49K","1,73%"
"31.03.2021","13.089,75","12.894,75","13.158,00","12.858,25","478,40K","1,64%"
"30.03.2021","12.878,25","12.975,00","12.984,00","12.776,50","516,41K","-0,51%"
"29.03.2021","12.944,50","12.975,75","13.003,00","12.807,50","574,19K","-0,17%"
"26.03.2021","12.966,75","12.799,75","12.988,50","12.676,25","622,21K","1,54%"
"25.03.2021","12.770,50","12.803,00","12.859,50","12.609,75","745,80K","-0,18%"
"24.03.2021","12.794,00","13.050,25","13.145,25","12.784,00","626,54K","-1,63%"
"23.03.2021","13.006,25","13.069,00","13.172,00","12.979,00","604,25K","-0,50%"
"22.03.2021","13.071,75","12.807,00","13.157,00","12.788,50","478,67K","2,05%"
"19.03.2021","12.808,76","12.818,25","12.919,00","12.732,75","9,02K","0,10%"
"18.03.2021","12.795,50","13.200,50","13.279,00","12.777,50","121,11K","-3,08%"
"17.03.2021","13.201,50","13.174,75","13.283,25","12.946,50","202,70K","0,38%"
"16.03.2021","13.151,50","13.084,75","13.298,00","13.056,50","240,94K","0,56%"
"15.03.2021","13.078,50","12.950,00","13.099,00","12.872,00","297,63K","1,12%"
"12.03.2021","12.933,50","13.055,00","13.095,00","12.768,25","476,35K","-0,88%"
"11.03.2021","13.048,25","12.795,25","13.119,25","12.724,25","526,14K","2,35%"
"10.03.2021","12.749,25","12.812,00","12.993,25","12.703,00","715,96K","-0,31%"
"09.03.2021","12.788,75","12.345,75","12.867,50","12.326,00","644,02K","4,00%"
"08.03.2021","12.297,25","12.715,00","12.761,25","12.281,75","749,03K","-2,89%"
"05.03.2021","12.663,75","12.435,00","12.697,75","12.207,25","1,02M","1,68%"
"04.03.2021","12.455,00","12.682,00","12.797,00","12.306,50","1,05M","-1,79%"
"03.03.2021","12.681,75","13.061,25","13.192,00","12.663,25","756,45K","-2,86%"
"02.03.2021","13.055,25","13.312,25","13.328,25","13.048,25","563,14K","-1,69%"
"01.03.2021","13.279,75","12.957,50","13.318,00","12.946,25","513,85K","2,86%"
"26.02.2021","12.911,00","12.802,50","13.089,50","12.662,25","841,91K","0,62%"
"25.02.2021","12.831,75","13.304,75","13.353,75","12.764,00","894,52K","-3,54%"
"24.02.2021","13.302,00","13.170,75","13.334,00","12.958,00","673,35K","0,83%"
"23.02.2021","13.192,00","13.227,00","13.335,75","12.757,25","873,27K","-0,24%"
"22.02.2021","13.224,25","13.585,00","13.629,00","13.215,00","648,53K","-2,59%"
"19.02.2021","13.576,00","13.638,25","13.729,00","13.534,75","535,19K","-0,42%"
"18.02.2021","13.633,00","13.699,50","13.723,25","13.468,00","574,58K","-0,49%"
"17.02.2021","13.699,75","13.758,25","13.785,00","13.543,00","583,57K","-0,49%"
"16.02.2021","13.767,75","13.829,50","13.900,50","13.716,00","604,66K","-0,65%"
"15.02.2021","13.858,38","13.825,25","13.878,25","13.823,25","","0,24%"
"14.02.2021","13.825,38","13.840,75","13.840,75","13.819,25","","0,15%"
"12.02.2021","13.804,75","13.711,25","13.820,75","13.646,00","392,93K","0,55%"
"11.02.2021","13.729,00","13.662,00","13.743,75","13.612,50","495,13K","0,63%"
"10.02.2021","13.643,50","13.698,00","13.769,25","13.516,75","552,64K","-0,27%"
"09.02.2021","13.680,25","13.683,50","13.735,25","13.634,00","367,12K","-0,02%"
"08.02.2021","13.683,00","13.623,75","13.693,00","13.596,00","393,93K","0,63%"
"05.02.2021","13.598,00","13.560,00","13.638,50","13.519,50","431,94K","0,37%"
"04.02.2021","13.547,50","13.429,50","13.568,75","13.345,25","408,02K","1,14%"
"03.02.2021","13.394,25","13.506,00","13.584,50","13.386,75","499,10K","-0,41%"
"02.02.2021","13.449,00","13.232,50","13.509,75","13.230,50","491,67K","1,61%"
"01.02.2021","13.236,50","12.849,00","13.271,50","12.727,25","549,55K","2,52%"
"29.01.2021","12.911,25","13.156,00","13.188,00","12.829,00","738,85K","-2,08%"
"28.01.2021","13.186,00","13.052,50","13.394,00","12.906,25","623,57K","0,61%"
"27.01.2021","13.105,50","13.551,00","13.586,50","12.884,75","786,47K","-2,82%"
"26.01.2021","13.485,50","13.459,75","13.599,75","13.380,25","502,39K","0,07%"
"25.01.2021","13.475,50","13.370,00","13.554,50","13.189,00","663,84K","0,85%"
"22.01.2021","13.361,50","13.394,00","13.402,25","13.300,25","407,71K","-0,25%"
"21.01.2021","13.395,50","13.288,50","13.423,50","13.283,25","421,92K","0,76%"
"20.01.2021","13.294,25","13.030,00","13.327,00","13.017,00","438,77K","2,38%"
"19.01.2021","12.985,50","12.774,25","13.032,75","12.727,00","481,60K","1,19%"
"18.01.2021","12.832,50","12.743,75","12.835,00","12.727,50","","0,67%"
"17.01.2021","12.747,38","12.764,50","12.795,62","12.735,25","","-0,43%"
"15.01.2021","12.802,25","12.909,00","12.931,25","12.743,50","539,77K","-0,77%"
"14.01.2021","12.901,00","12.975,50","13.028,75","12.881,00","417,58K","-0,55%"
"13.01.2021","12.972,25","12.882,50","13.003,00","12.820,75","416,30K","0,64%"
"12.01.2021","12.890,25","12.910,75","12.959,00","12.767,25","461,73K","-0,05%"
"11.01.2021","12.897,00","13.093,25","13.105,25","12.871,75","454,75K","-1,53%"
"08.01.2021","13.097,25","12.927,00","13.125,00","12.919,00","508,11K","1,31%"
"07.01.2021","12.928,00","12.658,50","12.959,00","12.646,50","435,94K","2,47%"
"06.01.2021","12.616,75","12.800,25","12.844,25","12.491,25","755,62K","-1,38%"
"05.01.2021","12.793,50","12.682,75","12.809,00","12.612,00","483,17K","0,85%"
"04.01.2021","12.685,50","12.889,00","12.959,75","12.522,50","650,47K","-1,53%"
"01.01.2021","12.883,00","12.883,00","12.883,00","12.883,00","","-0,02%"
"31.12.2020","12.885,50","12.840,00","12.896,00","12.796,50","280,57K","0,34%"
"30.12.2020","12.841,50","12.860,75","12.909,75","12.820,50","334,30K","0,00%"
"29.12.2020","12.841,00","12.845,25","12.918,25","12.808,25","394,00K","0,06%"
"28.12.2020","12.832,75","12.676,25","12.855,50","12.655,25","346,69K","1,01%"
"24.12.2020","12.704,50","12.660,75","12.724,00","12.631,50","173,46K","0,42%"
"23.12.2020","12.651,25","12.704,75","12.738,75","12.623,50","358,01K","-0,46%"
"22.12.2020","12.710,00","12.698,25","12.760,00","12.593,50","457,27K","0,21%"
"21.12.2020","12.683,50","12.760,00","12.782,50","12.461,00","606,58K","-0,91%"
"18.12.2020","12.800,06","12.744,25","12.823,00","12.708,00","5,94K","0,38%"
"17.12.2020","12.751,00","12.677,00","12.766,25","12.667,50","84,47K","0,68%"
"16.12.2020","12.665,25","12.599,50","12.699,75","12.567,75","153,92K","0,58%"
"15.12.2020","12.591,75","12.460,50","12.604,75","12.417,00","223,26K","1,09%"
"14.12.2020","12.456,50","12.405,50","12.545,00","12.386,50","296,14K","0,72%"
"11.12.2020","12.368,00","12.391,00","12.414,25","12.234,25","361,86K","-0,27%"
"10.12.2020","12.402,00","12.342,75","12.449,00","12.218,25","529,84K","0,28%"
"09.12.2020","12.367,00","12.657,25","12.675,00","12.306,75","635,77K","-2,14%"
"08.12.2020","12.637,50","12.574,00","12.652,50","12.502,00","365,42K","0,33%"
"07.12.2020","12.596,00","12.525,00","12.612,25","12.474,75","323,77K","0,56%"
"04.12.2020","12.526,00","12.487,00","12.535,75","12.448,50","321,80K","0,51%"
"03.12.2020","12.462,25","12.472,00","12.540,25","12.444,00","376,88K","0,06%"
"02.12.2020","12.454,25","12.456,25","12.473,50","12.312,50","400,41K","0,02%"
"01.12.2020","12.452,25","12.336,00","12.512,25","12.312,00","464,02K","1,43%"
"30.11.2020","12.277,00","12.286,50","12.337,25","12.086,00","493,06K","0,16%"
"27.11.2020","12.257,50","12.168,25","12.307,50","12.127,00","296,83K","0,82%"
"26.11.2020","12.157,75","12.179,00","12.221,00","12.127,50","","0,05%"
"25.11.2020","12.152,25","12.098,50","12.177,75","12.077,50","386,23K","0,63%"
"24.11.2020","12.076,00","11.909,75","12.104,50","11.872,75","401,64K","1,43%"
"23.11.2020","11.905,25","11.894,00","12.001,75","11.808,25","425,78K","0,00%"
"20.11.2020","11.905,75","11.960,00","12.021,00","11.873,50","358,18K","-0,68%"
"19.11.2020","11.987,25","11.876,00","12.000,00","11.804,50","421,69K","0,76%"
"18.11.2020","11.897,00","11.972,00","12.027,50","11.861,50","475,83K","-0,65%"
"17.11.2020","11.975,00","12.061,25","12.096,25","11.953,75","401,51K","-0,25%"
"16.11.2020","12.005,00","11.957,25","12.065,00","11.851,75","471,10K","0,60%"
"13.11.2020","11.933,50","11.857,00","11.952,75","11.801,75","445,51K","0,96%"
"12.11.2020","11.820,00","11.898,50","11.975,75","11.775,75","554,93K","-0,56%"
"11.11.2020","11.886,00","11.632,25","11.917,75","11.575,25","546,22K","2,30%"
"10.11.2020","11.618,25","11.863,50","11.901,50","11.503,25","834,53K","-1,71%"
"09.11.2020","11.820,50","12.139,25","12.408,75","11.812,25","731,88K","-2,11%"
"06.11.2020","12.075,00","12.088,50","12.109,00","11.868,25","552,48K","-0,01%"
"05.11.2020","12.076,50","11.830,00","12.119,50","11.771,25","578,44K","2,67%"
"04.11.2020","11.763,00","11.264,00","11.843,75","11.230,25","842,62K","4,41%"
"03.11.2020","11.265,75","11.074,75","11.347,00","11.064,50","509,50K","1,83%"
"02.11.2020","11.063,25","11.034,50","11.212,00","10.942,25","602,65K","0,15%"
"30.10.2020","11.046,25","11.213,25","11.281,25","10.944,50","801,98K","-2,61%"
"29.10.2020","11.342,75","11.180,50","11.457,75","11.145,00","606,33K","1,89%"
"28.10.2020","11.132,75","11.558,50","11.566,75","11.123,75","749,42K","-3,93%"
"27.10.2020","11.588,00","11.499,50","11.623,00","11.478,25","551,64K","0,83%"
"26.10.2020","11.492,25","11.634,00","11.695,50","11.343,25","674,14K","-1,47%"
"23.10.2020","11.663,50","11.669,25","11.691,75","11.551,00","501,24K","0,12%"
"22.10.2020","11.649,75","11.683,50","11.724,00","11.511,00","583,67K","-0,35%"
"21.10.2020","11.691,25","11.675,25","11.779,25","11.585,00","599,85K","0,26%"
"20.10.2020","11.660,75","11.697,50","11.792,00","11.598,50","622,70K","0,09%"
"19.10.2020","11.650,25","11.816,75","11.950,50","11.591,25","623,20K","-1,25%"
"16.10.2020","11.798,00","11.891,00","12.022,00","11.792,00","527,03K","-0,64%"
"15.10.2020","11.874,00","11.950,00","11.983,25","11.736,50","595,93K","-0,84%"
"14.10.2020","11.974,25","12.079,75","12.178,00","11.901,75","597,20K","-0,99%"
"13.10.2020","12.094,00","12.100,00","12.249,00","12.019,00","754,74K","-0,04%"
"12.10.2020","12.098,25","11.722,75","12.197,00","11.687,75","756,44K","3,19%"
"09.10.2020","11.724,75","11.562,00","11.739,00","11.552,50","408,45K","1,61%"
"08.10.2020","11.539,00","11.473,25","11.578,75","11.469,75","403,38K","0,60%"
"07.10.2020","11.470,00","11.220,50","11.506,50","11.208,00","443,05K","1,74%"
"06.10.2020","11.273,75","11.473,00","11.524,50","11.197,50","612,28K","-1,70%"
"05.10.2020","11.469,25","11.308,50","11.497,50","11.267,50","398,44K","2,10%"
"02.10.2020","11.233,25","11.566,75","11.604,75","11.204,50","806,63K","-2,95%"
"01.10.2020","11.574,75","11.375,00","11.599,25","11.375,00","580,59K","1,47%"
"30.09.2020","11.407,25","11.321,00","11.526,00","11.167,00","647,97K","0,61%"
"29.09.2020","11.337,75","11.388,00","11.448,75","11.289,50","444,17K","-0,50%"
"28.09.2020","11.394,75","11.145,00","11.404,00","11.140,25","568,22K","2,32%"
"25.09.2020","11.136,50","10.914,25","11.166,25","10.813,75","600,73K","2,25%"
"24.09.2020","10.891,75","10.803,50","11.011,75","10.660,25","791,93K","0,58%"
"23.09.2020","10.829,00","11.160,50","11.222,00","10.786,00","656,11K","-2,87%"
"22.09.2020","11.149,50","10.966,25","11.191,00","10.897,50","573,57K","1,46%"
"21.09.2020","10.989,00","10.920,00","11.009,75","10.656,50","727,98K","-1,40%"
"18.09.2020","11.144,81","11.082,00","11.179,25","11.037,25","","0,49%"
"17.09.2020","11.090,00","11.269,50","11.302,50","10.918,75","157,39K","-1,59%"
"16.09.2020","11.268,75","11.467,50","11.550,00","11.237,50","167,83K","-1,71%"
"15.09.2020","11.464,25","11.278,50","11.495,50","11.247,75","224,40K","1,63%"
"14.09.2020","11.280,50","11.104,00","11.362,75","11.104,00","322,36K","1,98%"
"11.09.2020","11.061,50","11.187,00","11.356,25","10.937,50","495,80K","-1,04%"
"10.09.2020","11.178,25","11.377,75","11.566,75","11.088,00","885,27K","-1,88%"
"09.09.2020","11.392,75","11.006,00","11.478,75","10.935,25","720,95K","3,00%"
"08.09.2020","11.060,50","11.531,00","11.585,00","11.040,50","1,01M","-4,32%"
"07.09.2020","11.560,00","11.419,62","11.584,62","11.372,38","","1,24%"
"06.09.2020","11.418,62","11.538,88","11.546,25","11.309,00","","-1,13%"
"04.09.2020","11.548,75","11.745,00","11.843,00","11.142,00","1,20M","-2,13%"
"03.09.2020","11.800,50","12.408,50","12.438,75","11.658,50","931,58K","-4,92%"
"02.09.2020","12.411,50","12.325,50","12.465,25","12.172,25","725,40K","0,80%"
"01.09.2020","12.312,50","12.109,75","12.328,75","12.093,00","519,00K","1,64%"
"31.08.2020","12.114,00","12.002,75","12.165,00","11.988,25","480,98K","1,02%"
"28.08.2020","11.991,75","11.953,25","12.018,25","11.920,50","489,07K","0,33%"
"27.08.2020","11.952,75","11.984,50","12.046,00","11.834,75","709,35K","-0,32%"
"26.08.2020","11.991,25","11.739,50","12.001,50","11.726,75","578,80K","2,26%"
"25.08.2020","11.726,25","11.636,00","11.742,25","11.574,75","495,89K","0,77%"
"24.08.2020","11.636,25","11.581,00","11.722,50","11.528,25","617,00K","0,64%"
"21.08.2020","11.562,00","11.480,00","11.573,50","11.407,00","414,23K","0,74%"
"20.08.2020","11.477,25","11.327,00","11.496,50","11.221,50","401,14K","1,28%"
"19.08.2020","11.332,00","11.414,25","11.438,00","11.299,00","410,89K","-0,68%"
"18.08.2020","11.409,25","11.285,50","11.415,25","11.268,00","326,82K","1,09%"
"17.08.2020","11.286,75","11.145,00","11.300,50","11.142,25","246,40K","1,37%"
"14.08.2020","11.133,75","11.180,50","11.237,75","11.096,00","398,62K","-0,37%"
"13.08.2020","11.175,25","11.115,50","11.266,00","11.094,25","413,66K","0,44%"
"12.08.2020","11.126,00","10.928,50","11.185,75","10.878,50","434,24K","2,28%"
"11.08.2020","10.878,50","11.072,25","11.157,75","10.845,50","561,75K","-1,75%"
"10.08.2020","11.072,00","11.140,25","11.156,50","10.928,25","485,73K","-0,46%"
"07.08.2020","11.122,75","11.260,50","11.283,25","11.035,25","532,55K","-1,23%"
"06.08.2020","11.261,25","11.094,00","11.271,75","11.051,25","420,44K","1,53%"
"05.08.2020","11.091,75","11.080,50","11.144,00","11.055,75","348,82K","0,05%"
"04.08.2020","11.086,00","11.054,00","11.094,75","10.983,00","395,70K","0,38%"
"03.08.2020","11.044,25","10.933,25","11.073,00","10.876,25","389,62K","1,41%"
"31.07.2020","10.890,50","10.906,50","10.939,00","10.691,00","631,55K","0,89%"
"30.07.2020","10.794,00","10.700,00","10.897,25","10.502,75","521,16K","1,12%"
"29.07.2020","10.674,25","10.558,00","10.699,75","10.512,25","368,01K","1,27%"
"28.07.2020","10.540,00","10.682,50","10.758,50","10.514,00","445,25K","-1,27%"
"27.07.2020","10.675,25","10.490,00","10.684,00","10.401,00","444,80K","2,07%"
"24.07.2020","10.459,00","10.565,50","10.597,00","10.301,00","652,48K","-0,85%"
"23.07.2020","10.548,25","10.850,00","10.938,50","10.514,50","644,19K","-2,37%"
"22.07.2020","10.804,25","10.850,75","10.916,25","10.761,25","483,85K","-0,43%"
"21.07.2020","10.851,00","10.952,25","11.058,00","10.784,75","587,99K","-0,91%"
"20.07.2020","10.951,00","10.621,25","10.964,50","10.546,25","496,40K","3,09%"
"17.07.2020","10.622,50","10.532,25","10.669,75","10.523,75","443,14K","1,05%"
"16.07.2020","10.511,75","10.693,00","10.698,25","10.475,50","628,90K","-1,61%"
"15.07.2020","10.683,25","10.706,00","10.766,50","10.551,25","719,95K","0,35%"
"14.07.2020","10.646,25","10.602,00","10.693,00","10.358,75","915,01K","0,44%"
"13.07.2020","10.600,00","10.848,25","11.058,50","10.561,50","736,18K","-2,19%"
"10.07.2020","10.837,25","10.727,00","10.847,50","10.625,50","527,57K","1,02%"
"09.07.2020","10.727,50","10.674,25","10.774,25","10.560,00","607,39K","0,61%"
"08.07.2020","10.662,25","10.526,00","10.673,00","10.505,25","481,02K","1,23%"
"07.07.2020","10.532,25","10.600,00","10.694,50","10.505,75","465,21K","-0,63%"
"06.07.2020","10.598,50","10.347,25","10.614,50","10.341,50","486,37K","2,61%"
"03.07.2020","10.328,88","10.348,00","10.389,25","10.310,25","","-0,26%"
"02.07.2020","10.355,75","10.258,50","10.422,25","10.246,50","404,76K","0,85%"
"01.07.2020","10.268,75","10.141,00","10.310,00","10.076,00","402,79K","1,20%"
"30.06.2020","10.147,25","9.983,00","10.171,50","9.940,25","422,35K","1,74%"
"29.06.2020","9.973,75","9.785,50","9.997,00","9.728,75","479,54K","1,10%"
"26.06.2020","9.865,50","10.087,00","10.120,50","9.824,25","576,15K","-2,21%"
"25.06.2020","10.088,25","10.005,25","10.107,00","9.885,50","514,25K","0,77%"
"24.06.2020","10.010,75","10.183,00","10.242,00","9.927,25","661,65K","-1,82%"
"23.06.2020","10.196,00","10.121,50","10.296,25","9.972,25","406,48K","0,70%"
"22.06.2020","10.124,75","9.868,00","10.134,50","9.843,50","354,77K","0,04%"
"19.06.2020","10.120,84","9.997,25","10.123,25","9.997,25","4,46K","1,25%"
"18.06.2020","9.995,75","9.995,25","10.040,75","9.879,50","67,46K","0,01%"
"17.06.2020","9.994,50","9.961,75","10.059,00","9.927,00","100,47K","0,22%"
"16.06.2020","9.972,50","9.812,50","10.013,75","9.797,75","216,31K","1,76%"
"15.06.2020","9.800,50","9.536,75","9.815,50","9.381,75","319,21K","1,61%"
"12.06.2020","9.645,00","9.616,00","9.849,25","9.494,75","508,84K","0,29%"
"11.06.2020","9.616,75","10.086,25","10.107,00","9.584,50","828,94K","-4,66%"
"10.06.2020","10.087,25","9.960,00","10.155,50","9.958,50","557,71K","1,37%"
"09.06.2020","9.951,00","9.887,25","10.005,25","9.811,50","437,44K","0,67%"
"08.06.2020","9.884,75","9.819,00","9.901,00","9.747,00","391,65K","0,78%"
"05.06.2020","9.808,50","9.643,50","9.846,25","9.601,75","513,66K","1,89%"
"04.06.2020","9.626,25","9.685,50","9.742,50","9.572,25","462,36K","-0,60%"
"03.06.2020","9.684,75","9.657,50","9.728,25","9.635,50","376,69K","0,38%"
"02.06.2020","9.647,75","9.590,00","9.670,00","9.504,75","389,91K","0,55%"
"01.06.2020","9.595,00","9.513,00","9.605,75","9.450,25","345,59K","0,36%"
"29.05.2020","9.560,25","9.453,50","9.590,50","9.372,00","529,70K","1,06%"
"28.05.2020","9.460,25","9.436,50","9.565,50","9.320,50","510,62K","0,29%"
"27.05.2020","9.432,50","9.409,00","9.508,00","9.172,50","560,52K","0,28%"
"26.05.2020","9.406,50","9.396,25","9.604,00","9.373,00","486,55K","-1,08%"
"25.05.2020","9.509,12","9.457,25","9.535,62","9.416,88","","0,56%"
"24.05.2020","9.456,12","9.419,25","9.462,62","9.393,00","","0,53%"
"22.05.2020","9.406,25","9.360,50","9.422,50","9.241,50","365,38K","0,54%"
"21.05.2020","9.355,75","9.494,75","9.510,75","9.352,00","429,22K","-1,37%"
"20.05.2020","9.485,50","9.289,75","9.498,00","9.273,00","369,92K","1,99%"
"19.05.2020","9.300,75","9.316,25","9.417,25","9.283,75","392,50K","-0,27%"
"18.05.2020","9.325,50","9.135,00","9.361,50","9.110,25","398,56K","2,52%"
"15.05.2020","9.096,50","9.085,50","9.148,50","8.925,50","537,25K","0,19%"
"14.05.2020","9.079,50","9.012,75","9.104,00","8.847,00","639,07K","0,97%"
"13.05.2020","8.992,25","9.045,75","9.202,75","8.878,25","703,29K","-0,95%"
"12.05.2020","9.078,25","9.282,00","9.345,50","9.040,50","500,54K","-2,16%"
"11.05.2020","9.279,00","9.194,75","9.339,00","9.118,50","398,14K","0,66%"
"08.05.2020","9.218,25","9.115,00","9.238,00","9.103,25","362,32K","1,21%"
"07.05.2020","9.107,75","8.947,50","9.126,00","8.930,25","383,88K","1,74%"
"06.05.2020","8.952,00","8.928,50","9.056,50","8.877,75","414,05K","0,31%"
"05.05.2020","8.924,25","8.806,25","9.020,00","8.798,50","367,23K","1,46%"
"04.05.2020","8.795,50","8.624,00","8.828,00","8.556,25","381,91K","0,89%"
"01.05.2020","8.718,00","8.847,00","8.879,00","8.672,00","414,56K","-3,01%"
"30.04.2020","8.988,50","9.109,50","9.144,75","8.856,50","462,96K","-0,53%"
"29.04.2020","9.036,50","8.759,25","9.118,75","8.733,75","432,41K","3,63%"
"28.04.2020","8.719,75","8.819,00","8.945,75","8.654,50","440,94K","-1,18%"
"27.04.2020","8.824,25","8.766,00","8.898,00","8.730,00","355,55K","0,63%"
"24.04.2020","8.769,00","8.588,25","8.780,25","8.498,25","380,23K","1,98%"
"23.04.2020","8.598,75","8.636,25","8.786,50","8.580,50","435,11K","-0,45%"
"22.04.2020","8.638,00","8.447,00","8.700,00","8.400,00","373,07K","2,45%"
"21.04.2020","8.431,75","8.695,00","8.763,00","8.342,00","582,45K","-2,99%"
"20.04.2020","8.692,00","8.799,50","8.846,00","8.687,00","427,98K","-1,33%"
"17.04.2020","8.809,00","8.909,75","8.966,75","8.689,50","509,56K","0,86%"
"16.04.2020","8.734,25","8.576,00","8.842,50","8.500,50","539,16K","1,63%"