Data,Último,Abertura,Máxima,Mínima,Vol.,Var%,Média movel curta,Média movel longa,Sinal,EMA10,EMA30,EMA200,ROC10,ROC30,MOM10,MOM30,RSI10,RSI30,RSI200,%K10,%D10,%K30,%D30,%K200,%D200,simple_rtn,log_rtn
2025-04-17,84623.0,84032.2,84999.0,83822.8,"52,98K","0,70%",84623.0,84623.0,0.0,,,,,,,,,,,,,,,,,,
2025-04-16,84032.2,83648.1,85438.2,83143.5,"63,97K","0,46%",84327.6,84327.6,0.0,,,,,,,,,,,,,,,,,-0.006981553478368818,-0.007006038551972649
2025-04-15,83647.0,84586.8,86438.8,83602.7,"62,45K","-1,11%",84100.73333333334,84100.73333333334,0.0,,,,,,,,,,,,,,,,,-0.00458395710215842,-0.00459449565135314
2025-04-14,84586.4,83752.8,85794.9,83705.2,"78,03K","1,02%",84222.15,84222.15,0.0,,,,,,,,,,,,,,,,,0.01123052829151061,0.011167934116441739
2025-04-13,83734.4,85282.5,85999.5,83049.6,"70,93K","-1,83%",84124.6,84124.6,0.0,,,,,,,,,,,,,,,,,-0.010072541212298947,-0.01012361248998571
2025-04-12,85292.7,83420.5,85893.5,82828.0,"55,60K","2,25%",84319.28333333333,84319.28333333333,0.0,,,,,,,,,,,,,,,,,0.018610033630144907,0.018438985832325106
2025-04-11,83413.1,79606.1,84275.0,79004.2,"94,62K","4,78%",84189.82857142857,84189.82857142857,0.0,,,,,,,,,,,,,,,,,-0.022037055926239724,-0.02228349916027741
2025-04-10,79607.5,82606.8,82737.5,78495.8,"92,83K","-3,63%",83617.0375,83617.0375,0.0,,,,,,,,,,,,,,,,,-0.04562352915789014,-0.04669706185301074
2025-04-09,82607.0,76312.3,83566.7,74657.3,"172,18K","8,25%",83504.81111111112,83504.81111111112,0.0,,,,,,,,,,,,,,,,,0.03767861068366685,0.03698611318158966
2025-04-08,76312.5,79166.7,80839.8,76255.0,"93,88K","-3,60%",82785.58,82785.58,0.0,81603.44739228852,,,-9.82061614454699,,,,,,,14.049144845732691,,,,,,-0.07619814301451455,-0.07925767082800157
2025-04-07,79162.5,78406.6,81095.9,74524.2,"170,57K","0,98%",82239.53,82456.20909090909,0.0,81104.7923566261,,,-5.795040472580745,,-5460.5,,37.67654108120551,,,38.92954862101959,,,,,,0.03734643734643739,0.03666594997162529
2025-04-06,78391.3,83528.0,83731.7,77171.1,"79,17K","-6,18%",81675.44,82117.46666666666,0.0,80562.64155001435,,,-6.283190072566855,,-5640.899999999994,,36.273581512084874,,,32.456817685864436,28.47850371753891,,,,,-0.009741986420337856,-0.009789750031499617
2025-04-05,83552.1,83876.0,84249.3,82384.4,"32,71K","-0,38%",81665.95,82227.82307692307,0.0,81149.38032095715,,,-1.2227734009249578,,-94.89999999999418,,50.09183688861034,,,78.67245300776456,50.019606438216194,,,,,0.06583383615273641,0.06375743756439399
2025-04-04,83866.7,83160.2,84704.1,81691.1,"91,54K","0,85%",81593.98000000001,82344.8857142857,0.0,81675.10927367405,,,0.157999579623193,,-719.6999999999971,,50.81422797065482,,,81.41399353393808,64.1810880758557,,,,,0.003765315294289362,0.0037582442389335895
2025-04-03,83159.4,82522.6,83908.9,81313.8,"83,15K","0,77%",81536.48000000001,82399.18666666668,0.0,81958.97151573107,,,-2.501151915697361,,-575.0,,49.04100802022466,,,75.95190557026373,78.67945070398879,,,,,-0.008433621449276063,-0.008469385657807724
2025-04-02,82525.0,85166.0,88377.3,82358.9,"104,05K","-3,10%",81259.71,82407.05,0.0,82066.21042163543,,,-1.0647008683288426,,-2767.699999999997,,47.39281969923172,,,57.75458200691541,71.70682703703908,,,,,-0.007628722669956622,-0.007657970217312055
2025-04-01,85164.2,82548.6,85506.2,82435.8,"66,72K","3,17%",81434.81999999999,82569.23529411765,0.0,82648.70046343366,,,6.980121219734318,,1751.0999999999913,,54.46649533927702,,,76.80591347784969,70.17080035167628,,,,,0.03198061193577706,0.03147987999895832
2025-03-31,82548.8,82375.4,83895.6,81300.1,"61,76K","0,22%",81728.95,82568.1,0.0,82630.03279338534,,,-0.07045407774159222,,2941.300000000003,,47.44240454268519,,,57.92638470811588,64.162293397627,,,,,-0.030710087102326922,-0.03119152412219382
2025-03-30,82371.6,82646.8,83532.9,81593.2,"35,37K","-0,33%",81705.41,82557.75789473683,0.0,82581.98372881461,,,7.9398525798525865,,-235.39999999999418,,46.98624734213607,,,56.64724863027052,63.793182272078695,,,,,-0.002146609036109526,-0.002148916303745512
2025-03-29,82645.7,84412.1,84603.4,81668.2,"39,34K","-2,09%",82338.73000000001,82562.155,0.0,82593.7817138005,,,4.400063161219008,,6333.199999999997,,47.84807610664153,,,58.62586713443198,57.73316682427279,,,,,0.0033276032030455927,0.003322078983056273
2025-03-28,84410.4,87209.5,87507.5,83596.7,"85,25K","-3,23%",82863.52,82650.16666666667,1.0,82929.03292188833,,,7.678275522921537,,5247.899999999994,,53.28113106544741,,,64.6008459602719,59.95798724165814,,,,,0.021352593056868097,0.02112782046409541
2025-03-27,87228.2,86937.0,87751.4,85844.4,"56,49K","0,36%",83747.20999999999,82858.2590909091,1.0,83720.27168539997,,,4.399769724519182,,8836.899999999994,,60.56911006608136,,,83.76335273837103,68.99668861102496,,,,,0.033382142484812416,0.032837056370191006
2025-03-26,86912.0,87349.8,88276.7,85866.4,"62,04K","-0,56%",84083.2,83034.50869565217,1.0,84306.38727662299,,,3.631119383497864,,3359.899999999994,,59.41350572942552,,,79.29548408975296,75.88656092946529,,,,,-0.003624974492194011,-0.003631560633441918
2025-03-25,87404.0,87495.3,88523.3,86328.5,"75,24K","-0,10%",84436.93,83216.57083333333,1.0,84874.18782952802,,,5.1041734307847415,,3537.300000000003,,60.70950916343671,,,84.50409790674489,82.52097824495628,,,,,0.005660898379970636,0.005644935708444197
2025-03-24,87490.0,86076.1,88740.2,85541.6,"95,71K","1,64%",84869.98999999999,83387.508,1.0,85352.96235983324,,,6.016358679188125,,4330.600000000006,,60.95167776278035,,,83.19646241313963,82.33201480321249,,,,,0.0009839366619377454,0.000983452913552902
2025-03-23,86077.4,83840.2,86082.0,83812.7,"31,13K","2,67%",85225.23,83490.96538461538,1.0,85485.39624498996,,,1.0722815455320394,,3552.399999999994,,54.78858504301675,,,64.21015846561194,77.30357292849881,,,,,-0.016145845239456058,-0.01627760962182947
2025-03-22,83840.5,84076.6,84526.3,83688.2,"20,84K","-0,28%",85092.86,83503.91111111111,1.0,85184.99174810246,,,1.5647713837148414,,-1323.699999999997,,46.5134280246871,,,34.14470235615109,60.51710774496755,,,,,-0.025987076747206572,-0.026330707200936797
2025-03-21,84073.3,84208.7,84831.0,83215.9,"42,80K","-0,16%",85245.31000000001,83524.24642857142,1.0,84982.1297758725,,,2.0658819301798155,,1524.5,,47.431560066907686,,,34.70127326150841,44.35204469442382,,,,,0.0027767009977277546,0.0027728530848689123
2025-03-20,84208.1,86841.3,87419.0,83656.1,"69,86K","-3,03%",85428.95999999999,83547.8275862069,1.0,84840.9779761649,,,1.8904794804811487,,1836.5,,48.00578207928323,,,35.914875565610984,34.92028372775683,,,,,0.0016033627798599515,0.001602078766068086
2025-03-19,86841.0,82719.1,86990.6,82557.5,"84,61K","4,98%",85848.49,83657.6,1.0,85205.50391468438,84325.25385100798,,2.8795029996303843,2.621036833957671,4195.300000000003,,57.96949709897435,,,69.28202888705584,46.63272590472508,86.64040517726508,,,,0.03126658836857721,0.03078774422812189
2025-03-18,82719.1,84019.1,84019.1,81171.3,"58,17K","-1,55%",85679.36,83594.13666666667,1.0,84752.53011265448,84206.6230151607,,-5.16931451067429,-1.562615283189053,-1691.2999999999884,-1903.8999999999942,43.47692061597432,48.15862214373173,,20.449470861023453,41.88212510456343,57.645610579628645,,,,-0.04746490712912099,-0.048628329750905
2025-03-17,84019.1,82580.3,84729.2,82525.0,"58,04K","1,74%",85358.45,83593.7,1.0,84618.9619643449,84192.90075052521,,-3.3285392120765764,0.44484560115725114,-3209.0999999999913,-13.099999999991269,48.02997064066563,49.472996066331426,,37.625018166444335,42.452172638174545,66.79023635340468,70.3587507034328,,,0.01571583830094858,0.015593623325002698
2025-03-16,82578.4,84341.3,84942.5,82014.2,"50,04K","-2,09%",84925.09,83558.08,1.0,84247.45637654167,84075.77172324981,,-5.52102878586793,-2.3739040791427466,-4333.600000000006,-1068.6000000000058,43.695818238238424,48.07559669940934,,18.590548164198132,25.555012397221976,56.65588069780527,60.36390921027953,,,-0.017147291508716633,-0.017296008829688868
2025-03-15,84341.3,83978.7,84679.5,83636.4,"38,40K","0,43%",84618.82,83549.90999999999,1.0,84264.53744908987,84094.88181351237,,-3.5989255914961675,0.7247917223984512,-3062.699999999997,-245.09999999999127,49.84878953516108,49.86803588147243,,41.88191150629553,32.69915927897933,69.05669667979744,64.16760457700246,,,0.021348197591622098,0.021123516882027855
2025-03-14,83977.1,81103.5,85286.6,80833.2,"81,23K","3,55%",84267.53,83558.0,1.0,84212.22950269203,84086.46776530962,,-2.44001329036424,-1.5424532228432108,-3512.899999999994,242.70000000001164,48.6289330678223,49.502829416107915,,47.73755656108609,36.07000541052658,66.49479459763653,64.06912399174642,,,-0.00431816915319061,-0.004327519372536024
2025-03-13,81100.2,83664.7,84292.0,79954.9,"79,25K","-3,06%",83769.81,83418.25,1.0,83645.99329776014,83874.60242722735,,-3.268468103124388,-2.772825851095342,-4977.199999999997,-4192.5,40.03101938207791,46.707634190197865,,15.344113824841601,34.987860630741075,46.25773776027012,60.603076345901364,,,-0.03425814894774892,-0.034858715418795094
2025-03-12,83664.3,82921.1,84266.5,80646.6,"88,61K","0,90%",83752.19,83426.62333333334,1.0,83649.32377494258,83859.77752963828,,-0.48648024997234557,5.096002261093494,-176.1999999999971,251.1999999999971,48.96656058135245,49.34481252773375,,49.69654747390852,37.592739286612066,64.29445694991563,59.01566310260743,,,0.03161644484230619,0.031126936001432185
2025-03-11,82921.1,78579.7,83572.6,76677.1,"123,59K","5,53%",83636.97,83537.07666666668,1.0,83516.85482620547,83794.00027503721,,-1.5283565357726867,0.380234120595114,-1152.199999999997,3313.600000000006,46.72440271951706,48.62335066045992,,58.12751934015401,41.05606021296804,59.06654473832308,56.539579816169606,,,-0.008883119801396777,-0.00892280993305522
2025-03-10,78575.9,80702.2,83902.8,77480.5,"120,23K","-2,62%",83073.75,83402.70666666668,0.0,82618.14067571287,83430.36625766486,,-9.51750901072075,2.9659623259623182,-5632.200000000012,-4031.100000000006,36.01221868209377,44.672927503183516,,18.410820768895025,42.07829586098585,28.500984805852543,50.62066216469708,,,-0.052401620335475685,-0.053824516635097436
2025-03-09,80691.6,86221.5,86498.6,80048.9,"69,90K","-6,41%",82458.81,83548.67666666668,0.0,82267.7461201097,83240.49154240465,,-2.4510663196287195,1.9315963998105237,-6149.399999999994,4379.100000000006,43.073023274122676,46.84805860988397,,40.87461182100493,39.13765064335132,43.38351153629719,43.65034702682427,,,0.026925558600028987,0.02656944399606223
2025-03-08,86221.9,86783.8,86886.8,85264.6,"41,90K","-0,36%",82809.09,83783.99,0.0,82986.87534331498,83446.19834213302,,2.621784808454254,9.989118690466915,3502.7999999999884,7059.399999999994,56.88937920603922,51.955562679297714,,93.48756574629999,50.924332778733316,79.12393994910094,50.3361454304169,,,0.06853625408344843,0.06628972508770062
2025-03-07,86531.2,89879.5,91059.8,84864.3,"138,11K","-3,78%",83060.3,84055.32,0.0,83631.43892354246,83658.10329544736,,4.786723889055738,3.5655596926947273,2512.0999999999913,8139.899999999994,57.52992057801924,52.22119405244725,,68.5135614314419,67.62524633291561,68.5135614314419,63.673670972280014,,,0.003587255674022627,0.003580836818524275
2025-03-06,89930.9,90611.7,92802.0,87849.6,"89,27K","-0,75%",83795.55,84267.94666666667,0.0,84777.00039180761,84087.1835573325,,6.627358127038581,7.2307602421461645,7352.5,6378.799999999988,64.05288634749894,55.0472236592644,,82.19461826119847,81.39858181298013,82.19461826119847,76.6107065472471,,,0.03928871898228614,0.03853655511503999
2025-03-05,90611.7,87269.5,90937.8,86429.4,"95,54K","3,83%",84422.59,84492.78,0.0,85838.01014463784,84531.75414986878,,7.900487156617686,8.961464368429791,6270.399999999994,6745.0,65.24075600971585,55.59136416582803,,86.41665994827873,79.0416132136397,86.41665994827873,79.0416132136397,,,0.007570256719325652,0.007541746123870678
2025-03-04,87266.3,86083.8,88887.8,81617.0,"132,50K","1,23%",84751.51,84629.67666666668,1.0,86097.73030834482,84717.40942316639,,7.603063864207495,5.745289306270831,3289.199999999997,4106.900000000009,55.26898589242678,52.36895833366763,,65.66986461931548,78.09371427626422,65.66986461931548,78.09371427626422,,,-0.0369201769749381,-0.037618980665858545
2025-03-03,86209.7,94266.1,94266.1,85140.8,"143,15K","-8,55%",85262.46,84752.5,1.0,86118.09042877583,84818.38389451208,,3.0423968168023805,1.2276285105713434,5109.5,3684.699999999997,52.45537944645918,51.39557381803987,,54.196372732958054,68.76096576685076,54.196372732958054,68.76096576685076,,,-0.012107766686567545,-0.012181662777136264
2025-03-02,94265.1,86065.7,94986.5,85069.3,"126,76K","9,52%",86322.54000000001,85055.86333333333,1.0,87599.48364038515,85455.5813963189,,13.680474571610842,14.193180276394088,10600.800000000003,9100.900000000009,66.7807455653964,57.60965858732473,,96.05994734944895,71.97539490057416,96.05994734944895,71.97539490057416,,,0.09343960134416429,0.08932832535605315
2025-03-01,86071.6,84353.4,86546.3,83837.3,"79,51K","2,00%",86637.59,85173.29000000001,1.0,87321.66839489131,85497.01130476038,,9.539438937384125,4.491839420382753,3150.5,3522.800000000003,49.81699991073693,50.77860457387582,,49.075174225979694,66.44383143612889,51.30970976656801,67.188676616325,,,-0.08691976139631741,-0.09093151768834937
2025-02-28,84381.2,84713.3,85028.7,78329.8,"186,90K","-0,39%",87218.12,85240.27666666667,1.0,86787.00908843291,85422.17310201797,,4.572470988306083,2.099927763936902,5805.300000000003,2009.5999999999913,47.07577014416548,49.52528257451774,,36.330125414998136,60.488415663475585,42.077293630594085,63.14898358220369,,,-0.01963946295874608,-0.01983488003421468
2025-02-27,84714.6,84204.6,87013.9,82723.5,"116,14K","0,60%",87620.42000000001,85309.23999999999,1.0,86410.19089265498,85374.83662831475,,-1.7481637495810096,0.36038213300732097,4023.0,2068.9000000000087,47.706364826329924,49.7781969816406,,38.33172236997727,41.2456740036517,43.89821621680668,45.76173987132292,,,0.0039511170734714,0.003943331910396576
2025-02-26,84212.7,88675.0,89375.3,82332.9,"145,33K","-5,04%",87419.5,85302.65,1.0,86010.632741706,85297.27484087978,,-2.679380385340779,-3.4570242192318537,-2009.199999999997,-197.6999999999971,46.77416105729571,49.39277369969663,,35.31852047524417,36.660122753406526,41.15700132172542,42.37750372304206,,,-0.005924598593394892,-0.005942218656644912
2025-02-25,88686.0,91510.4,92523.1,86097.5,"195,29K","-3,08%",87634.98000000001,85351.24333333333,1.0,86497.07744862766,85522.9386578823,,-1.384285045518275,2.0411450662739323,2154.800000000003,1457.800000000003,55.403934493150345,52.76485561826366,,62.17438027940708,45.27487437487617,65.58871399390476,50.21464384414562,,,0.053119066364099465,0.051756300229695414
2025-02-24,91508.5,96261.0,96497.9,91378.5,"96,46K","-4,93%",87792.74,85504.45999999999,1.0,87408.2670955983,85920.7064636802,,0.9897176633922583,4.696009335957164,1577.6000000000058,4596.5,59.95571054631307,54.7336060340935,,72.5375796038111,56.676826786154116,74.82745398773008,60.52438976778675,,,0.03182576731389397,0.03132982268376586
2025-02-23,96258.8,96556.2,96655.2,95259.5,"38,82K","-0,31%",88357.45,85799.61999999998,1.0,89017.48655602512,86606.39070553493,,10.304665145651871,10.022631157846615,5647.100000000006,8854.800000000003,66.37381173499185,57.79618615065391,,97.83688214172682,77.51628067498167,98.0158273309274,79.47733177085406,,,0.0519110246589114,0.05060853341822844
2025-02-22,96556.1,96158.3,96930.8,95801.1,"45,62K","0,42%",89286.43000000001,86101.82333333332,1.0,90388.16560942533,87265.12276932326,,12.001433713375652,12.173578662924314,9289.800000000003,9066.100000000006,66.74445946201848,57.98024732124984,,97.98559217246387,89.45335130600058,98.14996766023,90.3310829929625,,,0.0030885487872278627,0.003083789018422798
2025-02-21,96155.6,98310.3,99473.4,94903.6,"104,28K","-2,19%",90281.02,86437.76333333334,1.0,91436.80385478039,87852.7340613123,,2.005514235915519,14.688724423160652,9945.900000000009,10078.200000000012,65.66113834104974,57.62998785861077,,84.30825403431777,93.37690944950282,85.44588376183859,93.870559584332,,,-0.004147847727901222,-0.004156473909944517
2025-02-20,98310.3,96645.2,98721.6,96441.9,"61,84K","1,72%",90685.54000000001,86920.09,1.0,92686.54389329144,88542.8320322592,,14.219208194108157,16.93403256444079,4045.199999999997,14469.800000000003,68.69819665414482,59.008194716681224,,94.49904462816176,92.26429694498114,94.89785623105507,92.83123588437456,,,0.022408471269484087,0.022161090277272984
2025-02-19,96644.8,95663.7,96829.6,95049.1,"58,27K","1,05%",91742.86,87339.14,1.0,93406.23316683083,89076.6963632713,,14.533569088849182,14.769006782007901,10573.199999999997,12571.5,63.84830615959869,57.5123113868936,,86.62195652585183,88.47641839611045,87.59184604519157,89.31186201269509,,,-0.01694125640955224,-0.01708640111851696
2025-02-18,95638.0,95781.5,96645.1,93403.4,"74,09K","-0,15%",92868.54000000001,87720.13666666667,1.0,93812.01188172138,89508.44690468725,,12.894353511673303,10.13000771524971,11256.800000000003,11429.899999999994,60.95781244268558,56.61480563284003,,77.62375659986584,86.24825258462647,83.17533985778395,88.55501404467687,,,-0.010417528930682263,-0.01047217120815394
2025-02-17,95781.3,96120.2,97002.3,95222.0,"58,40K","-0,36%",93975.20999999999,88018.14666666667,1.0,94170.06638005316,89920.68634817669,,13.737357904449098,15.791032542665473,11066.699999999997,8940.300000000003,61.23534824177061,56.714265403210156,,78.45978822088043,80.90183378219938,83.80395064111285,84.85704551469611,,,0.001498358393107413,0.0014972369742221555
2025-02-16,96132.1,97573.1,97706.5,96060.2,"33,35K","-1,48%",95167.15,88465.24666666666,1.0,94526.80148810077,90328.39809114648,,8.396026430327229,14.416959953153508,11919.400000000009,13413.0,61.97066503161169,56.96411193495263,,75.01999865429624,77.03451449168084,85.3427968573848,84.10736245209387,,,0.0036625103229963596,0.0036558196634933586
2025-02-15,97573.4,97504.4,97973.2,97210.8,"29,65K","0,07%",96055.89,88917.05666666666,1.0,95080.73067874816,90803.4202137174,,6.6276903238496905,18.158501496759445,8887.399999999994,13554.299999999988,65.00135890065312,57.99462026512647,,76.5284314815501,76.66940611890892,91.66531410799121,86.93735386882962,,,0.014992910796705727,0.014881628032616237
2025-02-14,97504.6,96611.6,98817.3,96316.5,"65,37K","0,93%",96655.5,89414.59666666666,1.0,95521.43561628305,91242.32579892571,,1.2942193337128687,15.607181772156704,5996.100000000006,14926.200000000012,64.72776557592233,57.926126264639045,,67.5650741350908,73.03783475697905,91.36351074516483,89.45720723684694,,,-0.0007051102042153756,-0.0007053589113329097
2025-02-13,96610.2,97874.7,98079.6,95295.4,"66,76K","-1,30%",96690.64,89823.56000000001,1.0,95719.39330051243,91593.55975203529,,0.05602960351546019,15.043505908158284,351.3999999999942,12268.899999999994,61.01803699646864,57.02047240238214,,52.83031301482707,65.641272877156,87.44006702842128,90.15629729385911,,,-0.009172900560589059,-0.009215230671718212
2025-02-12,97881.3,95777.2,98095.8,94110.7,"87,21K","2,20%",96823.16,90287.03333333334,1.0,96112.46809645108,92004.60621892166,,1.7946952647583676,20.691810870996626,1325.199999999997,13904.199999999997,64.2531859438578,57.98619187746719,,73.77100494233952,64.72213069741913,93.0159718901752,90.60651655458712,,,0.01315699584515917,0.013071194349194216
2025-02-11,95771.7,97434.7,98476.5,94902.7,"69,89K","-1,71%",96784.77,90776.08333333333,1.0,96050.51015103806,92250.66049718189,,-2.5822319736589208,14.471405366446612,-383.90000000000873,14671.5,55.724967975177776,55.832325656476876,,43.74480503888138,56.78204099868267,83.76183854397425,88.07262582085691,,,-0.02155263569241528,-0.0217882858181181
2025-02-10,97434.7,96469.2,98311.6,95307.7,"71,43K","1,00%",96697.20999999999,91235.09666666666,1.0,96302.18139722987,92588.99417514446,,0.8173228150919596,17.502903362352875,-875.6000000000058,13770.399999999994,60.33611051555299,57.1308624874942,,74.46203291527358,63.992614298831505,91.05688203787457,89.278230824008,,,0.01736421093078655,0.01721517579820828
2025-02-09,96469.2,96448.4,97297.8,94750.4,"48,38K","0,02%",96679.65,91686.7,1.0,96332.54845190607,92842.044445029,,0.8691106045714017,22.77199497555867,-175.60000000000582,13548.099999999991,56.537671968266146,56.13956934305408,,56.62830861301461,58.278382189056536,86.34013704422792,87.05295254202558,,,-0.009909200726230027,-0.009958623621045316
2025-02-08,96447.9,96513.5,96862.8,95716.1,"38,99K","-0,07%",96760.64,92282.43333333333,1.0,96353.52148098798,93077.0383841546,,0.6959604849798356,19.526567821185832,809.8999999999942,17872.0,56.45055939158368,56.117347553020515,,49.657927166107044,60.24942289813174,85.69070546169999,87.69590818126748,,,-0.00022079586023315834,-0.00022082023922769315
2025-02-07,96513.5,96564.8,100133.9,95693.7,"97,60K","-0,06%",96833.86,92809.83,1.0,96382.60850752213,93300.84654234101,,0.39674572801384156,11.936178627471683,732.1999999999971,15821.899999999994,56.67897375006064,56.172619272091396,,39.892415991499604,48.72621725687376,83.3957833618448,85.1422086225909,,,0.0006801599620105403,0.000679928758054755
2025-02-06,96568.8,96606.3,99119.2,95706.6,"76,92K","-0,03%",96877.53,93154.72666666665,1.0,96416.46152812979,93513.5501441712,,-1.0295838824925556,11.599977811471476,436.6999999999971,10346.900000000009,56.89075621902998,56.22070579851409,,40.81053260725208,43.45362525495292,83.64940538706026,84.24529807020168,,,0.000572976837437178,0.0005728127488853593
2025-02-05,96595.3,97784.8,99028.3,96163.8,"82,92K","-1,23%",96779.72,93490.19666666667,1.0,96448.97763119411,93714.01959604648,,-0.9325713863756201,7.410578566432682,-978.0999999999913,10064.100000000006,57.00267704867989,56.24450456759414,,41.250498074113544,40.65114889095508,83.77094216225393,83.60537697038633,,,0.0002744157533280944,0.0002743781082120416
2025-02-04,97793.4,101339.7,101692.9,96190.5,"117,35K","-3,50%",96808.6,93752.28,1.0,96693.41816810709,93979.24370552535,,1.2247154027214486,7.925797661891343,288.79999999998836,7862.5,61.963419375674015,57.32939283601152,,48.57033578644718,43.54378882260428,83.30914989877198,83.57649914936206,,,0.012403294984331348,0.01232700431049273
2025-02-03,101337.1,97686.0,102372.2,91695.8,"190,81K","3,74%",97281.29,94109.79333333335,1.0,97537.72425590757,94457.38158745815,,3.530602883288231,16.123979130546388,4726.900000000009,10725.400000000009,72.42054461315986,60.3383134038252,,90.30478438424944,60.041872748270066,95.69468938209167,87.59159381437253,,,0.036236596743747684,0.0355954929989146
2025-02-02,97684.9,100647.1,101451.0,96250.2,"99,36K","-2,94%",97261.65,94457.08,1.0,97564.48348989034,94667.01848904404,,1.9976673693794693,13.310799132812198,-196.40000000000873,10418.599999999991,55.080087047378626,56.11926294616652,,56.09662433029855,64.99058150033174,80.50402622034404,86.50262183373589,,,-0.03604010771968025,-0.03670559075546553
2025-02-01,100648.0,102421.3,102770.8,100293.5,"47,48K","-1,73%",97749.28,94938.35666666667,1.0,98125.1229888,95055.33136199397,,3.2979010557840303,6.771222859785853,4876.300000000003,14438.300000000003,63.0546637121228,58.55170887864786,,80.83250564334084,75.74463811929628,91.31459432920092,89.17110331054555,,,0.030333244953928418,0.0298822887043781
2025-01-31,102424.2,104726.9,105876.3,101576.0,"82,79K","-2,20%",98248.23000000001,95210.32666666668,1.0,98906.7735066848,95533.55691645454,,6.172954683982038,18.998833529294203,4989.5,8159.099999999991,66.96123363591988,59.92913039749162,,75.65600648778248,70.86171215380729,87.46809939556748,86.4289066483708,,,0.017647643271599955,0.01749373176048517
2025-01-30,104726.9,103723.0,106409.1,103388.4,"74,84K","0,97%",99074.0,95832.17,1.0,99964.97849225062,96129.95958420927,,8.583909032752398,24.111650462425278,8257.699999999997,18655.29999999999,71.32832282923442,61.638833842927916,,88.56680690259824,81.68510634457387,94.00910991370863,90.93060121282566,,,0.022481991560588277,0.02223299661403991
2025-01-29,103722.0,101342.1,104760.0,101340.6,"74,38K","2,34%",99801.41,96476.86333333333,1.0,100648.073400888,96622.30457494695,,7.468903314044149,22.436982527214898,7274.100000000006,19340.800000000003,67.03203267536563,60.47398558736673,,81.73693189155387,81.98658176064487,88.83918558576518,90.10546496501377,,,-0.009595433455969693,-0.009641766254650094
2025-01-28,101349.3,102085.2,103584.1,100288.0,"74,69K","-0,73%",100284.99,97031.35333333333,1.0,100775.56915977929,96928.7485966135,,4.950356636926212,20.349187236604465,4835.800000000003,16634.699999999997,57.885093239525354,57.80572034864456,,65.6107059599138,78.63814825135532,78.984225085354,87.27750686160927,,,-0.022875571238502923,-0.023141277053304217
2025-01-27,102091.7,102618.3,103234.8,97987.5,"146,38K","-0,53%",100837.28,97627.32,1.0,101014.86569706506,97263.35047048358,,5.690131921532408,15.115914575017475,5522.899999999994,17879.0,59.79254105439885,58.39983983755076,,70.65648087104859,72.6680395741721,78.7441658953504,82.18919218882318,,,0.007325161594603946,0.007298462900629576
2025-01-26,102637.8,104743.8,105399.8,102543.8,"32,18K","-2,01%",101441.53,98092.37999999999,1.0,101309.94468230309,97611.55744847024,,4.953708532477661,12.162039591950478,6042.5,13951.800000000003,61.22779588058351,58.84084547088901,,74.36808873604153,70.21175852233465,74.90918526206538,77.54585874758993,,,0.00534911261150528,0.005334856922899224
2025-01-25,104742.9,104861.4,105255.6,104133.9,"37,68K","-0,11%",102136.48000000001,98533.52666666666,1.0,101934.11841289182,98073.466152848,,3.3608619153301094,8.813843513528106,6949.5,13234.399999999994,66.36956856530249,60.510234299677194,,88.67555205154513,77.90004055287842,88.67555205154513,80.77630106965363,,,0.020509987548446906,0.020302490136526345
2025-01-24,104862.3,103913.6,107102.2,102760.0,"83,96K","0,91%",102489.0,98820.31000000001,1.0,102466.51509053937,98513.07768643441,,7.347502019247611,8.602460124217938,3525.199999999997,8603.5,66.64830858874873,60.60399010058279,,79.35956505713237,80.80106861490636,85.46123688856582,83.01532473405878,,,0.0011399340671300884,0.0011392848356319473
2025-01-23,103912.1,103681.3,106806.5,101281.6,"141,80K","0,22%",103111.72,99065.51000000001,1.0,102729.34872071948,98862.60832827701,,3.2430848104284293,8.066612864981343,6227.200000000012,7356.0,62.09729857858058,59.44216129714792,,65.00049370796633,77.67853693888128,79.29367016304917,84.47681970105337,,,-0.009061407197820337,-0.009102711453807802
2025-01-22,103684.8,106157.2,106266.2,103354.4,"77,56K","-2,33%",103415.4,99316.48333333334,1.0,102903.06714069229,99174.72542004059,,1.2307638233933054,5.466873766024516,3036.800000000003,7529.199999999997,60.990364426181856,59.16149663248251,,62.50671991398515,68.95559289302795,77.81830927406796,80.85773877522765,,,-0.0021874257184678614,-0.002189821628659451
2025-01-21,106157.2,102190.2,107211.9,100192.5,"129,36K","3,87%",103788.7,99578.04666666668,1.0,103494.72767605484,99626.57270594763,,1.3657427079384599,9.842640266211937,3733.0,7846.899999999994,67.90492079050276,61.22176475981821,,88.56619400719833,72.02446920971661,93.2025444538254,83.43817463031418,,,0.023845346666049316,0.023565486564905373
2025-01-20,102197.7,101313.3,109228.6,99676.0,"202,66K","0,87%",103535.78,99763.14333333333,1.0,103258.90445717575,99792.92201381737,,-1.4696014346040405,6.858884543800578,-2529.199999999997,5552.899999999994,51.622739706581534,56.4995695690672,,37.45362998283082,62.84218130133811,59.89859007118083,76.97314793302472,,,-0.03729845926606956,-0.038011841769528605
2025-01-19,101319.5,104536.8,106338.2,99742.7,"123,72K","-3,08%",103295.53,99952.52666666666,1.0,102906.28545878269,99891.67199282718,,-0.029403261788688143,5.782130749948056,-2402.5,5681.5,48.74249325774358,55.517050879137535,,29.641227282027543,51.88701709068558,54.8896924621281,69.3302756623781,,,-0.00859314837809455,-0.008630282362549169
2025-01-18,104536.9,104084.7,104953.1,102297.0,"79,30K","0,43%",103614.29000000001,100244.37999999999,1.0,103202.76083416391,100192.10717251495,,2.3951016586069165,8.742969309939124,3187.5999999999913,8755.599999999991,58.22946760474488,58.26750801665541,,58.26298138082564,41.785946215228016,73.24044077386378,62.6762411023909,,,0.031754992869092336,0.03126122886258378
2025-01-17,104084.9,99991.9,105843.8,99956.2,"127,33K","4,08%",103813.61,100509.47333333334,1.0,103363.14977528836,100443.83752084732,,1.409909409593728,6.673437637716837,1993.199999999997,7952.799999999988,56.59440416193593,57.74857747251675,,46.15392667964734,44.68604511416685,70.66241558678584,66.26418294092592,,,-0.004323832063127919,-0.004333206858101938
2025-01-16,100004.5,100499.9,100812.4,97400.2,"87,08K","-0,49%",103550.28,100590.51000000001,1.0,102752.4861739202,100415.43168272091,,-4.523838847310886,2.563879037501814,-2633.300000000003,2431.100000000006,44.1573709907141,53.31438298558887,,22.017348077508377,42.1447520459938,47.38946431830623,63.76410689298529,,,-0.03920261248269441,-0.03999172729030808
2025-01-15,100499.8,96547.4,100671.0,96501.9,"95,32K","4,10%",103125.97,100690.35,1.0,102342.90686635466,100420.8858434004,,-4.160217733160535,4.026075921590066,-4243.099999999991,2995.199999999997,45.76485688571454,53.760221962648004,,31.413485035398057,33.19491993085126,50.21445519255337,56.088778365881815,,,0.004952777125029506,0.004940552471777436
2025-01-14,96542.1,94536.7,97361.2,94359.5,"87,79K","2,12%",102293.95,100688.08,1.0,101288.21470205906,100170.16669772255,,-7.092533015885541,-1.368187794808607,-8320.199999999997,-68.09999999999127,36.44940731680378,49.82692433073816,,14.678763341426212,22.70319881811089,27.64133509764557,41.74841820283506,,,-0.03938017787100068,-0.04017655481024524
2025-01-13,94536.1,94545.0,95928.1,89423.1,"37,70K","-0,01%",101356.35,100576.57333333333,1.0,100060.55747704915,99806.03330133263,,-8.823569124886191,-1.2901514748093554,-9376.0,-3345.199999999997,32.70075595520284,47.986058440441546,,25.81606119512257,23.969436523982292,25.81606119512257,34.5572838284405,,,-0.020778499742599377,-0.020997410502911294
2025-01-12,94541.8,94600.0,95384.3,93711.2,"17,60K","-0,07%",100442.05,100535.57666666666,0.0,99057.14702236079,99465.84143729483,,-10.941697784041022,-2.969065435619953,-9143.0,-1229.8999999999942,32.72260111320162,47.99170648167053,,25.844841079498103,22.11322187201564,25.844841079498103,26.434079124088743,,,6.0294427208118506e-05,6.0292609572204174e-05
2025-01-11,94612.0,94724.0,94765.5,93847.8,"72,66K","-0,12%",99287.53,100441.48666666666,0.0,98248.93846999649,99152.20402633795,,-7.4225740892407535,-1.9251740451874766,-11545.199999999997,-2822.699999999997,33.02011630066889,48.063557975299474,,26.199288076544363,25.953396783721686,26.199288076544363,25.953396783721683,,,0.0007425287015900839,0.0007422531635419109
2025-01-10,94724.1,92540.5,95760.6,92310.6,"125,42K","2,36%",98540.17,100383.31666666667,0.0,97608.05874633367,98866.10487049515,,-6.509507054416962,-1.787286192856442,-7473.599999999991,-1745.0999999999913,33.54157031424127,48.1818177719082,,31.338862909471437,27.794330688504644,26.765292469263592,26.269807208435353,,,0.0011848391324569274,0.0011841377645228103
2025-01-09,92539.8,95066.6,95323.1,91241.9,"132,78K","-2,66%",97662.2,100253.04666666666,0.0,96686.55715392035,98457.40154055001,,-11.476426027555812,-4.117247846156234,-8779.699999999997,-3908.0999999999913,28.703514590702895,46.06741040527608,,18.980311436175057,25.5061541407303,15.736537830400632,22.90037279206953,,,-0.02305960151640396,-0.023329633422938662
2025-01-08,95066.6,96938.2,97266.4,92716.6,"100,36K","-1,92%",96715.17,100204.81666666667,0.0,96392.01948900349,98238.36208171595,,-8.664369183234061,-1.5555748854702522,-9470.299999999988,-1446.8999999999942,39.8543579118858,48.75838813894961,,34.36820598391056,28.229126776519028,28.494610083057736,23.665480127573986,,,0.02730500822348869,0.02693887636057238
2025-01-07,96929.8,102247.9,102678.2,96201.3,"99,77K","-5,20%",95999.66,100216.85,0.0,96489.79776388431,98153.83834201595,,-3.0745616447259843,0.3462901404105583,-7155.099999999991,361.0,46.686025824641305,50.63714660525517,,56.63254143688091,36.660352952322185,37.902097902097886,27.377748605185417,,,0.019598891724327938,0.019409306548192888
2025-01-06,102248.7,98373.2,102474.5,97932.3,"86,73K","3,97%",96224.08,100405.29666666666,0.0,97536.87089907454,98418.31679319865,,1.7402024680646073,4.55582892097013,2244.199999999997,5653.399999999994,60.80667183223735,55.45979887159781,,96.75973776131451,62.58682839403534,64.75776930650572,43.71815909722045,,,0.05487373336167001,0.0534210757479519
2025-01-05,98347.7,98220.1,98823.1,97300.0,"31,34K","0,13%",96008.87000000001,100423.77333333335,0.0,97684.29437212569,98413.75613117832,,1.870272140340837,-2.949956136498882,-2152.100000000006,554.3000000000029,50.01220641984149,51.63255045039056,,67.32955617083233,73.57394512300927,45.06122036807953,49.240362525561046,,,-0.03815207430510115,-0.038898922210845795
2025-01-04,98219.9,98168.9,98742.6,97568.9,"36,56K","0,05%",96176.65,100319.86666666667,0.0,97781.6772136415,98401.23711245485,,3.896712472801383,0.5476793240306332,1677.7999999999884,-3117.2000000000116,49.69110593435295,51.51207582791874,,66.36539897850633,76.81823097021773,44.415945065764504,51.411644913449926,,,-0.001299471162009902,-0.001300316206813916
2025-01-03,98167.5,96960.2,98963.3,96090.6,"61,62K","1,25%",96539.79,100335.95333333334,0.0,97851.82681121079,98386.1435708805,,3.8350232383982505,-2.4645298465940706,3631.399999999994,482.6000000000058,49.546184346063136,51.461145656671754,,60.558047620296804,64.75100092321183,44.151372093610334,44.5428458424848,,,-0.0005334967761114751,-0.0005336391361512022
2025-01-02,96960.0,94561.1,97808.0,94381.2,"76,13K","2,54%",96781.61,100213.02,0.0,97689.67648180599,98294.05595635722,,2.4817147930495076,-5.334872032195514,2418.199999999997,-3688.0,46.10346712148807,50.2761754598679,,49.99956279565947,58.97433646482088,38.054580798263075,42.207299319212645,,,-0.012300404920161934,-0.012376681030842645
2025-01-01,94560.2,93557.3,95100.0,92939.3,"43,34K","1,07%",96776.43000000001,99950.88666666666,0.0,97120.68075757209,98052.97013198036,,-0.17302882793292174,-9.707821008737962,-51.80000000000291,-7864.0,39.970432872347665,48.003626784856934,,29.015503265916443,46.524371227290914,25.937744565903365,36.047899152592265,,,-0.024750412541254208,-0.025061853606231414
2024-12-31,93557.2,92777.2,96163.4,92036.2,"74,85K","0,84%",96659.74,99578.56333333332,0.0,96472.77516503546,97762.70431521029,,1.0994188446484583,-9.80004242108714,-1166.9000000000087,-11169.699999999997,37.64485540442192,47.08345601153193,,20.2451841941887,33.086750085254884,20.873494736310576,28.28860670015901,,,-0.010606999562183694,-0.01066365476599315
2024-12-30,92779.8,93718.7,94936.4,91522.3,"112,43K","-1,00%",96683.74,99213.82333333332,0.0,95801.32513481638,97441.00253357814,,-2.4054715325887357,-8.455411137521423,240.0,-10942.199999999997,35.84861116543833,46.37075817361878,,11.27206231680098,20.177583258968717,16.94832243568704,21.253187245967,,,-0.008309355132474994,-0.008344070264496259
2024-12-29,93716.3,95282.6,95315.4,93026.7,"47,71K","-1,65%",96548.70999999999,98959.39,0.0,95422.22965566063,97200.54245606512,,-3.3152859079457504,-8.203801092547184,-1350.300000000003,-7633.0,39.699836922857656,47.36366669625857,,19.66672343782215,17.06132331627062,21.676806947565055,19.832874706520894,,,0.010093791967648036,0.01004318987594056
2024-12-28,95284.5,94274.9,95684.3,94124.7,"32,97K","1,07%",96384.18,98732.48333333334,0.0,95397.18790008067,97076.85141431949,,-6.81104014036364,-7.164319578167111,-1645.300000000003,-6807.199999999997,45.75848697378637,48.999353636189625,,34.35108927886633,21.76329167782983,29.594809522607328,22.739979635286478,,,0.016733481795589533,0.016595019590699714
2024-12-27,94275.9,95776.4,97243.3,93472.8,"85,12K","-1,57%",95586.9,98453.75333333334,0.0,95193.31737275791,96896.04176457666,,-4.140208667818366,-9.993040101047422,-7972.800000000003,-8361.900000000009,42.69306859018128,48.00679081441435,,37.005778793172844,30.341197169953784,24.50228471889116,25.257967063021187,,,-0.010585142389370805,-0.010641563512691445
2024-12-26,95777.7,99389.4,99922.5,95193.3,"74,60K","-3,64%",95329.9,98154.91333333334,0.0,95299.56875954429,96823.85217268715,,-2.4864615011825477,-8.663361379637873,-2570.0,-8965.199999999997,48.41084469602265,49.58000145277369,,50.658317659103304,40.6717285770475,32.085026886470885,28.727373709323132,,,0.015929839969705872,0.015804291623946358
2024-12-25,99391.3,98661.9,99514.1,97651.9,"39,80K","0,73%",95447.04000000001,97972.54666666666,0.0,96043.51989425898,96989.57667178125,,1.2466447653245758,-4.350600170721218,1171.4000000000087,-5471.0,59.27441917904378,53.111490866838814,,93.67634103949909,60.44681249725843,50.330463760066635,35.6392584551429,,,0.03772903295861152,0.03703470341889466
2024-12-24,98668.1,94852.8,99446.6,93566.2,"69,86K","4,02%",95497.1,97797.74666666666,0.0,96520.71627716631,97097.91907878197,,1.7616542904290489,-4.8384141166304,500.6000000000058,-5244.0,56.62297292876006,52.352331931778515,,85.06702221375689,76.46722697078643,46.678952816136935,43.03148115422482,,,-0.007276290781989991,-0.00730289210361193
2024-12-23,94852.1,95184.8,96517.8,92543.2,"133,24K","-0,35%",95286.31000000001,97503.32333333333,0.0,96217.33149947612,96952.96421943213,,0.3086922404986545,-10.649395424898161,-2107.899999999994,-8832.699999999997,44.85860231779022,48.56332147875342,,39.639532392085954,72.79429854844732,27.41157759208301,41.4736647227622,,,-0.03867511384125166,-0.039442856220127165
2024-12-22,95183.8,97281.6,97422.2,94265.2,"100,64K","-2,13%",95348.67,97137.54333333332,0.0,96029.41668137761,96838.77794131449,,1.7386155207723253,-6.863070303930513,623.6000000000058,-10973.399999999994,45.94332801937631,48.89590888731222,,43.588247898859564,56.09826750156748,29.08636489863925,34.392298435619736,,,0.0034970232604232265,0.0034909228925300013
2024-12-21,97253.3,97799.1,99531.9,96478.6,"123,36K","-0,55%",95718.28,96972.73,0.0,96251.94092113871,96865.53152499888,,4.821631432704102,-4.0132452292006935,3696.100000000006,-4944.399999999994,52.43040516407337,50.943180618653976,,68.22456608175999,50.4841154575685,46.29118361700493,34.26304203590907,,,0.021742145196976814,0.021509155834928254
2024-12-20,97795.7,97468.3,98178.2,92301.9,"221,18K","0,34%",96219.87,96855.27,0.0,96532.62439003453,96925.56385809413,,4.35292473134342,-6.448632014150026,5015.899999999994,-3523.800000000003,54.03669084192255,51.47029513686695,,72.09143636983963,61.301416783486395,50.98808211586591,42.12187687717003,,,0.005577188640385478,0.005561693709226182
2024-12-19,97466.1,100190.5,102778.8,95672.2,"200,57K","-2,73%",96594.85,96619.57666666668,0.0,96702.34722821598,96960.44882552866,,2.28956440974136,-6.359039591717903,3749.800000000003,-7070.799999999988,52.8321632821244,51.124969017883714,,49.29129799845381,63.20243348335114,48.98085952486801,48.75337508591295,,,-0.003370291331827424,-0.003375983556894526
2024-12-18,100197.8,106140.7,106477.6,100049.3,"187,49K","-5,60%",97086.18000000001,96490.00666666665,1.0,97337.88409583118,97169.3755628773,,6.2814568728593505,0.1932913018914178,4913.300000000003,-3887.0999999999913,60.86542487075116,53.783483519076825,,55.70024760682014,59.0276606583712,63.17804684980503,54.382329496846324,,,0.028027180732582924,0.02764160708477737
2024-12-17,106138.9,106053.4,108244.9,105350.6,"149,37K","0,08%",98272.48000000001,96694.48666666665,1.0,98938.06880571735,97748.22399024184,,10.817967021550944,5.611055942399877,11863.0,6134.399999999994,72.27573302485446,58.8227408895271,,86.79044094586966,63.92732885038121,88.8108469965678,66.98991779041361,,,0.05929371702771902,0.05760238135352021
2024-12-16,106057.6,104479.2,107767.6,103351.7,"232,66K","1,55%",99300.47,96879.74666666666,1.0,100232.52902288434,98284.4595971779,,6.707126277652072,9.856321749785844,10279.900000000009,5557.800000000003,71.9567339914729,58.7320859031279,,86.28049927868037,76.25706261045673,88.37890106153509,80.12259830263598,,,-0.0007659774126167473,-0.0007662709232062925
2024-12-15,104443.0,101417.9,105120.9,101234.9,"133,99K","2,98%",99805.64,97143.11,1.0,100998.06920055368,98681.88658710166,,5.852854164618549,10.479488787881024,5051.699999999997,7900.899999999994,65.57060152282038,56.92955834121187,,76.15317067051373,83.07470363168791,79.80055042557038,85.6634328278911,,,-0.015223802914642648,-0.015340874707251864
2024-12-14,101417.7,101423.7,102633.0,100626.3,"105,31K","-0,01%",100080.6,97372.49666666666,1.0,101074.3657095449,98858.43298375969,,6.92193425343244,7.272867662769265,2749.5999999999913,6881.599999999991,55.3446622160912,53.733057672842136,,57.17744464655337,73.20370486524916,59.847085808386765,76.00884576516408,,,-0.028966038892027313,-0.029393835908026394
2024-12-13,101426.2,100008.3,101891.2,99214.2,"162,40K","1,42%",100738.01,97601.97666666665,1.0,101138.3355805374,99024.13251649651,,6.558258863378005,7.202257641736774,6574.099999999991,6884.399999999994,55.366392430055654,53.740607041774815,,57.23075958100736,63.520458299358154,59.89707698641418,66.51490440679044,,,8.381180010985645e-05,8.380828809716832e-05
2024-12-12,100009.9,101126.3,102495.3,99334.5,"188,96K","-1,10%",101220.62000000001,97781.90666666668,1.0,100933.16547498338,99087.7437583097,,2.8344539465498766,5.5802060932750885,4826.099999999991,5397.899999999994,50.79058577709221,52.27047651332886,,48.34723703192624,54.25181375316233,51.567370464035754,57.10384441961224,,,-0.013963847605451107,-0.014062259337119886
2024-12-11,101126.2,96603.2,101877.1,95689.5,"250,02K","4,69%",101607.91,97995.31,1.0,100968.26266135028,99219.2828691039,,3.4055689565083127,9.278602287880451,3872.899999999994,6402.099999999991,54.11186227295619,53.311855638463854,,55.34905601204292,53.64235087499218,58.13268246779981,56.53237663941658,,,0.011161894972397723,0.01110006072218874
2024-12-10,96600.3,97311.5,98237.8,94304.5,"271,45K","-0,78%",101488.37000000001,98130.66,1.0,100174.08763200932,99050.28521795117,,-0.888308858156839,1.613290051395545,-1195.3999999999942,4060.5,41.49538399290692,48.84229232270539,,16.468680956070155,40.05499133334644,30.366091397270772,46.68871477636878,,,-0.04475496953311797,-0.04578739500639138
2024-12-09,97359.4,101129.7,101198.6,94395.8,"321,01K","-3,72%",101477.7,98207.08666666667,1.0,99662.32624436887,98941.17711737998,,-2.8327967280718824,0.4432073521249309,-106.70000000001164,2292.7999999999884,43.93159764779461,49.575788249781034,,21.914005337006078,31.24391410170639,34.90545728535033,41.13474371680697,,,0.007858153649626276,0.007827439161418075
2024-12-08,101115.8,99837.0,101339.9,98713.9,"128,93K","1,28%",101569.5,98346.62000000001,1.0,99926.5941999392,99081.49790392394,,-4.73257212953968,-1.1079847469943327,918.0,4186.0,54.377278628639395,53.02373989476865,,48.860147485007644,29.08094459269463,57.36847140994824,40.88000669752312,,,0.03858281788918183,0.03785710876069646
2024-12-07,99837.0,99757.2,100441.8,98969.0,"118,44K","0,08%",100939.31,98266.23,1.0,99910.30434540474,99130.24729885829,,-5.865303382313012,1.5143211279979125,-6301.899999999994,-2411.699999999997,50.79755366078008,51.776895918022824,,41.09380454724393,37.28931912308588,49.72133519907192,47.33175463145684,,,-0.012646886045504346,-0.012727538633084732
2024-12-06,99760.7,96968.9,101908.5,96452.0,"213,49K","2,88%",100309.62,98313.33,1.0,99883.10355533108,99170.92738422815,,-4.483115192018616,1.568724871436443,-6296.900000000009,1413.0,50.57682275971024,51.70185587831357,,50.44377057061499,46.79924086762219,49.26506643703729,52.118291015352476,,,-0.0007642457205244702,-0.0007645379051618641
2024-12-05,96970.8,98624.8,103719.4,92510.4,"245,79K","-1,69%",99562.4,98271.69333333333,1.0,99353.59381799705,99028.96501659078,,-4.384737575393639,-1.2190388876155522,-7472.199999999997,-1249.0999999999913,42.98778080684037,49.01482969431651,,39.793023463288506,43.77686619371581,32.581655962589565,43.856019199566255,,,-0.02796592245242857,-0.02836441593093715
2024-12-04,98635.8,95900.1,99030.7,94625.3,"113,77K","2,85%",99284.21,98287.30333333333,1.0,99223.08585108828,99003.59641134019,,-2.751162914513207,1.7283415841584189,-2781.899999999994,468.3000000000029,48.14709086754552,50.59987850487905,,54.647158533321516,48.29465085574167,42.538241660985754,41.46165468687087,,,0.01717011718991701,0.01702437661750569
2024-12-03,95898.7,95843.9,96245.0,93646.1,"95,08K","0,05%",98731.45999999999,98251.92666666667,1.0,98618.65205998048,98803.25746214576,,-4.110793031489879,1.415500390227601,-5527.5,-1061.300000000003,41.317541188622556,48.05905956531101,,30.228387902578312,41.55618996639611,26.17057156183845,33.76348972847126,,,-0.027749559490570452,-0.02814185286391499
2024-12-02,95846.6,97199.3,98082.0,94510.6,"95,80K","-1,39%",98315.12999999999,98294.80666666667,1.0,98114.64259452891,98612.48483304952,,-5.220803313087995,2.4470591253265472,-4163.299999999988,1286.4000000000087,41.19395780375792,48.011587227095625,,29.763582835221804,38.21304309037388,25.85901713848328,31.52261012043583,,,-0.0005432816086139436,-0.0005434292395396053
2024-12-01,97201.4,96404.7,97813.9,95721.8,"42,90K","0,83%",97922.65,98416.28,0.0,97948.59848643259,98521.43793387414,,0.6222547963101474,4.765692532210665,-3924.800000000003,3644.199999999997,45.87178602715621,49.35727148778543,,41.85029886698189,33.947423201594006,33.96062813198901,28.66340561077025,,,0.01413508669060759,0.01403611788415408
2024-11-30,96405.7,97438.5,97461.9,96119.6,"36,92K","-1,06%",97903.18999999999,98537.14333333334,0.0,97668.07148889916,98384.92585303317,,-0.9795664311817833,2.8697249037787387,-194.60000000000582,3625.899999999994,43.60807545182935,48.59306913356044,,34.751538941921694,35.45514021470847,25.740450354387523,28.520031874953272,,,-0.008186096085035732,-0.008219786155671219
2024-11-29,97438.0,95645.6,98599.8,95405.7,"76,54K","1,87%",97911.05,98661.2,0.0,97626.2403090993,98323.82847851409,,-3.6372159444913685,2.260073779051157,78.60000000000582,3721.699999999997,47.35315993491631,49.63953905587869,,43.96110268534219,40.187646831415265,32.21539233519417,30.638823607190233,,,0.010707873082193231,0.01065094980020021
2024-11-28,95645.5,95881.4,96549.0,94648.8,"68,17K","-0,25%",97364.01999999999,98673.23333333334,0.0,97266.1057074447,98151.01884700434,,-4.198343299578313,1.4527572794319714,-5470.300000000003,361.0,41.974863640298416,47.88843399399357,,27.969488803639987,35.56071014363463,20.97221351063166,26.309352066737784,,,-0.0183963135532339,-0.018567630043622208
2024-11-27,95886.6,91975.5,97219.8,91795.5,"106,39K","4,25%",96968.98000000001,98726.92333333334,0.0,97015.2864879092,98004.91604134683,,-3.8833929593517205,0.11370078838812035,-3950.399999999994,1610.7000000000116,42.943358894289155,48.1429724384307,,34.3100831103918,35.41355819979133,24.870815956813058,26.019473934212964,,,0.0025207667898647923,0.0025175949863933955
2024-11-26,91977.6,93046.5,94978.8,90817.2,"131,88K","-1,17%",96190.67000000001,98600.25333333333,0.0,96099.34349010722,97616.0288865946,,-5.14917892808969,-7.459103563390354,-7783.099999999991,-3800.0999999999913,33.01603495857549,44.49755608649241,,8.993815008293229,23.75779564077501,6.6583657051705565,17.500465057538424,,,-0.040766905907603346,-0.041621174099621246
2024-11-25,93064.4,97948.8,98872.4,92875.3,"124,98K","-4,97%",95800.03,98389.35666666667,0.0,95547.53558281483,97322.35559056069,,-5.64845624002645,-5.679343171703937,-3906.4000000000087,-6326.900000000009,37.48072742028429,45.680534821271145,,27.359834418944384,23.554577512543137,12.894415212563892,14.80786562484917,,,0.011815920398009716,0.011746657480125888
2024-11-24,97935.2,97696.4,98552.6,95765.4,"77,04K","0,24%",95729.97,98364.92666666667,0.0,95981.6563859395,97361.89643593301,,2.1235950018092007,3.250428825508335,-700.6000000000058,-732.9000000000087,53.06066701701903,50.56557604974067,,88.36527957096041,41.57297633273267,40.843025757845275,20.131935558526575,,,0.052337950924306265,0.051014308852795974
2024-11-23,97699.0,98927.2,98927.2,97180.9,"72,17K","-1,24%",95910.0,98459.82333333332,0.0,96293.90067940511,97383.64633753934,,1.9326715814645425,2.6424664701346208,1800.300000000003,2846.899999999994,52.35764481220417,50.33847681488539,,84.85573366214554,66.86028255068345,39.48771209052258,31.075051020310582,,,-0.002411798822078204,-0.0024147118936282317
2024-11-22,98929.7,98381.2,99617.4,97182.2,"132,23K","0,56%",96218.31,98584.68666666668,0.0,96773.13691951334,97483.39724641119,,1.77806080982373,1.7237461350925822,3083.0999999999913,3745.899999999994,55.7517277656372,51.512260882542755,,92.18540487716191,88.46880603675595,46.549458620472016,42.29339882294662,,,0.01259685360136742,0.012518173301527848
2024-11-21,98374.5,94308.7,98937.2,94063.8,"179,07K","4,32%",96335.62,98622.06000000001,0.0,97064.29384323822,97540.89071825084,,2.042202898791257,0.5918460627614536,1173.1000000000058,1121.199999999997,53.829502234682295,50.95026243804878,,85.87645735324203,87.63919863084982,43.36372556332737,43.13363209144066,,,-0.005612065941774769,-0.0056278727508195
2024-11-20,94303.9,92252.6,94836.1,91517.4,"121,46K","2,24%",96125.44,98505.66666666667,0.0,96562.4040535585,97332.04250928678,,-3.216506906956224,-3.244410107719516,-2101.800000000003,-3491.800000000003,42.02558322560285,47.05644286311762,,39.62069043885364,72.56085088975253,20.00665607050843,36.63994675143594,,,-0.04137860929407522,-0.042259077978214134
2024-11-19,92239.2,90482.1,93918.5,90378.7,"146,04K","1,95%",95605.56000000001,98331.43666666668,0.0,95776.36695291143,97003.45716225044,,-3.5613803053985844,-7.942888965625998,-5198.800000000003,-5226.900000000009,37.40315558950814,45.24220210052459,,20.13811466981286,48.545087487302844,10.413518263536737,24.594633299124183,,,-0.02189411042385303,-0.022137343258008445
2024-11-18,90478.7,89843.3,92567.1,89410.4,"150,47K","0,72%",95088.88,98007.46666666666,0.0,94813.15477965474,96582.48727443564,,-5.639891288250922,-14.754439701184014,-5166.800000000003,-9719.100000000006,33.873347813663884,43.75421869556549,,10.466346624865317,23.40838391117727,5.672038015344198,12.030737449796456,,,-0.019086245327366247,-0.019270739007751295
2024-11-17,89833.7,90569.4,91441.6,88736.1,"81,24K","-0,78%",94483.59,97463.96,0.0,93907.79936517202,96147.06440810609,,-2.330893608878693,-15.29725356787256,-6052.900000000009,-16305.199999999997,32.6201769192717,43.215525986586925,,10.087030042366193,13.563830445681456,5.767280561174848,7.284278946685263,,,-0.007128749639417897,-0.007154280583289629
2024-11-16,90539.1,91035.3,91748.9,90079.0,"79,82K","-0,56%",94339.73999999999,96946.67666666668,0.0,93295.30857150436,95785.24685461543,,-2.713497320135292,-13.312428788908779,-1438.5,-15518.5,35.51897101860848,43.99561151523432,,16.569711339637745,12.374362668956417,11.00410136223818,7.481139979585744,,,0.007852287059310736,0.00782161829528862
2024-11-15,91046.5,87297.2,91833.1,87118.8,"158,19K","4,30%",94137.95,96500.12666666668,0.0,92886.43428577628,95479.51066007445,,-7.033936725508292,-10.22622283881413,-2017.8999999999942,-13396.5,37.662404674943474,44.56231510550145,,31.425119613396703,19.360620331800217,23.65998819319783,13.477123372203621,,,0.005604208568452673,0.005588563416858044
2024-11-14,87294.0,90424.8,91726.7,86740.2,"153,34K","-3,46%",93073.83,96029.33666666667,0.0,91869.62805199875,94951.39608398612,,-10.65005783068404,-13.933480698281112,-10641.199999999997,-14123.699999999997,29.58199654288957,41.36038414755233,,4.300624359332797,17.43181843745575,3.2616377685639075,12.641909107999977,,,-0.04121520322033245,-0.042088633056105426
2024-11-13,90422.2,87971.2,93226.6,86168.4,"257,57K","2,82%",92346.15,95662.53666666667,0.0,91606.4593152717,94659.18102640024,,-8.59954088610397,-9.586750911659744,-7276.800000000003,-11004.0,41.25600561776356,44.78193106877043,,31.629117406498647,22.451620459742717,24.236795624180978,17.05280719531424,,,0.03583522349760582,0.03520808050940424
2024-11-12,87941.3,88665.0,89929.6,85122.2,"288,68K","-0,82%",91247.31000000001,95260.25,0.0,90940.06671249501,94225.75705555746,,-10.605593929321113,-13.038065308495717,-10988.399999999994,-12068.599999999991,35.997303963633996,42.736124702967366,,20.40608034744847,18.778607371093305,15.158733572795938,14.219055655180277,,,-0.027436846261205683,-0.02782026602085236
2024-11-11,88664.1,80389.0,89519.0,80231.8,"254,04K","10,29%",90276.27,94844.84666666666,0.0,90526.25458295047,93866.93095169788,,-5.980452558165663,-8.215502436327835,-9710.399999999994,-12462.099999999991,38.53357512604223,43.51386695752884,,57.73847428497088,36.59122401297267,35.901071203528694,25.098866800168537,,,0.008219118889531973,0.008185525876326752
2024-11-10,80388.5,76681.4,81373.5,76520.5,"193,83K","4,81%",88884.73000000001,94304.45333333332,0.0,88683.02647695945,92997.33317931165,,-12.847791394548086,-17.43118794898078,-13915.399999999994,-16211.800000000003,25.618638125499572,37.484026761155704,,22.232440510403496,33.45899838094095,14.221163355871013,21.760322710731884,,,-0.09333653643357354,-0.09798394119759149
2024-11-09,76700.3,76506.1,76904.0,75732.5,"72,97K","0,24%",87330.84,93615.81666666667,0.0,86504.34893569407,91945.8872723093,,-15.228335508799304,-24.146078060995414,-15538.899999999994,-20659.09999999999,21.971982912390786,35.23307152789067,,5.532150839425879,28.50102187826675,3.4580464431573454,17.86009366751902,,,-0.04587969672278991,-0.04696551142013812
2024-11-08,76517.3,75869.8,77188.5,75599.0,"155,17K","0,85%",85934.7,92795.86666666667,0.0,84688.52185647695,90950.472925404,,-14.823390331245395,-23.357773170267535,-13961.399999999994,-24598.5,21.800899777619193,35.12480494672202,,5.209444280560046,10.991345210129808,3.2656007738154615,6.981603524281276,,,-0.002385909833468758,-0.0023887606517684866
2024-11-07,75868.6,75585.5,76837.8,74448.2,"184,16K","0,37%",84538.19,91996.92,0.0,83084.89970075386,89977.4290953822,,-16.203496610856526,-23.94941094038032,-13965.099999999991,-23968.399999999994,21.15219994117848,34.73341695909319,,7.564009713287651,6.101868277757859,4.8525513132362486,3.8587328434030206,,,-0.008477821355431958,-0.008513962493272628
2024-11-06,75586.3,69374.1,76401.4,69323.0,"357,28K","8,96%",83042.91,91191.10666666666,0.0,81721.51793698041,89048.95150600905,,-16.980553892791043,-22.0525147776444,-14952.800000000003,-24174.399999999994,20.852183279499144,34.56005324166517,,26.2023293562476,12.9919277833651,18.20917305299393,8.775775046681881,,,-0.0037209069364665392,-0.0037278467309161995
2024-11-05,69373.7,67848.3,70495.6,67473.6,"108,95K","2,25%",80875.63,90271.20333333334,0.0,79476.46013025669,87779.55787013733,,-20.528673219236147,-29.666814685945674,-21672.800000000003,-27597.100000000006,15.482479304797351,31.03366926466194,,7.378169533646532,13.714836201060592,5.91124882558998,9.657657730606722,,,-0.08219214328522506,-0.08576721668021095
2024-11-04,67848.8,68770.3,69483.4,66834.0,"101,31K","-1,34%",78931.11000000002,89244.96999999999,0.0,77362.34010657364,86493.68113472467,,-24.964444572239998,-29.249510160200288,-19445.199999999997,-30787.0,14.466493697759745,30.249931416963477,,3.8450171639020128,12.475172017932048,3.09546904835985,9.071963642314591,,,-0.021980952435865397,-0.022226133100027815
2024-11-03,68769.6,69334.8,69383.6,67514.2,"83,16K","-0,80%",76765.85,88340.66666666667,0.0,75800.02372356025,85350.17423559954,,-21.800564694858952,-28.25035003849902,-21652.59999999999,-27129.09999999999,18.073547609653843,31.33318908878087,,8.380817125339915,6.534667940962819,5.904207617269734,4.970308497073191,,,0.01357135277263577,0.013480086772821013
2024-11-02,69325.8,69499.3,69896.9,69029.0,"38,72K","-0,26%",74904.3,87456.64,0.0,74622.89213745839,84316.3285903788,,-21.81074414560121,-28.678187762727692,-18615.5,-26520.800000000003,20.328525949996234,31.993165819357856,,10.98435089266036,7.736728393967429,7.600797964823671,5.533491543484421,,,0.008087876038249453,0.008055344458717206
2024-11-01,69507.2,70278.7,71598.4,68846.0,"130,46K","-1,10%",72988.61,86533.5,0.0,73692.76629428414,83360.88792862251,,-13.53589132773967,-27.90135852963051,-19156.90000000001,-27694.199999999997,21.115344423161616,32.21298107792114,,18.38577667732726,12.583648231775845,8.154126783677098,7.21971078859017,,,0.0026166304608095103,0.002613213043439461
2024-10-31,70281.8,72343.7,72685.7,69674.5,"111,29K","-2,86%",71977.94,85662.70333333334,0.0,73072.59060441429,82517.06505473444,,-8.368285391321807,-27.87023543176173,-10106.699999999997,-26123.899999999994,24.646158064362055,33.16722247835638,,33.29760007726112,20.889242549082912,10.51690794731481,8.757277565271862,,,0.011144169237143897,0.011082530502042554
2024-10-30,72347.8,72732.5,72907.4,71460.0,"99,05K","-0,53%",71542.69,84826.36333333333,0.0,72940.81049452077,81860.97561959662,,-5.44909451849451,-24.35838591465359,-4352.5,-25090.199999999997,33.47093967558108,35.66600423744461,,53.250277657057346,34.97788480388191,16.818877846715118,11.829970859235678,,,0.029395946034392884,0.028972170045736288
2024-10-29,72730.4,69957.2,73569.4,69753.2,"168,60K","3,97%",71164.0,84062.52666666666,0.0,72902.55404097155,81271.89965759823,,-4.136362078646517,-24.14956834427335,-3786.9000000000087,-22915.100000000006,35.03639550973587,36.123532171560434,,58.941602191167284,48.496493308495246,17.98593190456144,15.10723923286379,,,0.005288343253008199,0.005274409070066943
2024-10-28,69954.1,68011.9,70203.4,67610.0,"103,97K","2,87%",70572.55,83198.11,0.0,72366.47148806763,80541.71141936563,,-7.451350310836748,-23.94441690150645,-5914.5,-25932.5,29.4493299668013,34.292800375968824,,32.61178585613654,48.26788856812039,9.517316690764249,14.77404214734694,,,-0.038172483583205796,-0.038920141256074146
2024-10-27,68004.6,67084.7,68308.0,66924.6,"33,58K","1,37%",69814.38,82399.01000000001,0.0,71573.4039447826,79732.85763000436,,-1.9735144586493027,-26.927375022027743,-7581.699999999997,-23973.0,26.190761779026346,33.07516667494593,,17.379814116459404,36.31106738792108,3.5707095664269293,10.357986053917541,,,-0.02786827362513422,-0.02826396274203788
2024-10-26,67086.8,66694.5,67408.4,66443.8,"42,05K","0,58%",69585.69,81533.09,0.0,70757.65777300396,78916.97549783248,,-1.1230854488214972,-31.49878695300566,-2286.899999999994,-25977.59999999999,24.75776524429051,32.51293163319751,,9.023801504434726,19.671800492343557,1.938288277425423,5.008771511538869,,,-0.013496145848957308,-0.013588046632985686
2024-10-25,66696.8,68191.9,68756.8,65644.2,"110,51K","-2,19%",69470.49,80491.81000000001,0.0,70019.31999609414,78128.57034725987,,-3.0141225192526973,-31.732361641367874,-1152.0,-31238.399999999994,24.134309078576365,32.27178639788133,,13.2816837429971,13.228433121297078,3.098324561713368,2.8691074685219093,,,-0.005813364178944291,-0.005830327555287114
2024-10-24,68191.5,66659.2,68831.8,66510.6,"82,78K","2,29%",69412.68000000001,79508.22666666667,0.0,69686.98908771339,77487.4639139476,,-1.6361873934379452,-31.070750239816757,-578.1000000000058,-29507.5,31.48192665405655,34.20650668121121,,32.141775601877605,18.14908694976981,7.4979689873194255,4.178193942152741,,,0.022410370512528255,0.02216294789224147
2024-10-23,66663.7,67428.6,67441.1,65246.7,"84,99K","-1,13%",69146.47,78432.69333333333,0.0,69137.30016267458,76789.15134700185,,-4.090943096542516,-32.23477628857072,-2662.100000000006,-32266.0,28.362235849604502,33.20357995850344,,17.025724824876548,20.816394723250415,4.205933423368605,4.934075657467136,,,-0.02240455188696544,-0.022659346761167355
2024-10-22,67427.3,67370.8,67815.3,66609.4,"86,76K","0,08%",68938.48000000001,77401.12000000001,0.0,68826.39104218829,76185.15671574172,,-4.061506677404392,-28.499987805382375,-2079.899999999994,-30947.199999999997,32.09889917736234,34.20105509546667,,26.200632006440294,25.122710811064817,7.369530980689048,6.357811130459029,,,0.011454509725682849,0.011389403530490803
2024-10-21,67371.3,69030.5,69490.8,66845.5,"109,28K","-2,40%",68647.43000000001,76503.36666666667,0.0,68561.8290345177,75616.51708037304,,-6.878578201410408,-26.960229490281783,-2910.5,-26932.59999999999,31.963046029783996,34.162352327724975,,25.527773438908124,22.91804342340832,7.410068429606811,6.328510944554824,,,-0.0008305241348830483,-0.000830869211128356
2024-10-20,69030.5,68373.3,69386.4,67443.9,"44,92K","0,96%",68315.7,75729.74333333333,0.0,68647.04193733266,75191.61015347381,,-5.087143752818621,-23.70524775444386,-3317.300000000003,-23208.699999999997,40.28341747425308,36.36935477875756,,45.46361156836128,32.3973390045699,13.52327921114801,9.434292873814625,,,0.02462769755073735,0.02432932470759924
2024-10-19,68372.0,68426.4,68688.8,68025.5,"33,29K","-0,07%",67879.86000000002,74992.85333333333,0.0,68597.03431236307,74751.63278717772,,-2.2616258375134635,-23.890477626992986,-4358.399999999994,-22106.699999999997,38.22218086650104,35.8756037364321,,63.05203058486503,44.68113853071148,11.169804037898642,10.701050559551156,,,-0.00953926163072849,-0.009585051822712767
2024-10-18,68423.1,67416.5,68990.3,67190.9,"99,20K","1,49%",67726.76000000001,74279.16666666667,0.0,68565.40989193342,74343.33816364336,,0.615399546501266,-24.427015510425882,-1531.0,-21410.59999999999,38.49354027333048,35.94541267654026,,74.8427228387645,61.11945499733027,11.352435140940488,12.015172796662382,,,0.0007473819692271899,0.000747102818402763
2024-10-17,67418.4,67618.1,67933.5,66677.3,"84,68K","-0,30%",67668.13999999998,73508.47666666665,0.0,68356.86263885461,73896.56572220747,,0.4942850158302248,-25.951684029589284,-586.2000000000116,-23120.70000000001,35.12316014925052,35.166733529228395,,51.1698593341343,63.02153758592129,7.761643179568177,10.094627452802438,,,-0.014683637543461359,-0.014792509218431633
2024-10-16,67617.9,67075.1,68389.4,66766.6,"98,30K","0,81%",67721.25,72727.52333333333,0.0,68222.50579542649,73491.48861666641,,1.381025776349077,-22.540037115952995,531.0999999999913,-23428.600000000006,36.35267887436199,35.45395339340445,,55.87050258005216,60.62769491765033,8.474655020210923,9.196244446906531,,,0.002959132818340482,0.002954763202881524
2024-10-15,67077.5,66084.1,67821.9,64850.6,"136,72K","1,51%",67759.31999999999,72053.64,0.0,68014.32292353077,73077.68108597431,,-1.6336346905406098,-25.817443061549046,380.6999999999971,-20216.5,34.3910329890044,35.01922421790218,,47.991465885091145,51.67727593309254,7.8478291513955485,8.028042450391553,,,-0.007991966624222191,-0.008024073568987848
2024-10-14,66081.7,62870.7,66476.6,62463.7,"122,09K","5,11%",67548.34,71242.29000000001,0.0,67662.93693743426,72626.3256171003,,-0.8730388502288352,-24.857035317876814,-2109.800000000003,-24340.5,30.969415390445093,34.2193784102121,,51.48638841058185,51.78278562524173,13.172697781612833,9.831727317739771,,,-0.014845514516790281,-0.014956812053829921
2024-10-13,62870.9,63205.4,63284.6,62054.2,"42,26K","-0,53%",67169.06,70406.61000000002,0.0,66791.65749426441,71996.94090540192,,-6.7575003003234615,-29.090917293470532,-3792.7999999999956,-25070.4,22.83141506938223,31.796956977242388,,10.982169270903421,36.82000785552548,2.9736244210771763,7.9980504513618556,,,-0.04858833837507204,-0.049808437727850895
2024-10-12,63205.1,62506.6,63463.1,62486.1,"40,91K","1,13%",66746.84,69557.97666666667,0.0,66139.55613167088,71429.72332806904,,-6.183938858237862,-21.375445492825467,-4222.200000000004,-25459.000000000007,25.107424936862728,32.31289787282992,,15.476158459511074,25.98157204699879,5.957255180053115,7.3678591275810446,,,0.005315654778283774,0.005301576553374443
2024-10-11,62499.4,60317.5,63385.1,60080.6,"86,38K","3,62%",66259.65,68961.67333333332,0.0,65477.70956227617,70853.57150219409,,-9.461180202953765,-18.51479068530371,-4871.9000000000015,-17889.1,23.482444730234263,31.787617577672776,,25.99239184164719,17.483573190687235,14.138497419320913,7.6897923401504045,,,-0.011165238248179277,-0.0112280374033044
2024-10-10,60316.2,60628.9,61304.6,59075.7,"83,86K","-0,52%",65388.22000000001,68415.53666666667,0.0,64539.25327822596,70173.73894818014,,-11.782308547358571,-21.17312032703716,-8714.300000000003,-16384.100000000006,19.208972123445747,30.21564924177025,,12.511851209327652,17.993467170161978,6.848747846826553,8.981500148733529,,,-0.034931535342739406,-0.03555623232847135
2024-10-09,60628.8,62157.0,62537.0,60355.5,"68,79K","-2,46%",64613.89999999999,67885.92,0.0,63828.26177309396,69557.93462665153,,-11.391328367174246,-20.08709795620323,-7743.199999999997,-15888.5,21.482279901201068,30.72309891192738,,15.66477719726469,18.056340082746516,8.743898525512215,9.910381263886563,,,0.005182687238254546,0.005169303337879295
2024-10-08,62157.0,62226.9,63196.6,61883.2,"63,75K","-0,14%",63987.28999999999,67428.86666666667,0.0,63524.39599616779,69080.45366134151,,-7.8041009576020715,-17.766843991569903,-6266.100000000006,-13711.600000000006,31.892060122412857,33.180372217462136,,33.083522123323746,20.4200501766387,17.784562817086773,11.125736396475183,,,0.025205842767793474,0.02489341464077171
2024-10-07,62245.6,62819.8,64449.3,62175.8,"86,27K","-0,91%",63470.01000000001,66984.17666666667,0.0,63291.88763322819,68639.49422715208,,-7.945085546874417,-10.274931277991515,-5172.799999999996,-13340.700000000004,32.46881235525166,33.32222012203724,,34.03480893737185,27.5943694193201,21.870881831416423,16.13311439133847,,,0.0014254227198866598,0.0014244077692960827
2024-10-06,62819.4,62062.0,62934.5,61495.4,"31,72K","1,22%",62990.159999999996,66765.7,0.0,63205.980790823065,68264.00337410763,,-6.348030263501172,-7.4126587353055635,-4798.499999999993,-6554.299999999996,36.34755481809856,34.257231594251635,,42.803731906428,36.640687655707865,25.82984331123181,21.828429319911674,,,0.009218322258922829,0.009176092850760894
2024-10-05,62061.4,62085.5,62366.8,61705.7,"30,15K","-0,03%",62488.55,66572.78666666667,0.0,62997.8751924916,67863.83451432183,,-6.083832589052636,-9.754600870151933,-5016.0999999999985,-5787.4000000000015,33.52152657618248,33.613097536138824,,40.342390790309295,39.06031054470305,20.599984820991224,22.766903321213153,,,-0.012066336195506455,-0.012139725386673274
2024-10-04,62081.0,60751.4,62471.7,60469.3,"72,71K","2,19%",62088.479999999996,66349.83333333333,0.0,62831.17061203858,67490.74763152256,,-1.2563841141132088,-10.450366241716653,-4000.699999999997,-6688.600000000006,33.66969567640625,33.64647075901878,,55.927125204704474,46.3577493004806,20.735215990395854,22.388348040872966,,,0.0003158162722722846,0.0003157664128107119
2024-10-03,60751.2,60642.0,61468.9,59904.4,"82,43K","0,17%",61876.51000000001,66064.01333333334,0.0,62452.99413712247,67055.93725095148,,-3.882439866403188,-12.597256111597071,-2119.7000000000044,-8574.600000000006,28.82626843634891,32.499771415404695,,31.18021438142024,42.48324345881134,11.560195119258715,17.631798643548603,,,-0.02142040237753906,-0.02165314888066166
2024-10-02,60645.7,60834.2,62339.8,60002.7,"98,94K","-0,31%",61620.56999999999,65768.62999999999,0.0,62124.39520310021,66642.37279573386,,-2.9659484731053487,-13.710661935237864,-2559.4000000000015,-8861.5,28.465313338945023,32.40912164766462,,29.216912312044034,38.77475063272292,10.832292651289873,14.37590125364815,,,-0.0017365912113670445,-0.001738100833869349
2024-10-01,60835.5,63329.9,64125.3,60195.9,"134,93K","-3,95%",61454.18000000001,65453.753333333334,0.0,61890.05062071836,66267.7351957601,,0.8609627264317098,-15.912439631889294,-1663.9000000000015,-9446.300000000003,30.212124544130333,32.75817585814367,,32.74899508709247,31.048707260185584,12.141827138687866,11.511438303078819,,,0.003129653050422343,0.003124765880423732
2024-09-30,63339.2,65607.0,65607.0,62901.1,"101,70K","-3,46%",61756.479999999996,65153.46666666667,0.0,62153.53232604229,66078.79713669987,83710.19946229705,4.470482674900367,-12.912344769174922,3023.0,-9008.600000000006,48.60637554591721,37.18485929738049,,60.23217479746074,40.73269406553242,29.41622912023845,17.463449636738734,8.501003929982113,,0.041155246525466094,0.040330910622741536
2024-09-29,65607.1,65862.8,66065.7,65436.8,"32,60K","-0,39%",62254.31000000001,64916.02333333333,0.0,62781.45372130732,66048.36501748377,83502.200016076,5.550621812507048,-6.214074657525434,4978.300000000003,-7123.299999999988,59.381555289363654,40.83467632187194,47.19761707776653,92.55676561764577,61.845978500733,58.69496841216074,33.417674890362356,13.022975740186524,,0.03580563063632014,0.03517951101944787
2024-09-28,65866.5,65775.6,66232.5,65438.1,"35,00K","0,14%",62625.26000000001,64779.770000000004,0.0,63342.37122652417,66036.6317740011,83299.882317284,5.817117997095379,-3.14405202001042,3709.5,-4087.600000000006,60.435752228817975,41.23866365406838,47.23815928768202,94.2162734470062,82.33507128737091,65.20148630354005,51.104227945313085,13.540194086483536,11.688057918884057,0.003953840361790029,0.003946044477352045
2024-09-27,65776.3,65168.8,66440.7,64839.2,"80,55K","0,92%",62978.329999999994,64705.49333333333,0.0,63784.9037307925,66019.83615351866,83099.15630461246,4.706985421700942,-1.9534394247452551,3530.7000000000044,-2228.300000000003,59.83574946303123,41.13762221787833,47.22548732664532,89.83522788121728,92.2027556486231,64.33543604958187,62.743963588427555,13.360344067840552,13.307837964836871,-0.0013694366635542687,-0.0013703751988829924
2024-09-26,65175.7,63157.2,65770.9,62693.3,"96,06K","3,20%",63213.96000000001,64641.79,0.0,64037.77577973932,65965.37568929918,82894.15828009885,5.018094983355186,-2.2806191601396257,2356.2999999999956,-1911.1000000000058,55.7415004232963,40.454862788448,47.14086127374918,80.64654315132414,88.23268149318254,58.568808748835785,62.701910367319236,12.162806138827463,13.021114764383851,-0.009130948381103954,-0.009172891002774545
2024-09-25,63156.5,64262.9,64788.4,62952.8,"62,72K","-1,71%",63323.47000000001,64523.780000000006,0.0,63877.54381978671,65784.1576936533,82668.74569921433,1.73241410415425,-7.383618192883278,1095.0999999999985,-3540.300000000003,44.39422700689755,38.24713897747487,46.8571514011154,49.75444823524013,73.41207308926052,39.18157290856546,54.028605902327705,8.136717916611008,11.219956041093008,-0.0309808717052521,-0.031470927043948944
2024-09-24,64256.8,63335.9,64664.1,62740.8,"76,71K","1,46%",63541.05,64392.62333333334,0.0,63946.49948891639,65685.61838117524,82458.78201354374,5.77042099579927,-3.6105106677247054,2175.800000000003,-3934.699999999997,50.495829596514476,40.09014728680125,47.03173417314645,66.58813089974457,65.66304076210294,49.74604180468745,49.1654744873629,10.330608997685088,10.210044351041187,0.017421801398114223,0.017271781718431935
2024-09-23,63331.8,63575.4,64723.4,62650.0,"75,66K","-0,38%",63799.11,64281.55999999999,0.0,63834.73594547704,65533.758977330464,82240.98084836014,4.429168102602503,-6.073949275738462,2580.600000000006,-3331.899999999994,45.80132089143547,39.075924535029955,46.901552062487205,51.71015843429646,56.0175791897604,40.86470605179022,43.26410692168105,8.486249050403876,8.984525321566657,-0.014395363603540767,-0.014499982077928244
2024-09-22,63572.7,63351.2,63998.2,62394.6,"48,86K","0,35%",64091.81,64153.07333333334,0.0,63787.0930462994,65407.2389237148,82028.70797457239,4.4993465986142915,-5.638305925520223,2927.0,-3854.600000000006,47.22118515550648,39.48835711522274,46.939993498380055,54.07378939277475,57.45735957560527,43.177693925166324,44.596147260548,8.966580197755263,9.261146081948077,0.0038037763019524995,0.0037965602379483603
2024-09-21,63348.1,63201.2,63526.3,62778.6,"33,20K","0,23%",64343.06999999999,64018.96666666667,1.0,63707.276128790414,65274.39113374303,81816.59624265107,0.014051329982067118,-8.23172365838289,2512.5999999999985,-4023.2000000000044,45.973524811726485,39.232202071327535,46.90817232736071,23.565902968290462,43.11661693178723,41.43656589756275,41.8263219581731,8.51874966352893,8.65719297056269,-0.0035329630486041763,-0.003539218700893914
2024-09-20,63201.2,62942.4,64085.1,62367.1,"90,65K","0,42%",64329.270000000004,63824.65666666666,1.0,63615.26228719216,65140.636756404914,81605.52140039836,-3.6671335876757376,-7.562744983326512,-138.0,-5829.300000000003,45.10740716524717,39.06076297489298,46.887278542354856,20.47574626865669,32.705146209907305,41.61035240957777,42.074870744102284,8.225845364874214,8.5703917420528,-0.00231893300667263,-0.0023216258957090173
2024-09-19,62938.6,61754.8,63849.6,61596.5,"120,17K","1,91%",64062.42,63643.543333333335,1.0,63492.23278042995,64998.56975895552,81394.15580451823,-4.445203555677016,-8.015567841854589,-2668.5000000000073,-5433.4000000000015,43.480387121577195,38.74764451429099,46.849787623778155,27.70529705627347,23.91564876440688,38.96173320154116,40.66955050289389,7.702246530110922,8.148947186171354,-0.0041549843990303925,-0.004163640331872829
2024-09-18,61757.6,60308.5,61757.6,59210.7,"105,57K","2,40%",63651.52999999999,63421.36,1.0,63176.845002169954,64789.47478442702,81172.11584211809,-6.10964739579454,-8.396520831108417,-4108.9000000000015,-6665.500000000007,36.84020820268892,37.35452120762826,46.681076385839845,35.22683264177042,27.802625322233535,28.79521565006391,36.45576708706094,5.347447505528097,7.091846466837744,-0.018764319511396788,-0.01894260312463333
2024-09-17,60309.1,58213.1,61309.0,57630.2,"106,30K","3,60%",63104.81,63184.38333333333,0.0,62655.43681995723,64500.41815096577,80936.52745527252,-7.466893336013267,-10.808972180443337,-5467.200000000004,-7109.299999999996,30.493848178763955,35.72482656071708,46.47477639168151,32.9074895279276,31.946539741990506,24.898691352516934,30.885213401374,5.191827653570655,6.080507229736558,-0.02345460315815384,-0.023734040404631052
2024-09-16,58213.1,59126.2,59204.3,57527.8,"87,60K","-1,56%",62408.55,62870.89,0.0,61847.739216328635,64094.78446488898,80680.27488073421,-7.827222851171299,-13.215161566844325,-6962.5999999999985,-9404.799999999996,23.87984496118301,33.53477425401731,46.17799061532746,9.438613888659281,25.857645352785777,6.6572114123623845,20.117039471647743,1.3255114040788452,3.954928854392532,-0.03475429081183434,-0.03537258913317729
2024-09-15,59138.5,59995.6,60377.6,58717.9,"47,01K","-1,43%",62006.75,62606.25666666667,0.0,61355.15026790524,63775.023987322485,80437.66970927326,-7.965382652108419,-10.506993615479017,-4018.0,-7939.0,31.200244277568302,35.34506167618356,46.330070556140285,22.384512757796397,21.576872058127766,17.999061326658282,16.518321363845867,3.1154256800668403,3.2109215792387804,0.01589676550467156,0.015771735238526343
2024-09-14,59995.4,60514.8,60609.4,59494.3,"44,47K","-0,85%",61580.61,62403.38,0.0,61107.92294646793,63531.177143268535,80207.74886908493,-5.268127544140545,-4.573658083469459,-4261.4000000000015,-6086.299999999996,37.39471549519387,36.98902879848427,46.47083082797362,34.29317916504529,22.03876860383366,27.68571396515164,17.447328901390765,4.772846841828363,3.0712613086580163,0.0144897148219858,0.014385742057856563
2024-09-13,60511.6,58134.4,60625.4,57656.8,"102,12K","4,09%",61298.590000000004,62324.73666666667,0.0,60999.50059256466,63336.365613630725,79986.50685971085,-4.815117180802449,-4.261523199868365,-2820.2000000000044,-2359.300000000003,40.953153464561076,37.97188754282556,46.55569322551935,45.50348466594479,34.060392196262164,33.47731939099505,26.38736489426832,5.771284003342299,4.553185508412501,0.008603992972794572,0.008567189578682053
2024-09-12,58134.5,57335.5,58484.1,57329.6,"98,42K","1,39%",60754.770000000004,62155.71666666667,0.0,60478.59139391653,63000.76121766045,79741.36302472795,-8.230081091619162,-6.98390704550764,-5438.199999999997,-5070.5999999999985,31.726281045924225,35.34548333329286,46.216592213982985,11.914736140922233,30.57046665730411,8.834279066194,23.33243747411356,1.5508969344303383,4.031675926533667,-0.039283377071503645,-0.04007579078234378
2024-09-11,57338.7,57638.0,57975.9,55576.6,"102,15K","-0,51%",60153.83,61983.693333333336,0.0,59907.70204956807,62635.46677974984,79490.36002824202,-9.27593146965564,-4.936484725496633,-6009.4000000000015,-5160.700000000004,29.2729944264007,34.518622211709925,46.10360622620592,20.709878356937164,26.042699721268065,16.21947515210647,19.510357869765173,3.284313725490193,3.5354982210876105,-0.013688945462677071,-0.01378350299686905
2024-09-10,57635.0,57045.6,58019.9,56415.3,"77,65K","1,03%",59597.21,61894.32,0.0,59494.48349510115,62312.85588278322,79245.79576311416,-8.426625314195102,-4.937917293431509,-5566.199999999997,-2681.199999999997,31.4654162170239,35.10337424083369,46.15286616805341,24.88093799105526,19.16851749630489,18.94680645428523,14.666853557528567,3.8365764556773305,2.890595705199287,0.005167539550076983,0.0051542336371117325
2024-09-09,57049.6,54868.0,57956.7,54595.4,"105,33K","3,99%",59008.31,61775.013333333336,0.0,59049.959223264574,61973.29085224022,78997.72508022383,-7.62335323911551,-8.216934536737618,-5889.0,-3579.2000000000044,29.460667352866068,34.47416938824598,46.06925902171688,34.266007651280304,26.618941333090916,20.718766092880703,18.628349233090802,4.492140310287511,3.871010163818345,-0.01015702264249152,-0.010208957162985623
2024-09-08,54861.3,54161.4,55292.7,53642.4,"51,99K","1,30%",58318.68000000001,61531.823333333334,0.0,58288.384819034654,61514.452562242914,78728.30019080474,-9.033130986865988,-11.863167838369291,-6896.299999999996,-7295.699999999997,23.29588956487106,32.23952109464888,45.757842731610715,15.898833902903526,25.015259848413034,9.523921145777187,16.396497897647706,2.192810445758122,3.507175737240988,-0.038357850011218275,-0.03911288297883053
2024-09-07,54156.5,53965.0,54819.2,53754.3,"58,11K","0,35%",57703.42,61262.18666666666,0.0,57537.13303375562,61039.745780309844,78454.34751251561,-6.968534573833035,-13.790166731933132,-6152.5999999999985,-8089.0999999999985,21.672925478147093,31.557957249526638,45.65793885147677,7.362165258484871,19.17566893755624,4.016939749810511,11.419875662822799,0.924869841795263,2.536606865946965,-0.012846943109259268,-0.012930178733575135
2024-09-06,53966.8,56179.7,56969.1,52644.6,"155,84K","-3,94%",57278.79,60967.1,0.0,56887.981573072786,60583.426549320495,78181.66107491765,-8.745064551857077,-13.04288978334359,-4246.299999999996,-8852.599999999999,21.230591170914153,31.3732845730172,45.630989082171766,16.56726142742587,13.276086862938094,9.583867904697737,7.708242933428479,2.336702954898919,1.818127747484101,-0.003502811296889563,-0.0035089605042551743
2024-09-05,56183.2,57970.7,58318.9,55744.6,"90,36K","-3,09%",56983.259999999995,60771.159999999996,0.0,56759.83946887773,60299.540879133514,77936.98246249753,-6.354153818459422,-9.500169133873493,-2955.300000000003,-5878.200000000004,37.729455492354774,35.90655320338716,46.00522735186214,44.3389133921411,22.75611335935062,25.64927769442088,13.083361782976377,6.253711296479566,3.1717613643912492,0.0410696947011866,0.04024873715278277
2024-09-04,57973.4,57490.4,58508.8,55732.1,"108,44K","0,86%",56781.06,60634.24,0.0,56980.48683817269,60149.46723132014,77715.19685069796,-4.194567653144186,-4.572419968659049,-2022.0,-4107.5999999999985,47.58275259240768,39.25910939085276,46.30525335205334,66.77024859663193,42.55880780539963,38.62540862997516,24.619518076364596,9.417503181111272,6.002639144163251,0.031863617593871574,0.03136650483201806
2024-09-03,57479.8,59133.7,59799.7,57436.9,"74,77K","-2,80%",56477.880000000005,60525.193333333336,0.0,57071.27104941403,59977.23058989822,77490.65182060245,-1.1261815273202609,-5.220320649279329,-3031.7999999999956,-3271.399999999994,45.382761500719795,38.68198681252944,46.23406322706469,67.57697306816125,59.5620450189781,35.04758591196066,33.10742407878556,8.54517178000849,8.072128752533109,-0.008514249638627347,-0.008550702924479826
2024-09-02,59134.0,57309.0,59416.6,57185.8,"73,18K","3,17%",56577.83,60474.80333333334,0.0,57446.3126767933,59922.82860280787,77287.18780905387,3.1310441290088593,-2.7968866862276136,999.5,-1511.699999999997,53.40477092322931,41.65545959402535,46.511040049693214,90.69614680437734,75.01445615639018,47.037931009488204,40.236975183808006,11.468613035487065,9.810429332202276,0.028778805771766836,0.028372473367327452
2024-09-01,57315.7,58975.7,59058.7,57232.4,"63,95K","-2,82%",56575.530000000006,60357.47666666667,0.0,57422.56491737633,59754.6267182782,77066.07572633355,-0.5540036436193335,-9.509908555839038,-23.0,-3519.800000000003,45.281843991026214,39.47856201047457,46.247842325863374,65.28350407401713,74.5188746488519,33.85811932357694,38.64787874834193,8.255160469390637,9.422981761628732,-0.030748807792471355,-0.031231472400873712
2024-08-31,58978.6,59120.4,59447.0,58761.1,"30,86K","-0,24%",56709.89,60212.12333333333,0.0,57705.48038694427,59704.560467477524,76866.04653214841,3.3812682297509533,-10.103327231351495,1343.5999999999985,-4360.5999999999985,52.60682319563793,42.32984946503818,46.525971467434076,88.52426940224457,81.50130676021301,45.91152572103711,42.26919201803408,11.193977095998868,10.305916866958858,0.02901299294957571,0.028600083545349764
2024-08-30,59119.7,59371.7,59817.6,57874.7,"87,31K","-0,43%",56916.9,59995.87666666667,0.0,57962.61122568167,59666.82752639867,76670.00723859643,7.762120110168724,-10.243143327791826,2070.0999999999985,-6487.400000000009,53.197516721000554,42.56735553633048,46.54955667510942,90.27045866443606,81.35941071356592,46.93427852798979,42.23464119086794,11.443340873745225,10.29749281304491,0.0023923931731169024,0.002389535956718819
2024-08-29,59373.5,59027.3,61150.6,58807.1,"87,19K","0,61%",57368.119999999995,59779.443333333336,0.0,58219.13645737591,59647.90316624735,76479.1464805425,9.633192691551336,-9.734205177244695,4512.199999999997,-6493.0,54.335017697076296,43.00412764432807,46.59214038534152,79.10768869033625,85.96747225233896,48.77392886395432,47.20657770432707,11.891877562561856,11.509731844101983,0.004292985248572023,0.004283796675618769
2024-08-28,59016.0,59425.6,60198.4,57912.1,"109,47K","-0,73%",57854.06999999999,59554.1,0.0,58364.020737853025,59607.135212763766,76286.65565385179,9.356122653186768,-9.450914988254821,4859.5,-6760.300000000003,52.34392674146998,42.53279481608976,46.539650375971085,74.90477310134025,81.42764015203751,48.539192308571366,48.08246656683849,11.260073519015977,11.531763985107686,-0.0060212047462251395,-0.006039405295790434
2024-08-27,59450.9,62832.2,63201.4,58187.3,"108,53K","-5,40%",58402.48,59363.27333333333,0.0,58561.63514915248,59597.05551993527,76101.2791660551,5.816151447407774,-5.867329570194673,5484.0999999999985,-5724.799999999996,54.59300664360914,43.31464765228567,46.61318439214025,49.78779805336513,67.93341994834721,56.04753042704921,51.1202171998583,12.028665347094588,11.726872142890807,0.00736918801680897,0.007342168212276996
2024-08-26,62846.2,64240.7,64472.5,62841.1,"68,89K","-2,22%",59068.77999999999,59352.93,0.0,59340.646940215665,59806.677777187295,75955.48371316858,8.405234124615763,-2.1952540431518623,6663.0,-310.3000000000029,67.78242652247607,48.926573658709565,47.18320973146497,81.39330007779961,68.695290410835,84.45872106500643,63.01514793354233,18.029124840944434,13.772621235685,0.05711099411447096,0.05553970999804319
2024-08-25,64273.2,64160.7,64939.2,63796.6,"41,61K","0,18%",59698.759999999995,59353.47666666666,1.0,60237.47476926737,60094.84054333231,75827.12242065194,11.818760677664143,1.4864570405388668,6299.799999999996,16.39999999999418,71.63061378795301,51.03424373031693,47.42034742734502,91.41022003250187,74.19710605455553,94.582987653116,78.36307971505721,20.551039163014277,16.869609783684435,0.022706225674742564,0.02245227630004935
2024-08-24,64159.3,64061.7,64458.9,63579.5,"54,14K","0,17%",60366.71,59381.060000000005,1.0,60950.53390212784,60357.06376991742,75699.05288871209,8.498156728785474,0.9227231185713456,6679.5,827.5,70.87978142856555,50.860937170849844,47.403274279484044,89.94118709211449,87.58156906747199,93.65656467066847,90.8994244629303,20.34974551109855,19.643303171685755,-0.0017721227510065773,-0.001773694818067299
2024-08-23,64053.1,60374.7,64830.1,60354.4,"125,50K","6,10%",60858.619999999995,59397.073333333334,1.0,61514.63682901368,60595.51775072743,75571.35442864231,11.754894383214376,1.1128984136856512,4919.0999999999985,480.40000000000146,70.1183439615584,50.69488616187288,47.387286489947115,88.50236155083823,89.95125622515154,92.7927708099491,93.67744104457786,20.162059946274564,20.354281540129133,-0.0016552549669339722,-0.0016566264150432212
2024-08-22,60372.2,61158.3,61399.7,59815.8,"74,39K","-1,29%",61164.27,59297.87666666667,1.0,61306.921041920294,60581.11015218336,75404.86388956901,2.362890946885817,-4.476180832009519,3056.5,-2975.9000000000015,49.598722107617235,45.382404739259236,46.837016627784294,35.352820440229316,71.26545636106069,62.85361052819937,83.10098200293898,13.656864131203161,18.05622319619209,-0.05746638336005594,-0.05918369277355511
2024-08-21,61158.1,59010.0,61812.0,58831.1,"91,31K","3,65%",61382.219999999994,59229.77333333334,1.0,61279.862670662056,60618.335307819776,75248.96225011381,3.4479200672533885,-2.8289475774802746,2179.5,-2043.0999999999985,52.87062315257181,46.617967760658935,46.969156114046676,46.477457711090686,56.77754656738608,69.24584777056594,74.96407636957146,15.045772656581363,16.288232244686363,0.013017580939571616,0.01293358043635083
2024-08-20,59005.8,59470.3,61331.6,58612.0,"69,77K","-0,78%",61370.83,59098.68,1.0,60866.39673054168,60514.30076094394,75071.39039716085,-0.6192998559963571,-4.455807868181399,-113.89999999999418,-3932.7999999999956,44.149416319322334,43.81016868757083,46.65001154286236,15.564030681219915,32.464769610846645,51.739788199697465,61.27974883282092,11.242047221829498,13.314894669871341,-0.03519239479316716,-0.035826570363218645
2024-08-19,59470.9,58445.8,59598.5,57872.0,"49,19K","1,75%",61380.56999999999,59022.456666666665,1.0,60612.670052261376,60446.98457622822,74901.01158276715,0.7708079164972235,-1.3898400075610433,97.40000000000146,-2286.699999999997,46.277173362107675,44.55666696557417,46.7286235844286,22.62423590672405,28.22190809967822,55.5227498251265,58.83612859846331,12.0640110278524,12.783943635421087,0.007882275979649522,0.00785137312599985
2024-08-18,58446.3,59485.4,60216.3,58436.1,"30,82K","-1,74%",61323.6,58960.363333333335,1.0,60218.78458821385,60317.90814013404,74721.47784802278,-1.6897977995286841,0.4005971164566126,-569.6999999999971,-1862.7999999999956,42.32981801147594,43.24730008793469,46.57667098942375,8.126273488793343,15.438180025579108,47.18900980918456,51.48384927800284,10.253251802629725,11.186436684103874,-0.01722859415277045,-0.017378733337907
2024-08-17,59483.1,58877.8,59659.5,58825.5,"18,51K","1,03%",61326.81999999999,59002.69666666666,1.0,60085.02375399315,60264.04954583359,74555.37480994541,-5.351317979448238,0.5826999332076372,32.19999999999709,1270.0,47.37662001819816,44.94101665700611,46.75276304592087,22.796864387593377,17.849124594370263,55.62198038163096,52.777913338647345,12.085571893114661,11.467611574532262,0.017739360746531263,0.017583854646022242
2024-08-16,58877.2,57545.1,59817.3,57129.1,"64,01K","2,33%",60929.920000000006,58993.986666666664,1.0,59865.4194350853,60174.57537441506,74384.64005719463,-8.395412084663592,-1.8638095587328434,-3969.0,-261.3000000000029,44.829261989265895,44.144562746039504,46.662427426035656,22.38255592117897,17.76856459918857,50.693800530314114,51.16826357370988,11.014774494556761,11.117866063433715,-0.01018608646825736,-0.010238319650901266
2024-08-15,57534.6,58710.1,59831.4,56275.7,"81,47K","-2,00%",60256.06,58911.96,1.0,59441.6340832516,60004.25436974707,74201.31600690386,-10.325393200985678,-4.919717872275729,-6738.5999999999985,-2460.800000000003,39.58846050263012,42.42122687362406,46.462497911770704,14.716403254465552,19.965274521079305,39.77355912351765,48.696446678487575,8.642018945284885,10.580788444318769,-0.022803394183147252,-0.02306741298070669
2024-08-14,58707.8,60594.6,61543.0,58491.2,"64,79K","-3,11%",59710.91000000001,58851.833333333336,1.0,59308.20970447858,59920.61214647735,74032.90711976081,-8.345107418688551,0.9861614015773815,-5451.5,-1803.7999999999956,45.746554920448006,44.38387351389611,46.66319400523914,28.43098288600025,21.843314020548263,49.31595985229292,46.59443983537489,10.715396578538108,10.124063339459918,0.020391208073055278,0.020186091091064895
2024-08-13,60595.2,59350.2,61537.0,58492.4,"62,92K","2,10%",59365.119999999995,58933.85666666667,1.0,59542.207940027925,59964.1339463345,73886.97829311501,0.3693753085029203,5.6794102412506735,-3457.9000000000015,2460.699999999997,54.10851253204575,47.369479720329544,46.984524756399715,78.02142224951677,40.38960279666086,64.66741496266654,51.252311312825704,14.050968471652759,11.136127998491917,0.03214905004105062,0.03164308496495461
2024-08-12,59350.0,58711.7,60606.2,57689.0,"79,31K","1,08%",59262.9,59000.9,1.0,59507.26104184103,59924.51239897765,73729.25519771196,-2.956435860499261,2.975622451635291,-1022.1999999999971,2011.300000000003,48.61575614783218,45.695301261238825,46.79758537119495,55.529866517349156,53.9940905509554,54.539391277471424,56.174255364143626,11.850346387671427,12.20557047928743,-0.020549482467258073,-0.020763560961686568
2024-08-11,58713.3,60929.8,61677.3,58388.7,"41,06K","-3,64%",59018.42,59036.84333333334,0.0,59362.90448877903,59846.36965907265,73566.48172637244,-0.4957139806595284,2.916234294368417,-2444.7999999999956,1078.300000000003,45.964795372076516,44.856711488822384,46.702096007118705,45.1273696682465,59.559552811704144,49.36069493924166,56.18916705979321,10.725116640746506,12.208810500023565,-0.01072788542544223,-0.010785844076849004
2024-08-10,60931.7,60844.5,61344.5,60264.2,"22,91K","0,13%",59211.009999999995,59166.246666666666,1.0,59648.140036273755,59916.39097515187,73429.64201545992,2.4563273802817776,11.064994814195058,1925.8999999999942,3882.0999999999985,55.383375995235674,48.277940082264486,47.080217645685664,86.19668246445488,62.28463955001684,67.40438891871227,57.10149171180845,14.645659550402938,12.407040859606957,0.03778360269308645,0.037087287762203526
2024-08-09,60850.6,61697.8,61712.3,59570.2,"69,55K","-1,38%",59348.979999999996,59365.89000000001,0.0,59866.76912058761,59976.66252817081,73293.52579033546,4.113690687006698,12.360658462049798,1379.699999999997,5989.299999999996,54.9940059801301,48.16492807165941,47.06794877497039,84.15002023323395,71.82469078864511,66.74474972752266,61.1699445284922,14.502332814930014,13.29103633535982,-0.00133099847862439,-0.0013318850438647485
2024-08-08,61699.7,55112.8,62563.5,54786.9,"109,77K","11,94%",59674.31999999999,59617.33,1.0,60200.029280480776,60087.826241256495,73168.17959509285,3.726436584508875,14.328994863508665,3253.399999999994,7543.199999999997,58.396580053010226,49.44663054071818,47.2126960895617,88.89231797957973,86.41300689242286,73.65103378719112,69.26672414447535,16.002933691502893,15.050308685611947,0.013953847620236992,0.013857388965725618
2024-08-07,55120.9,56049.9,57669.6,54598.5,"94,52K","-1,67%",59238.1,59655.8,0.0,59276.55122948428,59767.379372889736,72973.23002874864,-6.379888989286169,-1.8907787381281163,-4362.199999999997,1154.0999999999985,35.37359078218452,41.26788295313372,46.22831199258488,6.5586942875078655,59.86701083344051,5.051882367731407,48.4825552941484,4.376325463028422,11.627197323153775,-0.10662612622103507,-0.11275011407917888
2024-08-06,56057.8,54010.8,57025.6,53998.2,"113,89K","3,85%",58956.159999999996,59651.62,0.0,58691.32373321441,59528.051661567195,72790.66241134329,-2.5668032801131764,-3.3042740291236985,-2819.399999999994,-125.39999999999418,39.16854505291788,42.665021793989105,46.38830051824853,24.045859456177894,39.832290574421826,18.824604697925288,32.50917361761594,6.0320938781281,8.803784344219805,0.016997182556888646,0.016854346715376677
2024-08-05,53979.0,58142.9,58291.4,49486.9,"333,46K","-7,16%",58600.6,59518.473333333335,0.0,57834.5375999027,59170.04831478503,72587.79978252167,-8.054807027345605,-6.090487440805297,-3555.5999999999985,-3994.4000000000015,34.21525996568093,40.456050271858565,46.08254940150459,34.35220164262881,21.65225179543819,29.070753221203315,17.649080095620004,7.519203504419858,5.975874281858793,-0.03708315345946511,-0.037788219260598964
2024-08-04,58141.8,60700.2,61086.5,57346.9,"72,71K","-4,21%",58544.0,59540.54,0.0,57890.403490829485,59103.70971144282,72432.14567421604,-4.048835551330789,-1.677884127574656,-566.0,662.0,48.660839663803095,46.22377532416108,46.78840461540992,66.18616459936071,41.52807523272247,56.010432103958664,34.63526334102909,14.487200732486691,9.346166038344883,0.07711887956427499,0.07428977236531725
2024-08-03,60696.7,61480.8,62184.2,59914.6,"65,74K","-1,27%",58554.15,59592.63,0.0,58400.63921976958,59206.48328190787,72305.80168649144,2.2690817186183607,5.898907280204202,101.5,1562.699999999997,55.34739527017614,49.33942515163561,47.21465513454696,85.72411788997137,62.08749471065363,72.54454029497226,52.541908540044744,18.76377806456796,13.59006076715817,0.0439425679975507,0.043004476450660155
2024-08-02,61478.7,65351.8,65567.1,61242.3,"93,89K","-5,96%",58767.02,59731.39666666666,0.0,58960.28663435693,59353.07791350027,72189.33195614954,4.71000608039404,4.238995160956684,2128.699999999997,4163.0,57.241343432787296,50.252044499812506,47.34440679271677,74.57494309772261,75.49507519568489,74.57494309772261,67.70997183221785,20.07274650704616,17.774575101366935,0.012883731735003678,0.01280144250453224
2024-08-01,65372.9,64625.7,65587.9,62303.9,"84,20K","1,16%",59432.979999999996,59944.54000000001,0.0,60126.21633720113,59741.453543431104,72116.06508799999,7.28881682277042,10.577184931587956,6659.5999999999985,6394.300000000003,65.3688479496873,54.47667108047515,47.98432171554843,98.66467921247131,86.32124673338842,98.66467921247131,81.92805420172206,26.591141530957437,21.809222034190515,0.06334226325540393,0.06141702613921454
2024-07-31,64626.0,66185.4,66825.6,64538.3,"51,52K","-2,36%",59802.409999999996,60128.083333333336,0.0,60944.35882134638,60056.585581576124,72035.6218489514,6.204375963425178,8.846539280992362,3694.300000000003,5506.300000000003,62.824007823581454,53.57398957875771,47.87217617087978,87.31392780312245,86.85118337110545,87.31392780312245,86.85118337110545,25.34092601984878,24.00160468595079,-0.01142522360182896,-0.011490992901527584
2024-07-30,66184.9,66796.1,66998.3,65328.7,"54,43K","-0,92%",60335.840000000004,60355.13,0.0,61897.184490192485,60451.960715543544,71972.83472886207,7.26940325479702,12.147383760336169,5334.299999999996,6811.399999999994,65.9024183736567,55.177597408524704,48.1264847786393,95.35502586886253,93.7778776281521,95.35502586886253,93.7778776281521,27.950326154093357,26.627464568299857,0.02412187045461578,0.02383553365153375
2024-07-29,66798.7,68256.3,70000.2,66544.5,"85,67K","-2,14%",60845.740000000005,60614.55333333333,1.0,62788.369128339305,60861.42777603386,71917.35176192211,21.185793410484944,12.359442834338918,5099.0,7782.699999999997,67.09448036742847,55.7994625843114,48.226435303634034,84.39305231240219,89.02066866146238,84.39305231240219,89.02066866146238,28.977749210350552,27.4230004614309,0.009274018696107555,0.009231279027164724
2024-07-28,68256.3,67888.9,68291.9,67067.8,"26,17K","0,61%",62159.280000000006,60908.066666666666,1.0,63782.538377732155,61338.516317381516,71878.12411293368,21.760575691518397,8.608475930127845,13135.400000000001,8805.400000000001,69.87350758587104,57.25628982597896,48.46343254166444,91.49868621820968,90.41558813315812,91.49868621820968,90.41558813315812,31.417586041240874,29.448553801894928,0.021820783937412047,0.021586118221897526
2024-07-27,67843.1,67910.8,69387.6,66776.8,"67,99K","-0,10%",63337.81,61074.63,1.0,64520.82230905359,61758.16688641197,71834.9224357796,25.68424757776173,5.554259006864461,11785.300000000003,4996.900000000009,68.06294221585608,56.70817520555196,48.40031032588297,89.48438330254034,88.45870727771741,89.48438330254034,88.4587072777174,30.72594184631506,30.373759032635494,-0.006053653655413438,-0.00607205130293846
2024-07-26,67908.6,65799.7,68205.0,65764.3,"59,13K","3,21%",64730.77,61195.810000000005,1.0,65136.78188922568,62154.96903061095,71792.91636610146,16.798241540509586,5.843735826294867,13929.600000000006,3635.4000000000087,68.20803889098315,56.77602946054789,48.4110152342077,83.46992484174095,88.15099812083032,89.80368833878512,90.26225261984506,30.83558050741777,30.993036131657902,0.0009654629579132212,0.0009649971983099928
2024-07-25,65799.3,65363.9,66088.6,63500.9,"77,46K","0,66%",65496.52,61250.47666666667,1.0,65257.23972754828,62390.08716201321,71728.84113897517,8.406717333891308,2.726175626160177,7657.5,1640.0,58.67048928199051,53.95860539242305,48.08813034063157,58.34754501467444,77.10061771965191,79.52109119449335,86.26972094527294,27.304880845372665,29.62213439970183,-0.031060867106669887,-0.03155348341584333
2024-07-24,65370.5,65936.8,67072.1,65155.2,"52,47K","-0,86%",65963.9,61294.39,1.0,65277.832504357684,62582.37186456226,71660.9170791925,6.330322534471293,8.279141724171064,4673.800000000003,1317.4000000000015,56.874143129230866,53.401318455288646,48.02269032927261,47.13687071101519,62.98478018914353,77.43074005645119,82.25183986324322,26.587124236504817,28.24252852976508,-0.0065167866527455764,-0.006538113612877334
2024-07-23,65937.8,67550.4,67750.2,65512.9,"69,58K","-2,39%",66409.81000000001,61479.91,1.0,65397.82659447447,62798.85110260755,71599.82365450004,0.864119535770941,7.815318003665917,4459.100000000006,5565.600000000006,58.731537416861784,54.050815557825736,48.11656946527775,47.21619479490149,50.900203506863704,80.19626291235444,79.04936472109966,27.536712212742525,27.142905764873333,0.008678226417114798,0.00864078705913393
2024-07-22,67553.6,68158.4,68468.9,66601.8,"54,88K","-0,89%",66627.88,61693.09333333333,1.0,65789.7853954791,63105.60910062856,71556.66209300974,4.530065298796159,14.48637252609066,2180.7000000000044,6395.500000000007,63.6817474238073,55.86340919209503,48.38343722358064,62.355946024956644,52.23633717695778,88.07310379119893,81.90003558666818,30.241355702967947,28.121730717405097,0.02450491220513884,0.024209483419474806
2024-07-21,68158.7,67147.8,68352.9,65825.6,"47,19K","1,50%",66981.15,61998.19000000001,1.0,66220.49714175564,63431.614969717986,71520.44158222056,2.982251238575571,14.608489193874643,3532.699999999997,9152.899999999994,65.40827906628024,56.527760000293874,48.4831688801995,71.66617943470833,60.41277341818883,91.02289733977467,86.43075468110935,31.254216066834378,29.677427994181617,0.008957331659600554,0.008917452726676116
2024-07-20,67148.5,66677.0,67586.4,66257.4,"32,94K","0,71%",67077.51,62254.11,1.0,66389.2249341637,63671.41400710457,71473.87198466314,0.5236628856549648,14.889223098810355,963.6000000000058,7677.5999999999985,60.10776625857888,55.095511517649896,48.32649867447063,56.12296708876342,63.38169751614279,86.09828745253081,88.39809619450148,29.563269876819703,30.352947215540677,-0.01482129207276539,-0.01493222489861463
2024-07-19,66677.4,63981.2,67390.4,63326.1,"82,87K","4,22%",67065.38,62528.479999999996,1.0,66441.6204006794,63865.348589693334,71422.81614545046,-2.313193067892647,12.094695804354508,-121.30000000000291,8231.099999999991,57.685536516848195,54.43019927396664,48.25341739341863,55.288294976490825,61.02581383332085,83.80172863459315,86.97430447563288,28.774708453224452,29.864064798959514,-0.007015793353537414,-0.007040519749787131
2024-07-18,63980.5,64090.4,65102.0,63253.5,"51,27K","-0,17%",66637.8,62678.39333333333,1.0,65994.14396419223,63872.777713025,71343.65168876825,-5.6934308721152265,8.667701589070138,-4275.800000000003,4497.4000000000015,45.916028914043395,50.797521982180264,47.83720474538292,11.851779397140563,41.08768048746494,70.65464844759255,80.18488817823884,24.260441199363257,27.53280650980247,-0.0404469880349263,-0.04128771548781296
2024-07-17,64089.2,65052.8,66051.5,63897.5,"66,11K","-1,48%",66262.41,62852.12666666667,1.0,65647.79051615729,63886.740441368274,71266.53852309489,-5.624324459641354,11.39244906543193,-3753.9000000000087,5212.0,46.405730940422956,50.934060433321044,47.85542430834669,16.023699045135523,27.721257806255636,71.18454856117738,75.21364188112102,24.4423911606131,25.825846937733605,0.0016989551503974187,0.0016975135586647253
2024-07-16,65049.7,64749.2,65319.5,62430.8,"93,63K","0,41%",65976.52,63102.63,1.0,65539.04678594688,63961.77009107303,71200.49982336003,-1.1392218458251164,10.802482804669896,-2858.9000000000087,7515.0999999999985,50.781154189032854,52.147896701266085,48.016669193375556,43.372915321044665,23.749464587773584,75.8668766117592,72.56869120684304,26.0501458780048,24.917659412660385,0.014986924474014396,0.014875730119161792
2024-07-15,64782.4,60794.7,64869.5,60678.8,"96,02K","6,56%",65874.82999999999,63305.11666666667,1.0,65401.47464304744,64014.713956667285,71132.36901936002,-0.899641275498885,6.910118293198149,-1016.9000000000015,6074.5999999999985,49.53079133088702,51.779123350323204,47.97517647400167,52.677115826497776,37.35791006422599,74.56381957071756,73.87174824788471,25.602719708344424,25.365085582320773,-0.004109165760948885,-0.004117631582175153
2024-07-14,60794.9,59207.9,61326.9,59207.9,"47,48K","2,68%",65417.27,63311.77333333333,1.0,64563.91561703882,63806.984022135795,71022.70542288029,-7.799623281334836,2.4345408593091853,-4575.5999999999985,199.70000000000437,35.17500718507233,46.684411608581534,47.36157741754231,17.13637836086817,37.728803169470204,55.12521144818241,68.51863587688639,18.928152362587607,23.527005982978945,-0.06155221171182301,-0.06352805765373859
2024-07-13,59209.8,57897.4,59826.5,57770.6,"34,28K","2,29%",64744.469999999994,63307.1,1.0,63590.44005030448,63510.39150211665,70897.47228273796,-12.351377276710645,0.8456346347420431,-6728.0,-140.1999999999971,31.18306768321132,44.86893799799431,47.120801161450046,13.452604619425562,27.7553662689305,47.39802957105879,59.029020196652915,16.274896763901932,20.268589611611322,-0.026072910721129494,-0.02641883514474028
2024-07-12,57885.1,57338.3,58520.9,56575.7,"56,84K","0,96%",63777.619999999995,63279.49333333333,1.0,62553.10549570366,63147.46946690378,70759.61289949738,-15.073057438008647,-5.000024617727716,-9668.500000000007,-828.2000000000044,28.21020803722199,43.40949573342531,46.920452024628965,11.11809258567403,13.902358521989255,40.940268021235,47.82116968015873,14.05751761332536,16.420188913271634,-0.022372985553067326,-0.022627057510705772
2024-07-11,57337.3,57745.9,59404.4,57095.0,"66,40K","-0,71%",62695.48,63159.68,0.0,61604.77722375754,62772.61982115466,70617.50195955412,-14.61119756956596,-5.773648904037094,-10821.399999999994,-3594.399999999994,27.026336105293083,42.813761898709004,46.83768608455509,6.916908098486073,10.495868434528555,38.26980544329778,42.20270101186386,13.140570154515189,14.49099484391416,-0.009463575255117429,-0.009508639420860653
2024-07-10,57746.7,58040.2,59393.8,57185.3,"59,60K","-0,50%",61755.3,63056.21666666667,0.0,60903.30863761981,62448.36692726372,70481.31703852402,-13.393893583133112,-6.406838282844163,-9401.800000000003,-3103.9000000000015,29.4837097321101,43.41413954944391,46.90802910980045,10.827854679279133,9.620951787813079,40.26558379197885,39.825219085503875,13.825853633224355,13.674647133688302,0.007140203671955225,0.007114833113433927
2024-07-09,58039.4,56721.3,58234.0,56306.3,"64,25K","2,32%",60891.5,62934.206666666665,0.0,60382.5979762344,62163.91744627708,70349.75308792217,-9.285798016583175,5.294724868425588,-8637.999999999993,-3660.2999999999956,31.32093244498654,43.85013289677355,46.958458661294486,17.7841398842507,11.842967554005304,41.692462938678815,40.07595072465181,14.315796169174963,13.760739985638168,0.005068687907707314,0.005055885352368743
2024-07-08,56724.7,55850.2,58115.8,54320.0,"102,91K","1,55%",60165.92,62987.666666666664,0.0,59717.525616919054,61813.0001895916,70205.7682069133,-11.491015646942076,1.1896649529592567,-7255.800000000003,1603.7999999999956,27.71697532373905,42.33450152475038,46.75796864403902,20.497805054767053,16.369933206098963,35.28345024935041,39.08049899333602,12.115155745484302,13.418935182627871,-0.022651853740734862,-0.02291234828591771
2024-07-07,55861.1,58240.2,58394.6,55756.3,"41,12K","-4,12%",59343.11,62981.11,0.0,59016.35732293376,61429.006626836446,70054.27221530552,-14.125507112254168,3.486726319494616,-8228.099999999999,-196.70000000000437,25.569580067774865,41.36299903128842,46.626544535113155,14.010636847129401,17.430860595382384,31.073498656968884,36.01647061499937,10.669599291617073,12.366850402092112,-0.015224408414676427,-0.015341489567990496
2024-07-06,58259.2,56640.0,58462.0,56026.8,"46,91K","2,86%",58664.06,63123.78333333333,0.0,58878.69235512763,61224.50297242781,69929.77890504799,-10.0694015658574,0.20192013319160085,-6790.5,4280.199999999997,39.92916719453185,44.98938387155311,47.04196021212711,37.34015830134127,23.94953340107924,25.12212854427876,30.49302581686602,14.68371338612727,12.489489474409547,0.04292969526199797,0.04203376747827246
2024-07-05,56641.8,57025.7,57471.1,53883.4,"175,51K","-0,67%",57850.0,63073.78333333333,0.0,58471.98465419533,60928.84471470265,69789.61315179491,-6.831329601660663,-6.680593837885741,-8140.5999999999985,-1500.0,34.88552380393027,43.12841526203815,46.79508082411093,37.05783569557334,29.46954361468134,17.115060061550693,24.436895754266114,11.976391699600113,12.443234792448152,-0.027762138855322305,-0.028154791347259248
2024-07-04,57026.3,60201.4,60463.0,56812.7,"116,38K","-5,27%",57473.14,62951.43666666667,0.0,58209.13289888709,60677.06763518799,69655.0622068708,-3.6877341250941567,-7.2421830650290175,-3768.5999999999985,-3670.399999999994,36.98791892102511,43.70112018713419,46.86170975169054,47.767341479725246,40.72177849221328,19.50076938350046,20.579319329776638,12.83127403927976,13.163793041669047,0.006788272971550935,0.0067653363879363725
2024-07-03,60199.3,62104.9,62263.6,59466.6,"73,34K","-3,07%",57572.090000000004,62908.79,0.0,58570.9814627258,60646.24391665743,69555.43844256969,3.9979200174138154,-7.9139827053717955,989.5,-1279.3999999999942,51.381517992131506,48.1578431105238,47.407947616612624,75.36693634996783,53.39737117508881,39.188300407028706,25.268043284026618,18.23138976820178,14.346351835693886,0.055640993716934206,0.054148159410739034
2024-07-02,62103.3,62888.3,63257.0,61797.6,"46,52K","-1,25%",57993.909999999996,62799.80333333333,0.0,59213.22119677566,60740.24753531229,69476.97034843064,8.312215608338725,-3.9035372760189353,4218.200000000004,-3269.5999999999985,57.807444715541216,50.586049435861675,47.731976774316415,87.69202867628235,70.27543550199181,51.00205996227542,36.56370991760153,21.471799584737404,17.511487797406314,0.031628274747380836,0.031138403283972597
2024-07-01,62890.1,62768.8,63842.1,62558.0,"59,94K","0,22%",58549.19,62741.939999999995,0.0,59881.744615543714,60878.94769484158,69407.65334727928,8.90682930799509,-4.97817478004801,5552.799999999996,-1735.9000000000015,60.22145001817962,51.55602974240296,47.865379442522574,90.44051934489441,84.49982812371486,55.88392236672291,48.69142757867568,22.810851288335204,20.838013547091464,0.012669214035324838,0.012589631007894942
2024-06-30,62754.3,60973.1,63006.6,60703.7,"37,21K","2,92%",59049.95,62627.58666666667,0.0,60404.02741271759,60999.93816656417,69337.6768264548,8.123619472289516,-6.054608847178155,5007.600000000006,-3430.5999999999913,59.56785718926688,51.375963626505,47.844197291935316,89.07688754556322,89.06981185558,55.041323339620796,53.97576855620637,22.579733823479362,22.287461565517322,-0.0021593223734736045,-0.00216165707154589
2024-06-29,60973.4,60403.7,61192.8,60382.8,"26,56K","0,94%",59343.35,62433.41,0.0,60507.5497013144,60998.22602678025,69249.75557138506,7.490035205122291,-10.669930834223361,2934.0,-5825.299999999996,51.43388546709536,49.051780580356656,47.56675748349506,71.19403134947333,83.57047941331032,45.72954425252511,52.21826331962294,19.548827393716603,21.646470835177055,-0.028378931802282903,-0.02878939806521601
2024-06-28,60403.3,61684.6,62175.4,60081.9,"58,95K","-2,08%",59711.21,62171.64333333333,0.0,60488.59521016633,60959.84370235468,69156.81804832944,8.131239807307777,-10.966185212645062,3678.600000000006,-7853.0,49.051500315190864,48.327775001246884,47.47818027389485,65.46938857481402,75.24676915661686,42.05247610324944,47.60778123179845,18.57857653425917,20.23571258381838,-0.009349978843233298,-0.009393964285419859
2024-06-27,61685.3,60848.3,62351.2,60629.4,"48,79K","1,37%",60293.630000000005,61966.38333333334,0.0,60706.177899227,61006.64733459449,69078.3686686369,5.880787927057025,-9.164229567389112,5824.200000000004,-6157.800000000003,54.336296540221824,50.043086409842736,47.698294545161616,78.34255475112218,71.66865822513651,53.49079565321727,47.090938669663934,20.760407093502167,19.62927034049265,0.021224005973183635,0.02100191372070533
2024-06-26,60849.4,61809.9,62469.4,60715.1,"54,95K","-1,55%",60552.65,61731.07666666667,0.0,60732.21828118573,60996.50234523871,68992.01367130173,7.428436243198483,-7.522724405882738,2590.2000000000044,-7059.200000000004,50.53840816787028,48.94710699174384,47.567658378327366,69.94888891120328,71.25361074571316,47.75976140687671,47.767677721114474,19.337792300622898,19.55892530946141,-0.013551040523431035,-0.013643693857905332
2024-06-25,61809.4,60292.0,62266.0,60262.2,"77,28K","2,52%",61069.409999999996,61598.079999999994,0.0,60928.06950278833,61048.94735535437,68916.68011330364,8.387533471398282,-5.447564268286151,5167.5999999999985,-3989.9000000000015,54.58873577672769,50.241789350552885,47.732886103807154,71.08288047344017,73.12477471192187,54.34164067052898,51.86406591020765,20.971612376187075,20.35660392343738,0.015776655151899632,0.0156534973842623
2024-06-24,60292.7,63201.6,63357.1,58589.9,"120,60K","-4,59%",61396.05,61428.82,0.0,60812.54777500863,61000.15720328196,68826.27768438439,0.15515130574607042,-8.561250147866634,3266.399999999994,-5077.800000000003,47.72785428927449,48.24228455655552,47.495235409031096,32.42069989718588,57.81748976060978,43.94295704638167,48.68145304126245,18.39034684638687,19.566583841065615,-0.024538338828721917,-0.024844421412187585
2024-06-23,63196.2,64261.0,64518.9,63195.3,"19,94K","-1,66%",61695.740000000005,61337.433333333334,1.0,61245.939088643434,61141.83738402524,68767.29078484008,1.7598098651762373,-6.450285402998521,2996.899999999994,-2741.600000000006,58.75429299226939,52.02349911887994,47.99340688987774,77.69101028841281,60.398196886346284,63.84971375681327,54.04477049124131,23.33180162701249,20.89792028319548,0.04815674202681253,0.047033137718103316
2024-06-22,64261.0,64131.9,64523.9,63944.0,"17,55K","0,21%",61911.509999999995,61227.68000000001,1.0,61794.131981617356,61343.073682241775,68720.10277671012,2.1798343459463436,-5.718565641656894,2157.699999999997,-3292.600000000006,62.018936496223624,53.31734120946737,48.174643352391804,95.56959892146948,68.56043636902272,71.72051556722764,59.83772879014086,25.143980394159094,22.28870962251948,0.016849114345482752,0.016708742584038924
2024-06-21,64128.5,64854.3,65054.9,63427.9,"60,86K","-1,12%",62035.35,61093.34,1.0,62218.5625304142,61522.77860631205,68672.0464702906,2.18981010066242,-4.497494359516594,1238.4000000000015,-4030.199999999997,61.34756994194997,53.13288757507321,48.15365679514443,85.6705336426914,86.31038095085789,74.76537984382985,70.11186972262358,24.918479185813,24.464753735661528,-0.0020619037985714073,-0.0020640324487599514
2024-06-20,64854.3,64982.1,66474.2,64566.7,"56,24K","-0,19%",62245.35,61016.86666666667,1.0,62697.78752488434,61737.715470805786,68632.11004611483,6.364906664217513,-2.734209792223439,2100.0,-2294.199999999997,63.73681093654253,54.03400164786343,48.277701580711266,79.45410499346809,86.89807918587633,81.22380987636046,75.90323509580598,26.153715238776005,25.405391606249367,0.011317900777345624,0.011254332528102606
2024-06-19,64980.9,65159.8,65706.4,64705.6,"42,96K","-0,27%",62646.1,60960.316666666666,1.0,63112.898883996284,61946.95318271717,68593.93520253935,7.578393895697749,1.5636014098045519,4007.5,-1696.4999999999927,64.16610160190186,54.19292369380458,48.29938609722356,81.05982775896406,82.06148879837451,88.13975283540366,81.37631418519798,26.369175261241022,25.813789895276674,0.001952067943066238,0.0019501651343113101
2024-06-18,65159.9,66495.7,66571.2,64098.4,"93,72K","-2,01%",63121.759999999995,60999.63,1.0,63485.080905087874,62154.24007447957,68558.04913547134,5.632784472151385,1.6706402950887271,4756.5999999999985,1179.4000000000015,64.8203664361204,54.423402994580755,48.33016869133472,82.31741696214907,80.94378323819373,88.8767162155772,86.08009297578046,26.67381462949726,26.398901709838096,0.0027546555987989496,0.002750868488260954
2024-06-17,66498.8,66672.9,67253.8,65115.4,"66,09K","-0,26%",63603.11,61079.95,1.0,64033.02983143553,62434.53426363367,68536.54049409166,9.284232876577256,2.227681295993688,4813.5,2409.600000000006,69.45534143827606,56.131340916945305,48.56040778278628,91.28567965927584,84.88764146012966,94.35319810925627,90.45655572007905,28.95248306613568,27.331824318957988,0.020547913670831308,0.02033965333739988
2024-06-16,66674.7,66223.0,66951.4,66038.1,"20,74K","0,68%",64185.63999999999,61134.11666666667,1.0,64513.33349844725,62708.09334377435,68517.10337977897,7.87145644513617,2.921009409963193,5825.299999999996,1625.0,70.03170082272229,56.35363057878141,48.59065453237714,93.31594316647231,88.97301326263239,95.66879076168247,92.96623502883865,29.251846557064564,28.29271475089917,0.002645160514174627,0.0026416682341736043
2024-06-15,66223.0,66034.1,66446.4,65895.1,"24,05K","0,29%",64627.0,61182.136666666665,1.0,64824.18195327502,62934.86151543463,68493.16527441052,9.83585077463773,8.928544993083298,4413.5999999999985,1440.5999999999985,66.45386756021654,55.605138276189365,48.51702762643761,88.1023557520285,90.90132619259221,92.29043259737927,94.10414048943933,28.483100173593385,28.895809932264545,-0.006774683650620061,-0.0067977359937833725
2024-06-14,66034.8,66775.2,67347.7,65076.5,"65,18K","-1,11%",65201.21,61356.8,1.0,65044.29432540683,63134.85754693692,68467.525577218,4.491725768321523,11.526808062178894,5742.100000000006,5239.9000000000015,64.91847044176163,55.28862349181029,48.486263190026634,68.38214044889712,83.26681312246596,90.24902891349721,92.736084090853,28.162803362946327,28.632583364534756,-0.0028419129305528035,-0.002845958832323721
2024-06-13,66773.1,68260.6,68384.6,66324.3,"66,36K","-2,18%",65558.9,61608.91,1.0,65358.62262987832,63369.58286675287,68449.86191056734,3.9092139867104554,15.354555835612285,3576.9000000000087,7563.300000000003,68.12826277655171,56.29814472130625,48.614727830867885,67.48844997679912,74.65764872590825,88.88712658262764,90.47552936450137,29.41931311480991,28.688405550449872,0.01118046848025589,0.011118429034294884
2024-06-12,68260.1,67320.9,69990.8,66911.5,"85,55K","1,40%",65958.81000000001,61954.743333333325,1.0,65886.16396990044,63685.10010148725,68447.88466114437,6.442689287914119,19.050077349299674,3999.100000000006,10375.000000000007,73.54504145363732,58.26165853272119,48.87281561449762,73.62903594447582,69.83320879005736,89.25524914014679,89.46380154542389,31.95003233602234,29.844049604592858,0.022269446828138806,0.022025103635730073
2024-06-11,67319.8,69537.9,69573.3,66197.8,"96,70K","-3,19%",66277.94,62287.49333333333,1.0,66146.82506628218,63919.59686936361,68436.13594789336,3.8015983519982486,16.577743836444345,3191.300000000003,9982.5,65.69970242751675,56.59818716007124,48.717310571066996,54.67042291765666,65.26263627964386,83.41755963097707,87.18664511791717,30.349739609925464,30.573028353585908,-0.013775250841999931,-0.013871010031434658
2024-06-10,69538.2,69650.2,70152.5,69259.9,"39,12K","-0,16%",66746.33,62680.54333333333,1.0,66763.43869059451,64282.08739425393,68447.60833428381,7.013291597992634,19.812058704948697,4683.899999999994,11791.5,73.19521797928073,59.42555158763292,49.10131305839154,89.85315736443067,72.71753874218771,96.22413040672193,89.63231305928194,34.12522550120835,32.14166581571872,0.03295315791193665,0.0324218434287516
2024-06-09,69650.6,69310.5,69847.8,69136.7,"20,99K","0,49%",67213.30000000002,63067.583333333336,1.0,67288.37711048643,64628.44304653532,68460.1256142432,6.891815364971407,22.787075118951723,4669.700000000004,11611.200000000004,73.52097186739473,59.56362049725869,49.120713322057306,91.70975041707283,78.74444356638672,96.91501066438836,92.18556690069579,34.31651860172233,32.93049457095205,0.0016163777607129948,0.0016150728281670492
2024-06-08,69310.1,69347.0,69572.1,69222.4,"23,03K","-0,05%",67628.32,63487.09666666667,1.0,67655.96309039799,64930.48543087274,68468.9656837477,4.22759508442258,24.075787981260678,4150.200000000004,12585.400000000009,70.63171997890849,58.93514021972997,49.063776954656156,83.40425531914904,88.32238770021752,94.82208604040792,95.98707570383941,33.73702304367066,34.05958904886711,-0.004888687247489587,-0.0049006759676866645
2024-06-07,69347.9,70793.4,71956.5,68620.7,"82,62K","-2,04%",67913.23000000001,63936.65666666666,1.0,67963.5879830529,65215.47991941795,68478.10283491782,4.009316877316279,19.03338871800505,2849.0999999999913,13486.799999999996,70.77339221611784,58.984839822546256,49.07036334204766,62.084302325581305,79.06610268726773,85.56639425444442,92.43449698641355,33.80135470914598,33.95163211817965,0.0005453750607773422,0.0005452263978477969
2024-06-06,70791.5,71083.6,71616.1,70178.7,"49,79K","-0,41%",68324.91,64354.4,1.0,68477.753804316,65575.22315067645,68502.14154543424,6.898660586201169,24.98102108336952,4116.800000000003,12532.300000000003,75.73952287403972,60.85647350972222,49.32188361161778,83.06686046511628,76.18513936994889,93.55395587917955,91.31414539134397,36.258211647775624,34.598863133530756,0.020816780320673134,0.02060307187519267
2024-06-05,71083.7,70550.9,71744.4,70397.1,"67,06K","0,76%",68810.98000000001,64835.79666666666,1.0,68951.56220353127,65930.60875409261,68528.95492280538,7.645817054038165,24.650731329228783,4860.699999999997,14441.899999999994,76.63250490344005,61.22695198398552,49.372746034130905,87.31395348837205,77.4883720930232,94.23658526921906,91.11897846761434,36.75550563327546,35.60502399673236,0.004127614190969187,0.004119118960181369
2024-06-04,70549.2,68808.0,71034.2,68564.3,"75,69K","2,53%",69262.42,65286.55999999999,1.0,69242.04180288923,66228.58238304436,68549.92906416717,5.655121598368192,17.19272483234854,4514.399999999994,13522.899999999994,71.29855310878413,60.149675758260024,49.281815928393094,75.56219285602647,81.98100226983827,89.47151856118981,92.42068656986281,35.84584226828687,36.286519849779324,-0.007519304706986252,-0.007547717196340815
2024-06-03,68807.8,67763.3,70131.0,67616.8,"69,42K","1,53%",69465.89,65573.51,1.0,69163.08874781846,66394.98351971802,68552.60511939735,0.802372103175936,10.795722610553705,2034.699999999997,8608.5,56.949208161450365,56.78244696008565,48.98640691039146,45.32272908816228,69.39962514418694,76.44352340909433,86.71720907983439,32.88216072704994,35.16116954287076,-0.024683483299597908,-0.024993228152790124
2024-06-02,67773.5,67760.8,68447.5,67330.6,"30,63K","0,02%",69417.23000000001,65762.51666666666,1.0,68910.4362482151,66483.92006688094,68544.5234101563,0.6739473379302925,7.764974137423858,-486.6000000000058,5670.199999999997,50.27216174940387,54.8942914443765,48.81174977744248,27.362078246826506,49.41566673033842,68.70557957895052,78.20687384974488,31.121889785220734,33.28329759351919,-0.015031726054313688,-0.015145847520971978
2024-06-01,67760.8,67533.9,67861.0,67449.6,"19,01K","0,34%",69461.33,65924.87333333334,1.0,68701.41147581235,66566.29941744628,68536.39723097095,-2.5560051885150816,7.977939360330686,441.0,4870.700000000004,50.19187482707929,54.87111494202654,48.8096021936154,9.29981192848954,27.32820642115944,68.6105666362426,71.2532232080958,31.100275707137758,31.70144207313615,-0.0001873888761830811,-0.0001874064356722092
2024-05-31,67530.1,68352.3,69018.2,66676.8,"61,51K","-1,21%",69260.52,66084.06666666667,1.0,68488.44575293738,66628.48010022102,68525.96761861257,-3.044482028869816,10.753377702407942,-2008.0999999999913,4775.800000000003,48.624496871703485,54.43919866983292,48.77042772576165,16.16190313843596,17.607931104584,66.8846228659495,68.06692302704754,30.959133984320715,31.060433158893073,-0.0034046233220386135,-0.0034104322405549793
2024-05-30,68354.7,67631.3,69504.7,67138.4,"66,84K","1,06%",69130.93,66330.11,1.0,68464.1283433124,66739.84912606236,68524.19327655912,-1.3784426800711709,13.163850319436179,-1295.9000000000087,7381.299999999996,54.29309137583237,55.72776339110008,48.91770674342218,31.78021478493087,19.080643283952124,73.05373094130144,69.51630681449784,33.91415321565949,31.991187635705987,0.01221085116118581,0.012136900113017388
2024-05-29,67635.8,68366.2,68897.6,67143.2,"52,13K","-1,07%",68963.5,66571.19333333333,1.0,68313.52318998288,66797.65240827575,68514.9932430449,-2.468856302786373,9.646544638674042,-1674.300000000003,7232.5,49.050506793483365,54.341658232770236,48.79479433935956,18.16391082826677,22.0353429172112,67.67539987730615,69.20458456151903,33.46498870603421,32.7794253020048,-0.010517199256232512,-0.010572895855343777
2024-05-28,68366.0,69428.3,69560.7,67299.9,"71,39K","-1,53%",68865.31,66793.88333333333,1.0,68323.06442816781,66898.83612390995,68513.45092257895,-3.426258802257333,12.352792303621726,-981.8999999999942,6680.699999999997,54.0571811928863,55.50454341315243,48.9257974123152,33.33333333333333,27.75915298217699,73.1382700163093,71.28913361163897,34.811413820126305,34.063518580606676,0.010796057709083096,0.010738196355205704
2024-05-27,69428.7,68514.6,70638.3,68275.2,"49,07K","1,33%",68729.03,67079.86,1.0,68524.08907759184,67062.05314823278,68522.92142615732,-2.3282412142305478,12.327089407112826,-1362.800000000003,8579.299999999996,60.35667803314154,57.14771455596652,49.116208661640066,54.303812455600266,35.26701887240012,81.08868373408343,73.96745120923296,36.77093993454109,35.015780820233864,0.01554427639469913,0.015424701673446407
2024-05-26,68514.8,69287.2,69494.0,68294.5,"24,58K","-1,11%",68472.14,67303.37333333334,1.0,68522.40015439331,67155.77875160427,68522.8374233887,-2.883661331382913,13.636974293737063,-2568.899999999994,6705.4000000000015,53.36487466817563,55.32994581785943,48.95845348673667,42.18111717996976,43.272754322967785,74.25149252614727,76.15948209218,35.08578804222561,35.556047265631,-0.01316314434808652,-0.0132505463702308
2024-05-25,69284.4,68548.2,69558.8,68516.1,"25,17K","1,07%",68345.66,67603.09666666666,1.0,68660.94558086725,67293.10915477,68530.7114378076,0.6926540305023431,9.633807095996275,-1264.800000000003,8991.699999999997,57.92533247791179,56.534358974042576,49.096825082860235,65.8235516849676,54.10282710684587,69.50075332146274,74.94697652723114,36.50486331996496,36.12053043224389,0.011232609596758536,0.011169992305002941
2024-05-24,68547.6,67971.1,69212.0,66685.8,"63,28K","0,84%",68319.64,67781.47666666667,1.0,68640.33729343684,67374.04404803459,68530.88598560148,1.1421868429400956,6.6706089229859575,-260.1999999999971,5351.400000000009,52.46741448356095,55.06396304511984,48.96909104351375,47.22453616054532,51.74306834182756,60.029782144783496,67.92734266413117,35.14626838150557,35.57897324789871,-0.010634428529365803,-0.01069137817558264
2024-05-23,67975.7,69166.3,70041.0,66578.1,"89,45K","-1,71%",68339.86,67905.3,1.0,68519.4941491756,67412.86056107534,68525.15019877066,0.3171450159974412,5.999204721769567,202.1999999999971,3714.699999999997,48.52424681821585,53.93752688076843,48.86990692273283,34.42194965765214,49.1566791677217,53.324109466969915,60.95154831107205,34.091734660950536,35.24762212080702,-0.00834310756321166,-0.008378106085354765
2024-05-22,69155.4,70141.0,70593.4,69024.3,"65,08K","-1,40%",68479.31999999999,68072.86333333333,1.0,68635.11339478004,67525.2824603899,68531.65901145026,2.4067786068730657,6.63194267766361,1394.5999999999913,5026.899999999994,56.08815485827759,55.864186501641015,49.083705738319566,63.47716861238338,48.37455147686029,64.35397869714045,59.23595676963129,36.26699857096759,35.168333871141236,0.017354731175993843,0.017205857798953835
2024-05-21,70139.9,71430.5,71872.0,69181.7,"108,56K","-1,80%",68740.3,68249.05,1.0,68908.71095936549,67693.96746298624,68548.26162420548,2.6116711798896013,7.939255996762114,2609.7999999999884,5285.599999999991,61.35380395795946,57.40237830887351,49.261650867393826,67.28121044976278,55.06010957326611,76.88245250124068,64.853513555117,38.08233070575761,36.14702131255858,0.014236053872871857,0.014135672822920968
2024-05-20,71422.7,66278.3,71482.8,66076.5,"112,66K","7,76%",69047.1,68463.77666666667,1.0,69365.79987584449,67934.53085252548,68577.92470539766,5.5989579483054746,9.61143279839287,3068.0,6441.799999999996,67.07062320755726,59.313701068511335,49.49280555868657,92.24743335346385,74.33527080520334,93.20700932795457,78.14781350877857,40.447702023694276,38.265677100139825,0.01828916208891096,0.01812392699724626
2024-05-19,66279.1,66919.0,67662.5,65937.3,"36,19K","-0,95%",68911.43000000001,68501.08333333333,1.0,68804.58171660005,67827.72886201733,68554.21049152773,-3.052540736623459,-0.33038190162829567,-1356.699999999997,1119.2000000000044,40.42730814888755,50.00672521513201,48.60054302596553,5.7593475660101285,55.095997123078924,17.479651162790784,62.523037663995346,33.49697290072911,37.342335210060334,-0.07201631974148259,-0.0747411322788925
2024-05-18,66917.5,67036.6,67361.4,66636.1,"29,68K","-0,18%",68766.58,68515.04000000001,1.0,68461.4759499455,67769.00441929488,68537.33268457015,-3.6169480344583684,0.36415611918764224,-1448.5,418.6999999999971,43.52133124581046,50.994030576364864,48.71587140135768,16.516420375082102,38.1744004315187,26.75872093023256,45.81512714032598,34.7704491277765,36.23837468406663,0.00963199560645811,0.009585903671963531
2024-05-17,67036.8,65231.1,67420.7,65121.7,"63,09K","2,77%",68527.39,68527.11,1.0,68202.44395904632,67721.76542449291,68521.86474318648,-2.1571981528078608,1.2288781843166314,-2391.899999999994,362.1000000000058,44.123901181548725,51.1804129477594,48.737473807766314,28.370590936699188,16.882119625930475,28.49273255813958,24.24370155038764,35.0084280029124,34.42528334380601,0.0017827922441813193,0.0017812049563446502
2024-05-16,65231.0,66219.6,66643.9,64623.3,"72,55K","-1,50%",68199.01,68494.04333333333,0.0,67662.1814210379,67561.07088094937,68487.95366338285,-5.850379017498881,-1.2172369720208176,-3283.800000000003,-992.0,37.411016165699046,48.30374888341384,48.42715064507119,8.38357222674407,17.75686117950846,8.286968853979126,21.179474114117088,31.40622974037762,33.72836895702218,-0.026937443314716703,-0.027306906277731188
2024-05-15,66225.1,61569.4,66417.1,61357.5,"106,05K","7,56%",67893.07999999999,68500.38666666667,0.0,67400.8938899401,67474.8792111967,68464.64409749789,-3.3881565510681626,-0.820689768784136,-3059.2999999999884,190.3000000000029,42.73955280245219,49.90715931568117,48.608193922408375,46.29416520043755,27.682776121293603,45.92508727238424,27.568262894834316,33.3892540469375,33.26797059674251,0.015239686652052109,0.015124729100810905
2024-05-14,61569.4,62936.8,63102.6,61156.9,"68,84K","-2,17%",67195.26,68326.93,0.0,66340.62227358736,67093.88055235198,68393.6413628661,-9.424397247840032,-9.801772924446352,-6978.200000000004,-5203.700000000004,29.61814747303235,43.387453670378925,47.81808800099522,3.8497074222359102,19.50914828313918,3.8195859105892813,19.343880678984217,24.10209353587138,29.6325257743955,-0.07030113959812823,-0.07289455129081708
2024-05-13,62937.2,61480.5,63443.2,60779.0,"70,55K","2,37%",66691.41,68149.5,0.0,65721.81822384421,66825.70761345248,68337.47397778723,-8.991633335936164,-6.510120350922026,-5038.5,-5322.900000000009,36.02917217968242,45.54932227989352,48.067335590718976,19.455512485351097,23.199795036008187,19.30843211809436,23.01770176702263,26.830572206540925,28.107306596449934,0.022215581116593608,0.021972409963904253
2024-05-12,61480.0,60826.6,61847.7,60647.1,"27,40K","1,07%",65923.87000000001,67954.84000000001,0.0,64950.578546781624,66480.82325124844,68266.90891783871,-12.34661013203611,-11.588163052825637,-7675.399999999994,-5839.800000000003,32.52243028430736,43.709758566987546,47.82275664523463,7.420110646865464,10.241776851484161,7.364670097441079,10.164229375374907,23.92375898903861,24.952141577150304,-0.02315323846628059,-0.02342548516346038
2024-05-11,60826.6,60796.8,61487.5,60499.3,"27,50K","0,05%",64992.54,67664.45333333332,0.0,64200.7642655486,66116.03465434836,68190.37236772238,-14.83575949943085,-12.66895044694519,-9313.299999999996,-8711.599999999999,31.018301608957373,42.90598446275354,47.71334946866304,2.97992443210266,9.951849188106412,2.856718919107598,9.84327371154768,22.6203608581602,24.458230684579913,-0.010627846454131396,-0.010684725373494504
2024-05-10,60796.9,63074.3,63454.3,60251.8,"79,33K","-3,61%",63929.96000000001,67369.33,0.0,63581.87985363067,65772.86467660857,68114.34319661182,-8.27138570077144,-12.282769755057348,-10625.799999999996,-8853.700000000004,30.94601770853123,42.86891650277433,47.708363380413196,7.355580444492406,5.918538507820181,4.657103556690891,4.959497524413189,22.561115488574824,23.03507844525788,-0.0004882732225703901,-0.0004883924667577386
2024-05-09,63075.0,61207.3,63413.3,60671.4,"64,22K","3,05%",63609.55,67161.49333333333,0.0,63489.719880243276,65598.808891002,68062.53945518739,-5.742145178764897,-9.045551487499974,-3204.100000000006,-6235.100000000006,42.388199375953185,46.53411236172804,48.12625237578623,39.38121608614989,16.57224032091499,24.12022520867684,10.544682561491776,27.105454763068394,24.095643703267807,0.037470660510650955,0.036785693696978525
2024-05-08,61207.5,62304.9,62997.4,60894.2,"56,47K","-1,78%",63038.55,66890.14666666667,0.0,63074.77081110813,65315.498639940786,67992.09383048314,-8.695671631104114,-13.53834853054392,-5710.0,-8140.399999999994,36.82963275658156,44.13306933658469,47.811459102559255,13.33119446498065,20.022663665207652,8.224471179497748,12.333933314955159,23.380177736108756,24.348915995917327,-0.029607609988109407,-0.030054763497750884
2024-05-07,62317.7,63163.1,64361.0,62294.1,"59,74K","-1,34%",62566.64,66607.68666666668,0.0,62937.121572724835,65122.09227605523,67933.80009492044,-4.466128067943161,-12.331941077912377,-4719.100000000006,-8473.800000000003,41.865239829483585,45.851295961991795,48.01462094652631,32.31958198401147,28.343997511714008,17.778523605445642,16.707739997873407,25.594797578320577,25.360143359165907,0.018138300044929112,0.017975763561952816
2024-05-06,63163.1,64005.8,65448.8,62730.7,"77,68K","-1,32%",62359.85,66343.66666666667,0.0,62978.208559502134,64995.7056775888,67884.80593349643,-4.623624577388343,-10.469431262154636,-2067.9000000000015,-7920.5999999999985,45.5384592189651,47.13215552110825,48.16903762396102,47.220735406225074,30.957170618405737,25.053785649128212,17.0189268113572,27.656455067006668,25.543810127145335,0.013565969219017981,0.013474775288927546
2024-05-05,64006.4,63897.7,64587.2,62923.9,"40,51K","0,18%",62137.98,66125.57333333333,0.0,63165.15245777448,64931.87950483582,67844.98818346266,3.958135047604817,-6.977987960667252,-2218.7000000000044,-6542.799999999996,49.10282302562413,48.391877255093945,48.322926658383444,72.24552626515295,50.595281218463164,32.3109757147037,25.04776165642585,32.01710283753627,28.422785160954504,0.013351149642750304,0.013262808479754185
2024-05-04,63888.3,62887.1,64466.0,62599.1,"53,03K","1,61%",62369.87000000001,65961.59000000001,0.0,63296.633829088205,64864.55179484117,67804.37959029987,1.5111889311885591,-5.732624108242893,2318.9000000000015,-4919.5,48.60780230854592,48.22540190826124,48.30274137281582,69.9730613815663,63.14644101764811,31.29464208877645,29.553134484202786,32.41251721747586,30.695358374006265,-0.0018451279872012671,-0.001846832332658855
2024-05-03,62877.5,59104.3,63298.4,58830.8,"100,46K","6,35%",62363.9,65798.39,0.0,63220.427678344895,64736.354904842075,67753.82947612711,2.2730969420949902,-7.206674065241264,-59.69999999999709,-4896.0,44.35538307158385,46.799921746066126,48.12980433348841,61.14687216681772,67.78848660451233,31.03011992761401,31.545245910364716,30.614293193597568,31.681304416203233,-0.015821363223000207,-0.015947856966496313
2024-05-02,59121.3,58334.9,59548.0,56989.8,"98,06K","1,35%",62128.02999999999,65510.40666666666,0.0,62475.13173682764,64374.093298053376,67665.28657843747,-2.803543186697918,-12.451928843582346,-2358.699999999997,-8639.5,32.58503619899183,42.02466907429916,47.494733612441934,25.198013949639435,52.10598249934116,14.322479203343594,25.549080406578014,22.026671422071942,28.35116061104846,-0.05973838018369049,-0.061597123488101826
2024-05-01,58331.2,60665.0,60827.5,56643.5,"171,55K","-3,85%",61878.490000000005,65203.776666666665,0.0,61721.689602858976,63984.22921428313,67569.57723568381,-4.055634415570538,-14.663951418117554,-2495.4000000000015,-9198.900000000009,30.682122176877982,41.111870246662995,47.362618053006024,19.166865410604938,35.170583842354034,11.082509767869436,18.81170296627568,20.220303294261267,24.287089303310264,-0.013364049843288428,-0.0134541524146664
2024-04-30,60666.6,63852.4,64700.2,59228.7,"121,04K","-5,00%",61865.46,64947.50666666667,0.0,61529.85512961189,63770.18861980047,67498.81734333704,-3.818311533888231,-10.304010597937785,-130.3000000000029,-7688.0999999999985,41.83742337398919,44.77940568277625,47.79402275572663,45.689527897970514,30.0181357527383,26.418228978559927,17.27440598325765,25.559617464225852,22.60219739351969,0.04003689277779299,0.039256186348901004
2024-04-29,63860.1,63113.7,64193.1,61837.2,"67,26K","1,19%",61943.969999999994,64821.65,0.0,61953.536015137004,63775.989354007215,67461.52938479435,4.333782624678346,-6.59084925255244,785.0999999999985,-3775.7000000000044,53.2647311207285,49.25043750694528,48.37549509240891,81.95745744040516,48.93795024966021,47.38877762090816,28.296505455779172,32.86076493437311,26.213561897620078,0.052640167736448085,0.0513014537038889
2024-04-28,63109.7,63457.9,64346.1,62827.8,"36,65K","-0,55%",62134.18999999999,64646.439999999995,0.0,62163.74764874846,63733.00294406902,67416.94702555164,1.2709069814835914,-9.101423474730192,1902.199999999997,-5256.300000000003,50.66577827797626,48.2998295514926,48.24858497860439,73.43531736567743,67.02743423468438,42.461174770988585,38.75606045681889,31.145161032197283,29.855181143598745,-0.011750686265759036,-0.011820271230839065
2024-04-27,63456.8,63765.8,63916.7,62507.7,"45,34K","-0,49%",62248.1,64447.37666666667,0.0,62398.84807624874,63715.183399289504,67376.3891947122,0.46498667734801546,-7.3823465878905,1139.1000000000058,-5971.899999999994,51.87267379363187,48.772954344616956,48.311622976906754,77.37726142209806,77.59001207606022,44.74045375447354,44.86346871545677,34.54245141892109,32.84945912849716,0.005499946917827403,0.005484877438750691
2024-04-26,63766.4,64497.1,64771.3,63354.9,"61,60K","-1,13%",62308.43000000001,64289.096666666665,0.0,62647.49388056715,63718.48769610969,67339.42826875423,-0.37496250374962503,-7.964274786243358,603.3000000000029,-4748.4000000000015,53.01190803866566,49.20189855291072,48.3680026260259,87.63626073476216,79.48294650751255,46.77348392816103,44.658370817874385,35.67012472490826,33.785912392008875,0.004878909746473203,0.004867046437344728
2024-04-25,64497.1,64287.1,65247.5,62889.2,"80,77K","0,33%",62357.5,64129.520000000004,0.0,62983.78590228221,63768.72074797573,67310.33543661758,0.9529131311992894,-5.9090325554797065,490.6999999999971,-4787.299999999996,55.75821801211445,50.21960206717205,48.50124466812755,91.27847512784749,85.43066576156923,51.57172407000032,47.69522058421163,47.0736923974334,39.09542284708758,0.011459012897074183,0.011393855694501753
2024-04-24,64285.7,66414.9,67060.5,63606.9,"77,83K","-3,21%",62397.23999999999,63987.456666666665,0.0,63220.497556412716,63802.07424810765,67279.38541834947,2.2395928591308447,-5.428410446674326,397.3999999999942,-4261.900000000009,54.729941085425246,49.920279176278534,48.464878940523064,73.36277239128344,84.09250275129769,50.18353744623566,49.509581814799,53.42218500014438,45.38866737416202,-0.003277666747807273,-0.0032830500638246496
2024-04-23,66415.0,66829.5,67180.0,65848.3,"52,42K","-0,62%",62750.98999999999,63935.433333333334,0.0,63801.3161825195,63970.65010307475,67270.54296697685,12.336839683836446,-3.962669581840311,3537.5,-1560.699999999997,62.47480106087443,52.84858557763371,48.85308972107174,92.73952451003655,85.79359067638916,64.16587319827954,55.307044904838506,61.108744621249315,53.86820733960903,0.033122451804989295,0.032585723097661425
2024-04-22,66829.3,64940.1,67208.0,64527.5,"72,30K","2,91%",63521.79,63857.896666666675,0.0,64351.85869478868,64155.07912868929,67266.03042065374,14.568704226897452,-4.719995323631758,7708.0,-2326.0999999999913,63.81320795496878,53.39707608953359,48.9283211695476,96.41535330588293,87.50588340240097,66.88643004892145,60.411946897812214,63.4070542468438,59.312661289412496,0.006238048633591786,0.006218672545783634
2024-04-21,64940.2,64942.1,65680.6,64267.5,"42,02K","-0,03%",64182.68999999999,63684.573333333334,1.0,64458.82984119074,64205.732088130346,67242.25097131716,7.044403345498179,-9.076246067426743,6609.0,-5199.699999999997,54.04684207356871,50.619563344949356,48.60072433558075,71.57896056045013,86.91127945878986,55.91031921990927,62.32087415570342,57.41626260937412,60.64402049248908,-0.028267541332918422,-0.02867476069435516
2024-04-20,64961.1,63817.6,65375.6,63131.7,"49,33K","1,82%",64612.13999999999,63469.18666666666,1.0,64550.151688246966,64254.46550180084,67218.93471217729,1.7240812338220577,-1.9885604964461001,4294.5,-6461.5999999999985,54.13313402846069,50.64894319911375,48.604550576455296,58.16451925225292,75.38627770619532,75.48416371721571,66.09363766201547,64.25495691892453,61.69275792504749,0.000321834549323885,0.0003217827716942379
2024-04-19,63799.1,63480.5,65441.2,59693.3,"150,34K","0,50%",64606.04,63386.520000000004,1.0,64413.59683583842,64225.08708232898,67183.98913048315,1.092383579703281,-4.660066499794525,-61.0,-2480.0000000000073,48.50622660616509,48.973092451908215,48.403212342746095,54.63691165315977,61.46013048862094,66.39572430687006,65.93006908133168,59.42987646631372,60.36703199820412,-0.017887628134375833,-0.01804954553941612
2024-04-18,63481.4,61278.9,64092.4,60822.3,"97,38K","3,59%",64643.21,63271.98333333333,1.0,64244.106502049624,64177.10727056454,67146.16436925555,0.03876653093127694,-5.303654112368134,371.70000000000437,-3436.0999999999985,47.02141660246659,48.51903433736566,48.34818006864842,50.409197971974926,54.403542959129204,63.447834316891246,68.442574113659,58.110661268556015,60.59849821793142,-0.0049796940709194715,-0.004992134062858892
2024-04-17,61278.9,63802.3,64451.5,59820.8,"118,92K","-3,96%",64425.42,63080.05333333334,1.0,63704.97804713152,63990.12615632989,67086.24171585141,-3.9009572439403826,-6.058622434118745,-2177.9000000000015,-5757.9000000000015,38.04961179230863,45.49400204918741,47.96819001633508,21.09997737767308,42.048695667602594,43.87713569028351,57.9068981046816,48.96501609052218,55.50185127513064,-0.03469520205918586,-0.035311374725733674
2024-04-16,63805.3,63416.1,64274.4,61715.6,"114,96K","0,62%",64429.31,63032.530000000006,1.0,63723.218402198516,63978.2018881793,67052.7421038675,-1.072606365247423,-3.6539016173626053,38.900000000001455,-1425.699999999997,50.16780362408274,49.248695845397826,48.43539440285986,54.71941661011087,42.07619731991963,67.79118746746181,58.372052491545524,59.455621301775174,55.51043288695112,0.04122789410384331,0.04040068412118115
2024-04-15,63411.9,65696.6,66805.1,62379.5,"118,79K","-3,48%",64320.79,62938.75666666667,1.0,63666.61505634424,63941.66628248951,67015.57744473692,-1.3592447464988258,2.9925579914697886,-1085.199999999997,-2813.2000000000044,48.52549966291143,48.70820560064758,48.36742708596226,49.48434401905598,41.76791266894664,64.06739552274126,58.578572893495526,57.822069967818976,55.41423578670544,-0.006165632008626298,-0.006184718009606576
2024-04-14,65697.4,63909.5,65758.2,62174.7,"134,40K","2,89%",64461.96000000001,63076.356666666674,1.0,64035.84868246347,64054.93942555703,67002.12533548701,-1.080478807498315,4.385641560158375,1411.699999999997,4127.999999999993,57.50531537002705,51.881945364626205,48.7870324358263,79.89806645641201,61.36727569519295,85.70116900941828,72.51991733320712,67.31236374961071,61.530018339734944,0.03604213089341268,0.035407809895949424
2024-04-13,63849.9,67137.4,67921.0,61065.5,"149,48K","-4,92%",64205.45,63106.78,1.0,64002.03983110648,64041.71107552084,66969.9648122315,-4.458224162156421,3.8547495120364372,-2565.0999999999985,912.7000000000044,49.715490024331004,49.32949912004278,48.46703694385294,50.51958627562988,59.967332250365956,63.90068720904457,71.2230839137347,59.640818021384845,61.59175057960484,-0.028121356400709785,-0.028524334580495418
2024-04-12,67151.9,70014.9,71226.9,65829.3,"131,84K","-4,08%",64237.71,63295.84333333333,1.0,64574.74167999621,64242.368425490844,66971.8205346927,3.405748673394904,10.39890442668174,322.59999999999127,5671.899999999994,60.375036328657025,53.55425986412345,49.06711435836906,64.66844697232432,65.0286999014554,72.05727059533442,73.88637560459908,78.61733186171536,68.52350454423697,0.05171503792488319,0.05042220112459396
2024-04-11,70011.6,70620.4,71249.2,69586.1,"72,51K","-0,86%",64744.85,63602.01,1.0,65563.26137454236,64614.57691417511,67002.81827140418,7.774652830694073,15.156529362516846,5071.400000000009,9185.000000000007,67.08858253839723,56.78255113522086,49.578161740082116,89.29031923086916,68.15945082627445,91.52659578109922,75.82818452849274,91.34430519457403,76.53415169255807,0.04258554113882118,0.04170372517477462
2024-04-10,70622.1,69147.8,71086.9,67570.0,"97,71K","2,13%",65310.95,63929.51666666667,1.0,66483.05021553465,65002.15904875055,67039.7162853973,10.69450822973993,11.9652794292509,5661.000000000007,9825.200000000004,68.36015224819518,57.43592013237593,49.68647701977792,94.5733348332887,82.84403367882739,95.70647076141512,86.4301123792829,94.0613095026169,88.00764885296876,0.008719983545583787,0.008682184070659706
2024-04-09,69148.0,71627.3,71737.2,68264.6,"93,69K","-3,47%",65845.84,64131.95,1.0,66967.58653998289,65269.63265851251,67061.20465381724,8.926394187903856,12.973083363966834,5348.9000000000015,6073.0,61.93975582516316,55.345905029216055,49.42880376228338,78.27196133060322,87.37853846492037,82.84582309175353,90.02629654475595,87.5008900915014,90.9688349295641,-0.020873069478251183,-0.021093991616097256
2024-04-08,71630.1,69358.0,72710.8,69110.5,"105,78K","3,27%",66660.71,64479.369999999995,1.0,67815.31625998601,65679.98539022703,67107.76116913227,16.891948125700694,14.94342698783814,8148.700000000004,10422.600000000006,67.6279993621803,58.0075644939298,49.868759355751365,91.61598138091546,88.15375918160247,93.27391658835027,90.60873681383964,95.34660414486802,92.30293457966211,0.03589547058483267,0.03526624162794722
2024-04-07,69360.4,68897.3,70285.8,68849.4,"46,99K","0,68%",67468.86000000002,64714.12666666666,1.0,68096.24057635218,65917.43149408641,67130.7097990561,8.706330038413723,9.811583028698712,8081.499999999993,7042.699999999997,58.71253233976287,54.91138562976986,49.473208981243076,71.22959477213978,80.37251249455282,79.14770994504362,85.08914987504915,85.57348249002102,89.47365890879682,-0.03168639999106537,-0.032199277220142895
2024-04-06,68890.6,67830.5,69632.0,67467.2,"41,48K","1,56%",67977.39,64905.043333333335,1.0,68240.66956246996,66109.24881705089,67148.63432875076,8.63986097246732,7.630799420058001,5085.300000000003,5727.500000000007,56.984791623978566,54.29089359391175,49.39171063840559,67.19534919667166,76.68030844990896,76.22375881448659,82.88179511596017,83.55056644232882,88.1568843590726,-0.0067733173395768675,-0.006796360364224868
2024-04-05,67830.6,68498.7,68692.2,66023.3,"88,97K","-0,97%",68419.26,65032.51666666667,1.0,68166.1114602027,66220.30373208111,67155.5785373609,3.247008252990243,6.1706133986974185,4418.700000000004,3824.2000000000044,53.06967648185373,52.89577570091033,49.20789466283723,58.09296454363566,65.50596950414904,69.62650849862767,74.99932575271929,78.98630290347445,82.70345061194142,-0.01538671458805696,-0.015506318541733326
2024-04-04,68496.5,65968.4,69238.8,65096.3,"100,30K","3,84%",68699.17,65186.12333333333,1.0,68226.1821038022,66367.15510420647,67169.22948102267,7.277380230822598,8.936423999045763,2799.100000000006,4608.199999999997,55.21729215571497,53.669484362939805,49.326960237387304,63.81115127991549,63.033155006740934,73.77095093761864,73.20707275024431,81.85360770585474,81.46349235055267,0.009817103195312926,0.00976922850989391
2024-04-03,65963.0,65443.6,66844.8,64559.0,"88,46K","0,80%",68910.48000000001,65288.973333333335,1.0,67814.69444856544,66341.08058135418,67156.95256217585,-1.7704636801043518,11.572309810508221,2113.0999999999985,3085.5,46.26688724387702,50.410560040640405,48.8887447754553,17.2231899703133,46.37576859795482,58.00290030061055,67.13345324561895,70.94458725709289,77.26149928880736,-0.036987291321454396,-0.03768867030479203
2024-04-02,65439.2,69662.7,69673.0,64628.4,"152,87K","-6,07%",68739.20999999999,65499.57,1.0,67382.78636700808,66282.89473739531,67139.47337705187,-6.530917733632724,12.185588501522341,-1712.699999999997,6317.899999999994,44.605915990820016,49.76426284667654,48.798663862357245,10.797615250619454,30.610652166949418,54.742862833207795,62.172238023812326,68.689152123459,73.82911569546887,-0.00794081530555013,-0.007972511486597167
2024-04-01,69664.4,71329.3,71329.3,68175.9,"94,05K","-2,34%",68704.49,65877.34333333332,1.0,67797.62520937025,66501.05636724267,67165.16026405487,-1.3560910819701077,14.83155475995028,-347.20000000001164,11333.199999999997,58.09064160394925,54.6192435969412,49.55223544999741,62.62911258863064,30.216639269854465,77.40411360248028,63.38329224543287,86.88247882569246,75.50540606874812,0.0645668039951588,0.06256795960133925
2024-03-31,71332.0,69608.5,71367.5,69576.6,"42,45K","2,47%",68775.48000000001,66232.85666666666,1.0,68440.23880766657,66812.73015000371,67207.54140486597,3.158442760455834,11.70042013714354,709.8999999999942,10665.400000000001,62.133058186416996,56.341933480193724,49.845040551740134,83.08594420864101,52.170890682630365,89.40810447474551,73.85169363681119,94.06301267229017,83.21154787381387,0.02393762093694929,0.023655607708036507
2024-03-30,69611.5,69872.3,70321.2,69564.9,"29,87K","-0,37%",68821.83,66424.56999999999,1.0,68653.19538809083,66993.29594677904,67231.98679351209,-2.8180890435724724,10.302378239795155,463.5,5751.4000000000015,55.94683148412334,54.14809523016611,49.546850960223516,61.98017615741307,69.23174431822824,76.19128096792777,81.00116634838452,86.65469623964967,89.20006257921075,-0.02411960971233107,-0.02441525101378939
2024-03-29,69871.7,70766.7,70907.0,69090.9,"58,99K","-1,26%",68645.98999999999,66649.97,1.0,68874.74168116522,67178.99943408492,67258.8236596784,0.7371641455354971,10.10908208418955,-1758.4000000000087,6762.0,56.67174205879159,54.42572656645454,49.592685578718566,78.03040317250492,74.36550784618633,78.19012867294023,81.26317137187118,87.77509376116843,89.49760089103609,0.003737888136299272,0.003730919592133598
2024-03-28,70762.1,69449.4,71542.5,68956.9,"72,49K","1,90%",68786.16,66893.48,1.0,69217.89773913518,67410.16721253259,67294.43230961474,2.716626070900819,10.970824760375377,1401.7000000000116,7305.300000000003,59.22301954904303,55.38208671909946,49.74968530928189,88.82508770673739,76.27855567888513,85.03015171884005,79.80385378656935,91.60907513380614,88.67962171154142,0.012743356752447754,0.012662843466655574
2024-03-27,69442.4,69999.2,71670.8,68428.6,"112,88K","-0,80%",68841.34,67082.68,1.0,69258.71633201969,67541.27900527323,67316.26040627503,2.376213685268873,7.667476522200216,551.7999999999884,5675.999999999993,53.987857624485855,53.65572765191649,49.51993695197072,68.66616046570478,78.50721711498237,74.8922604186671,79.3708469368158,85.92656702793239,88.4369119743023,-0.018649813954080052,-0.018825914668449902
2024-03-26,69999.3,69896.3,71490.7,69366.4,"90,98K","0,15%",69058.20999999999,67266.08666666666,1.0,69393.36790801611,67699.86100493395,67343.52023746207,2.193980714343073,8.887824197294275,2168.699999999997,5502.200000000004,55.819050578291886,54.27790358522102,49.61861285693997,76.49680812171323,77.99601876471847,79.1703476089879,79.69758658216502,88.32452774943054,88.62005663705635,0.008019596096909165,0.007987610032541918
2024-03-25,69892.0,67216.4,71118.8,66395.0,"124,72K","3,99%",69197.76,67452.96333333333,1.0,69484.02828837682,67841.28932719704,67369.40750197314,5.956369479859921,5.235263118271475,1395.5,5606.300000000003,55.34748775295575,54.1330512808573,49.59983824743122,74.98804803284679,73.38367220675492,78.3460725945842,77.46956020741307,87.8625037138465,87.37119949706981,-0.0015328724715818476,-0.0015340485225666801
2024-03-24,67211.9,64036.5,67587.8,63812.9,"65,59K","4,96%",69322.65,67479.52666666667,1.0,69070.91405412648,67800.68356415187,67367.80788489258,2.708926759495833,0.5725033780093332,1248.8999999999942,796.8999999999942,44.83544011499126,50.641011003208,49.133147621836954,43.255831710762315,64.91356262177412,57.75763395429223,71.75801805262144,76.32223700584308,84.16975615637337,-0.0383463057288389,-0.039100878291757596
2024-03-23,64037.8,63785.6,65972.4,63074.9,"35,11K","0,40%",69182.51000000001,67386.47666666665,1.0,68155.80240792167,67557.91688259254,67333.99589085404,-8.07672211344674,-1.3895861115302912,-1401.3999999999942,-2791.5,35.870391960078834,46.93183742375114,48.588979470360265,11.201852045742752,43.14857726311729,33.37430382177837,56.4926701235516,62.65485125237363,75.61319732402106,-0.04722526814448025,-0.04837678117566078
2024-03-22,63785.5,65501.5,66633.3,62328.3,"72,43K","-2,62%",68594.62,67347.98666666666,1.0,67361.20197011773,67314.53514823066,67297.97275900572,-10.579403353333708,-1.8096984195156773,-5878.899999999994,-1154.699999999997,35.24792137096084,46.65087098357117,48.54602723281205,15.597538132191566,23.351740629565544,31.43614365277509,40.85602714294856,61.56847041194631,66.848519556721,-0.003939860519880489,-0.003947642216262217
2024-03-21,65503.8,67860.0,68161.7,64616.1,"75,26K","-3,46%",68011.8,67366.07666666668,1.0,67023.49252100542,67197.71352576368,67279.76259087726,-5.900892812250845,2.6719812661934172,-5828.199999999997,542.7000000000044,42.76399853891125,48.80999247955654,48.855488081713396,33.98983141557399,20.26307386450277,44.636066833109275,36.48217143588758,68.9673138447892,64.39687850303638,0.026938724318222862,0.026582264432449924
2024-03-20,67854.0,62046.8,68029.5,60850.9,"133,53K","9,35%",67836.05,67501.24,1.0,67174.49388082261,67240.0545886178,67285.58971947049,-2.8877213521354097,6.888001839909011,-1757.5,4054.9000000000015,51.3465174708189,51.58255111221113,49.27485373607573,64.7242580800192,38.10387587592825,62.32117920868888,46.131129898191084,79.08706117404914,69.87428181026154,0.03587883451036422,0.03525018189168358
2024-03-19,62050.0,67594.1,68099.6,61560.6,"148,08K","-8,20%",67053.88,67453.52666666667,0.0,66242.76772067304,66905.21235709285,67232.471558698,-12.311816636306732,1.2583450420944216,-7821.699999999997,-1431.4000000000015,36.378351957825835,45.31264803721883,48.29204519872198,11.082357507925197,36.59881566783946,17.294026377036438,41.4170908062782,54.095565344322004,67.38331345438678,-0.0855365932737937,-0.08941782646662867
2024-03-18,67594.1,68389.7,68920.1,66601.4,"78,07K","-1,17%",66737.07999999999,67664.03333333334,0.0,66488.46449873249,66949.65672115152,67236.13977700347,-2.6616303583977348,5.938064706223469,-3168.0,6315.200000000004,51.41156035489057,51.17687164217666,49.26354840327506,62.32220260815723,46.04293939870053,56.85714044806451,45.490782011263285,77.96795542523006,70.38352731453374,0.08934891216760676,0.08558018948283774
2024-03-17,68391.2,65314.2,68857.7,64605.5,"66,07K","4,71%",66631.95999999999,67816.89666666667,0.0,66834.41640805386,67042.65951333559,67247.85399372237,-2.2973086873725963,7.852311632359219,-1051.199999999997,4585.899999999994,53.17892980553676,51.94331913842787,49.400917231758754,70.8688133235587,48.09112447988037,63.578107741211944,45.90975818877097,81.40019548826852,71.15457208594019,0.011792449340992661,0.011723460247529805
2024-03-16,65314.2,69456.5,70037.0,64971.0,"75,82K","-5,97%",66163.45,67880.30666666667,0.0,66558.01342477134,66931.14599634586,67228.24730409645,-6.549819721856583,-0.5832803124628937,-4685.100000000006,1902.2999999999956,46.00193446919109,48.87911241405355,48.88739809307574,43.468479435911874,58.88649845587594,37.63353822544874,52.68959547157507,68.15091349859411,75.83968813736423,-0.04499116845442108,-0.04603469085246077
2024-03-15,69463.7,71387.1,72398.1,65765.6,"148,59K","-2,69%",66120.62,68005.85,0.0,67086.32007481292,67094.53657722722,67250.90985120615,3.350299574926469,8.792182916496339,-428.3000000000029,3766.300000000003,55.08478760225515,52.76626990823232,49.597497118674205,74.58777885548005,62.975023871650215,72.62118567610177,57.94427721425416,86.01828288960938,78.52313062549068,0.06353136071482157,0.06159484343666441
2024-03-14,71387.5,73066.7,73740.9,68717.2,"109,43K","-2,30%",66538.18000000001,68257.10333333333,0.0,67868.35278848329,67371.5019593423,67292.83786495033,11.477127571528062,6.30749092728576,4175.600000000006,7537.5999999999985,58.66632699065081,54.42821695054,49.921673822814945,81.74243599689686,66.59956476276294,81.74243599689686,63.999053299482455,90.29685825018555,81.48868487946301,0.027695040719109443,0.027318470025793753
2024-03-13,73066.3,71461.9,73623.5,71338.4,"77,18K","2,23%",67441.03,68454.25,0.0,68813.43409966814,67738.90828454691,67351.34616811103,14.550015285605667,4.363134109204756,9028.5,5914.400000000009,61.63275250762136,55.83116997561794,50.202574347679224,94.76648564778904,83.69890016672197,94.76648564778904,83.04336910692922,97.21860311701165,91.17791475226886,0.023516722115216382,0.02324446415400297
2024-03-12,71470.2,72099.1,72916.7,68845.6,"105,09K","-0,87%",68209.5,68502.87000000001,0.0,69296.48244518304,67979.63678231862,67393.07899113839,9.108479202733267,1.2008988687676962,7684.699999999997,1458.5999999999913,57.28942535966315,54.190377415115236,49.93493786341612,82.38401861908457,86.29764675459016,82.38401861908457,86.29764675459016,90.63783293477366,92.71776476732362,-0.02184454392791213,-0.022086668540070815
2024-03-11,72099.1,68964.7,72771.5,67452.8,"114,72K","4,54%",68869.03,68552.10333333333,1.0,69806.04927333156,68245.40860281476,67440.75240536583,6.256226604179571,4.2678023948632005,6595.300000000003,1477.0,58.567713808352046,54.732636582925245,50.04040972530556,87.26299456943374,88.13783294543578,87.26299456943374,88.13783294543578,93.2308072895193,93.69574778043487,0.008799471667912062,0.008760981945112909
2024-03-10,68964.8,68360.7,69905.3,68165.0,"53,49K","0,88%",68980.11,68545.99666666667,1.0,69653.09485999854,68291.82095102035,67456.18868846969,11.143916196615637,-3.720921791258148,1110.800000000003,-183.1999999999971,50.24108971359115,51.58451316148976,49.51789335596286,60.78832212671287,76.8117784384104,62.9472459270753,77.53141970519788,80.30799043456753,88.05887688628684,-0.04347210991538042,-0.044445332048498314
2024-03-09,68366.5,68178.5,68576.9,67923.9,"30,71K","0,29%",69611.76,68437.21,1.0,69419.16852181699,68296.63895418034,67465.40711390608,1.1427032832747148,-1.4329502136665795,6316.5,-3263.600000000006,48.770459561868954,51.005189267237235,49.4188951249168,41.16951638680301,63.07361102764987,58.30566330488753,69.5053012671322,77.84118083615076,83.79332618674586,-0.008675440224578335,-0.008713290929476588
2024-03-08,68172.0,66854.4,69904.0,66170.7,"112,67K","1,97%",69669.55,68397.59666666666,1.0,69192.41060875935,68288.59773132997,67472.56128718868,-0.32050907134250767,-1.043103122922439,577.8999999999942,-1188.3999999999942,48.26019944856958,50.81327680956934,49.3866360253086,39.04043610569873,46.99942487307154,56.79674166020173,59.349883630721514,77.03925125752454,78.39614084274761,-0.002844960616676273,-0.0028490152090612023
2024-03-07,66855.3,66074.6,67985.5,65602.6,"77,47K","1,17%",69515.95999999999,68329.75333333334,1.0,68767.48140716675,68196.12690995369,67466.31267751784,2.359517532175248,-1.4378466355892514,-1535.8999999999942,-2035.300000000003,44.73933715786257,49.508725875324735,49.16826838921981,21.48599185851611,33.898648117005955,46.58184639255241,53.89475045254722,71.61045600725656,75.49696270031062,-0.019314381270903014,-0.019503340983117675
2024-03-06,66080.4,63794.7,67604.9,62848.7,"117,91K","3,59%",69592.58,68271.41333333333,1.0,68278.92115131825,68059.62839963389,67452.2853430094,-4.870601479621735,-3.527333513391204,766.1999999999971,-1750.2000000000116,42.70217214161377,48.74680119374797,49.040016085123746,29.66985549292152,30.065427819045453,40.570209464701286,47.982932505818475,68.41551908963469,72.35507545147193,-0.011590704102741434,-0.011658399916705815
2024-03-05,63792.6,68273.1,69063.1,60138.2,"207,60K","-6,56%",69025.47,68114.61666666667,1.0,67463.22639653311,67784.3362448184,67415.2506522682,-10.63897741201191,-3.2903294271030754,-5671.0999999999985,-4703.9000000000015,37.15264158192553,46.558414206191706,48.66337146307474,26.865254692083205,26.007034014506946,26.865254692083205,38.0057701831123,58.98284818998929,66.33627442896018,-0.03462146112916986,-0.0352349863003033
2024-03-04,68270.1,63135.8,68495.1,62746.8,"130,86K","8,13%",68713.73,68191.51999999999,1.0,67609.93068807255,67815.67584192695,67423.89995308458,-6.564175276427021,4.326000317852309,-3117.399999999994,2307.100000000006,51.00025994142676,51.011047699120525,49.42736763866436,60.30195842880771,38.945689537937476,59.781513964139556,42.40565937364135,77.44372062340237,68.28069596767546,0.07018839175703784,0.06783470003848081
2024-03-03,63135.8,61955.6,63227.3,61399.4,"38,01K","1,84%",67720.68000000001,68114.74,0.0,66796.45238115027,67513.74836825386,67380.52055688563,-11.661363757202295,-9.371501082331854,-9930.5,-2303.399999999994,39.82119491117656,46.42288661178085,48.59393882780867,23.45815236530114,36.87512182873069,22.036801517345868,36.22785672452287,56.27484126329679,64.23380335889614,-0.07520569033881597,-0.07818393413098175
2024-03-02,61994.5,62397.7,62446.3,61621.9,"33,80K","-0,65%",66773.11000000002,67859.07666666668,0.0,65923.37013003204,67157.6678283661,67326.04338776131,-14.014876746034286,-13.09019794762519,-9475.699999999997,-7669.899999999994,37.776042770922196,45.48217294819719,48.4115720567205,14.693706315847818,32.81793903665222,13.646555463253643,31.821623648246355,51.56922569473078,61.762595860476644,-0.01807690723804878,-0.018242290637626273
2024-03-01,62397.7,61157.3,63147.3,60790.9,"74,96K","2,01%",65802.97,67561.26666666666,0.0,65282.33919729895,66850.5731297615,67276.20360550567,-9.52239403289795,-10.362942904548822,-9701.400000000009,-8934.300000000003,39.00568532966009,45.882950496196166,48.48022121570492,23.13378587298173,20.428548184710227,16.610672881119193,17.431343287239567,53.23163189576977,53.69189961793245,0.006503802756696153,0.00648274428897826
2024-02-29,61169.3,62467.1,63653.4,60512.5,"119,29K","-2,08%",65023.420000000006,67279.86,0.0,64534.51388869914,66484.03937945393,67214.45521903287,-10.527378174983358,-12.4548279203168,-7795.5,-8442.199999999997,36.55998077539004,44.84396054023663,48.28348796566226,10.558274795715718,16.12858899484842,7.580112771729186,12.612447038700674,48.166900305104335,50.989252631868304,-0.01968662306463209,-0.019882986050782682
2024-02-28,62467.6,57048.7,63915.3,56704.9,"173,64K","9,48%",64433.530000000006,67033.05666666667,0.0,64158.71136348111,66224.91425819858,67166.46633825329,-8.367658276125098,-11.721670216118525,-5898.9000000000015,-7404.0999999999985,40.91085496618972,46.17653106453078,48.50545402691396,43.65979498602176,25.7839518849064,33.82660248884714,19.339129380565176,53.5198317803249,51.63945466039967,0.021224699318121987,0.02100259265568818
2024-02-27,57056.2,54491.1,57555.2,54464.0,"100,48K","4,70%",63321.95,66576.19333333333,0.0,62867.34566103,65633.3843060562,67064.27172006709,-14.657177516217871,-17.836653111067587,-11115.800000000003,-13705.900000000009,31.049098294579068,41.82001653962002,47.64877024555189,17.755889061654457,23.991319614463976,13.44718289766507,18.284632719413803,31.208460460130276,44.29839751518651,-0.08662730759625792,-0.09061127532393479
2024-02-26,54495.1,51722.7,54899.1,50925.2,"78,05K","5,36%",62085.93000000001,66077.95,0.0,61345.119177206354,64914.78531856811,66937.24251467799,-17.532127529494367,-22.149078633643484,-12360.200000000004,-14947.299999999996,27.556032223927303,39.97359350433212,47.251814330496416,19.681991851316855,27.03255863299769,15.646681890101998,20.97348909220474,20.648965119155598,35.125752453203596,-0.044887321623241605,-0.045925957632356865
2024-02-25,51722.7,51572.1,51952.0,51299.0,"23,61K","0,29%",60650.159999999996,65468.73,0.0,59595.58841771429,64063.68303995015,66783.50211520803,-18.92053310258557,-25.996251359239974,-14357.699999999997,-18276.600000000006,24.27171487510526,38.09031650814362,46.82739335618338,4.396870641033414,13.944917184668242,3.4954000973014203,10.863088295022832,9.218273274511406,20.358566284599096,-0.05087429879016647,-0.05221403265292783
2024-02-24,51571.6,50739.6,51689.9,50592.0,"20,99K","1,64%",59428.06,64858.05,0.0,58136.68143267532,63257.742198662454,66629.81215445875,-24.459463220355627,-23.270135199272744,-12221.0,-18320.4,24.097786019740724,37.98940624315402,46.80436567508774,5.471678089269446,9.850180193873237,4.231734553261704,7.791272180221711,8.595283252247041,12.820840548638019,-0.002921347880137759,-0.0029256233456344703
2024-02-23,50740.5,51320.6,51532.5,50537.6,"43,27K","-1,13%",57675.1,64309.00333333333,0.0,56791.92117218891,62450.17818584497,66469.30269831912,-19.6327598604912,-20.764767059455515,-17529.600000000006,-16471.399999999994,23.086719538941082,37.42525236549928,46.677476862743475,1.516703170201166,3.795083966834675,0.8744445833135868,2.867193077958906,5.1686319782303904,7.66072950166295,-0.016115458895981427,-0.016246725090726933
2024-02-22,51320.4,51850.2,52015.8,50947.3,"50,27K","-1,04%",56493.56,63885.09,0.0,55797.09914088183,61732.127980306126,66316.2958314787,-17.21781770963553,-19.5422157073316,-11815.400000000001,-12717.400000000001,25.50975239926842,38.088883557810504,46.77865799516642,5.851529037128973,4.279970098866528,3.37365805725911,2.826612397944803,7.559577801599739,7.1078310106923945,0.011428740355337474,0.011363925668290168
2024-02-21,51858.2,52263.5,52367.3,50676.9,"59,02K","-0,78%",55479.92999999999,63487.513333333336,0.0,55080.935660721494,61095.10036867309,66170.28814175959,-16.89084693826856,-20.83176853861914,-10136.300000000003,-11927.300000000003,27.8518675448787,38.712461591707,46.87261990868728,9.871652077711401,5.746628095013847,5.6914318221977,3.3131781542568013,9.776944009235574,7.501717929688572,0.010479263606674838,0.010424736727354536
2024-02-20,52263.5,51783.1,52936.8,50801.8,"68,10K","0,93%",54466.509999999995,63046.170000000006,0.0,54568.6746314994,60525.31969972612,66029.86877491312,-14.559264206064157,-22.976537860700915,-10134.199999999997,-13240.300000000003,29.702673672005943,39.18996501407369,46.94356736058762,12.901320854855475,9.541500656565283,7.438166122922178,5.501085334126333,11.448008575905003,9.594843462246777,0.007815543154216842,0.007785160001370151
2024-02-19,51783.6,52119.6,52484.8,51694.2,"36,73K","-0,64%",53527.94,62510.490000000005,0.0,54062.29742577224,59961.33778361446,65886.04274321067,-17.103266333267168,-16.54536663980661,-9385.700000000004,-16070.400000000001,28.732950667047902,38.81949623979733,46.86908457010072,9.314007639579296,10.695660190715392,5.36992582951563,6.166507924878505,9.469365877793344,10.231439487644645,-0.009182316530657153,-0.009224733858312878
2024-02-18,52117.5,51646.0,52350.3,51199.6,"26,89K","0,91%",52492.93000000001,62179.40666666667,0.0,53708.697893813645,59455.283733058444,65747.05990439566,-8.655851598949802,-22.89637705065975,-10350.099999999999,-9932.5,30.487392184724968,39.232956492563424,46.9279673302213,22.513394892840882,14.909574462425217,6.808945279335274,6.53901241059103,10.846046013028776,10.587806822242378,0.006447987393692234,0.006427288054714394
2024-02-17,51646.0,52134.2,52175.5,50652.3,"32,45K","-0,94%",51951.909999999996,61647.80333333334,0.0,53333.66191312025,58951.4589760867,65604.74105209997,-5.228176478252171,-24.484436594181705,-5410.199999999997,-15948.100000000006,29.353597990809348,38.849431281573516,46.85427330742692,25.413275249340856,19.08022592725368,4.776906733094006,5.651925947314972,8.90203677743877,9.73914955608697,-0.009046865256391756,-0.009088036644657809
2024-02-16,52134.2,51901.4,52556.7,51612.6,"52,86K","0,45%",51715.82,61105.903333333335,0.0,53115.57792891657,58511.63581633898,65468.80526062186,0.7955887840348629,-20.17937906305214,-2360.9000000000015,-16257.0,32.252162414366765,39.483095119989926,46.940980024365984,66.5471823941312,38.15795084543765,6.880917800485271,6.155589937638186,10.914900634946797,10.22099447513812,0.009452813383417746,0.009408415116046565
2024-02-15,51901.3,51805.2,52819.4,51327.5,"74,72K","0,23%",51733.68,60658.80666666667,0.0,52894.80012365902,58085.16253786533,65331.91028497598,0.6393053541096347,-25.282845572579625,178.60000000000582,-13412.899999999994,31.565667861408784,39.282209292295704,46.904290203314616,56.8397799266423,49.600079190038116,5.877181263010023,5.845001932196436,9.954646656221664,9.923861356202416,-0.00446731703948644,-0.004477325318144144
2024-02-14,51782.4,49708.6,52010.7,49263.8,"80,35K","4,16%",51754.76,60069.43,0.0,52692.545555721015,57678.53269671258,65195.21596869567,2.053389304401812,-27.46293118543162,210.8000000000029,-17681.299999999996,31.1890933987482,39.17693938603454,46.885487462390806,68.57065069425533,63.98587100500961,10.289617642612889,7.682572235369396,10.289617642612889,10.386388311260454,-0.0022908867407945843,-0.0022935148363708953
2024-02-13,49716.0,49941.0,50326.6,48398.3,"78,51K","-0,45%",51652.310000000005,59347.04666666666,0.0,52151.35545468083,57164.820909827715,65039.075392550665,-3.12624219608577,-31.957687743870984,-1024.5,-21671.5,25.34936120166232,37.37616674049465,46.55948102003395,29.033821747273265,51.48141745605697,5.223744509458784,7.130181138360567,5.199545429435013,8.481269909423192,-0.03990545050055616,-0.0407235103080637
2024-02-12,49941.3,48280.2,50277.3,47729.9,"81,85K","3,45%",51514.4,58576.21333333334,0.0,51749.52719019341,56698.787302741905,64886.80329036198,-3.69642602327114,-30.122904371332382,-1379.0999999999985,-23125.0,27.005081964166877,37.699159170386416,46.60016761620362,42.47056790028618,46.691680113938254,8.779995870852995,8.097786007641558,8.501787705201654,7.996983592416523,0.004531740284817731,0.004521502867040258
2024-02-11,48277.3,47759.3,48531.6,47590.2,"36,50K","1,09%",51156.31,57803.116666666676,0.0,51118.21315561279,56155.46554127452,64719.3069999456,-7.62712026557731,-33.04035695313811,-3580.899999999994,-23192.899999999994,22.846681468395417,36.269889064144316,46.33829517756019,12.851157745109138,28.11851579755619,2.728612105014458,5.577450828442082,2.6274631271820863,5.442932087272922,-0.03331911664293885,-0.03388684486272931
2024-02-10,47758.2,47128.0,48149.0,46875.0,"31,20K","1,34%",50705.78,56991.753333333334,0.0,50507.301672774105,55613.70647409536,64548.28794585471,-7.773503580284108,-30.749889798853914,-4505.300000000003,-24340.90000000001,21.689034266089394,35.83149113705106,46.25679613831924,14.85768117892465,23.39313560810665,3.834947873019444,5.114518616295634,3.287438723437507,4.805563185273754,-0.01075246544442221,-0.010810690955667774
2024-02-09,47127.5,45293.3,48118.8,45254.2,"98,11K","4,05%",50240.17,56263.84333333334,0.0,49892.792277724264,55066.209282218086,64372.657240426895,-9.574519115460257,-31.06638485223026,-4656.0999999999985,-21837.300000000003,20.30040266327927,35.295282280101006,46.157666162444656,24.762068418548115,17.490302447527295,7.599655980981601,4.721071986338504,6.576051280071062,4.163651043563557,-0.013206109107964603,-0.013294085172978079
2024-02-08,45293.3,44346.2,45579.2,44336.4,"66,38K","2,15%",49557.75,55494.73666666667,0.0,49056.52095450167,54435.6990059458,64180.33065658796,-12.30046857452658,-33.5602593440122,-6824.199999999997,-23073.199999999997,16.820500109477308,33.774707399983924,45.87034853684939,11.280207473771089,16.966652357081276,3.7426273877876746,5.059077080596242,3.254263803159386,4.372584602222656,-0.038919951196222935,-0.039697576078407015
2024-02-07,44339.8,43088.4,44367.9,42783.5,"48,57K","2,91%",48827.130000000005,54700.329999999994,0.0,48198.93532641046,53784.3506829814,63980.35719553828,-14.950646600504072,-33.677958217224365,-7306.199999999997,-23832.199999999997,15.305091152933088,33.009933485247544,45.7216552713057,15.507328690002916,17.1832015274407,5.92208404998555,5.754789139584943,5.027230969009035,4.952515350746499,-0.02105167872510949,-0.021276425102440336
2024-02-06,43087.7,42697.6,43375.5,42566.8,"33,32K","0,91%",47922.479999999996,53908.07666666667,0.0,47269.619812517645,53094.24418730503,63769.80642785432,-16.981462892066297,-34.795037560305325,-9046.5,-23767.600000000006,13.526948531757242,32.02485635498708,45.52688510541444,5.080662466106102,10.622732876626698,1.9659348663775476,3.8768821013835932,1.6709383751254865,3.3174777157646407,-0.028238738108877448,-0.028645120028436458
2024-02-05,42697.2,42581.4,43532.2,42272.5,"39,26K","0,27%",47002.07,53128.63666666667,0.0,46438.270755696256,52423.467142962625,63557.46924972568,-17.54495736002967,-33.068725839674194,-9204.100000000006,-23383.199999999997,13.003434578231108,31.719465012874906,45.46617683388331,4.361175576595235,8.316388910901413,1.5852575156957927,3.1577588106862993,1.3496078605839419,2.682592401572826,-0.009062911225245274,-0.009104229235613107
2024-02-04,42581.4,43006.2,43113.2,42379.4,"20,33K","-0,99%",46081.97,52421.596666666665,0.0,45737.02152738784,51788.49506922298,63346.13149638518,-14.350712044412258,-37.628039214824646,-9201.0,-21211.199999999997,12.839704501770797,31.626944603432293,45.44811506641442,3.8353136911635257,4.425717244621616,1.1779915035122428,1.57639462852853,0.9816196565443478,1.3340552974179303,-0.002712121637952758,-0.0027158061031619814
2024-02-03,43005.7,43194.7,43370.4,42882.0,"14,57K","-0,44%",45410.939999999995,51579.45,0.0,45240.41761331732,51221.86312927301,63141.22351043793,-13.887503929613377,-31.883812353688405,-6710.300000000003,-25264.40000000001,17.089815124411345,32.374613274464025,45.52780218070811,9.159504297421508,5.785331188393418,3.3877317167833967,2.0503269119971463,2.329956400706732,1.5537279726116786,0.009964444569694697,0.009915126837172099
2024-02-02,43194.7,43083.7,43459.3,42596.3,"42,65K","0,26%",44736.28,50914.74666666667,0.0,44868.46895635052,50703.981637061755,62940.30857253694,-10.527929275249456,-30.324948180887016,-6746.600000000006,-19941.100000000006,19.043609871759543,32.713662777757136,45.56340095253857,14.733747663402044,9.242855217329021,4.261001349178466,2.9422415231580374,2.9305589098905482,2.080711655713881,0.004394766275168216,0.004385137490393082
2024-02-01,43081.4,42580.1,43263.1,41890.5,"47,69K","1,18%",44216.69,50284.310000000005,0.0,44543.54732792316,50212.20217660608,62740.30063893685,-9.79266387761682,-30.956750008413763,-5195.9000000000015,-18913.1,18.749315425927506,32.612265642660574,45.54546806144099,19.028521211152853,14.307257723992132,5.407086556972147,4.351939874311339,3.7390425237987643,2.999852611465353,-0.0026230069892833052,-0.0026264530995494867
2024-01-31,42580.5,42946.2,43739.7,42315.4,"56,48K","-0,85%",43698.92,49623.73666666667,0.0,44186.62963193713,49719.83429424433,62537.286891803924,-9.648294520184605,-30.38910041475054,-5177.699999999997,-19817.199999999997,17.426436804654642,32.1564295471226,45.46595864399613,11.078464428495732,14.946911101016873,3.132832080200501,4.266973328783707,2.1663778162911616,2.9453264166601625,-0.01162682735472853,-0.01169494744033673
2024-01-30,42946.2,43303.3,43817.9,42702.9,"55,13K","-0,82%",43280.79,49016.3,0.0,43961.09697158493,49282.82563009947,62340.02388765167,-5.182002636151497,-31.25044022821431,-4181.300000000003,-18223.100000000006,21.896722314102547,32.86514674277501,45.535723385523205,28.619838967657923,19.5756082024355,4.793233082706752,4.444383906626469,3.314558058925468,3.073326133005136,0.008588438369676155,0.008551767546676536
2024-01-29,43299.8,42031.4,43305.6,41824.7,"45,23K","3,02%",43081.44,48377.37333333333,0.0,43840.86115856949,48896.82397654462,62148.33030021516,-2.3455225328034857,-24.11026321416427,-1993.5,-19167.799999999996,26.189675357384104,33.55938488686073,45.60334798289474,58.00173010380636,32.56667783332,9.377324306284008,5.767796489730422,4.621790814696004,3.367575563304216,0.008233557334525576,0.00819984651490567
2024-01-28,42030.7,42121.3,42817.1,41649.0,"32,53K","-0,21%",42850.52999999999,47876.52333333333,0.0,43511.74094792049,48453.84823612233,61945.813387251015,-2.4531362778704833,-22.87251514356337,-2309.100000000006,-15025.5,21.481144924841004,32.31853584491962,45.40001424296216,17.59878279312079,34.740117288195016,2.8807329756001625,5.6837634548636435,1.1893967013483064,3.0419151916565976,-0.02930960420140527,-0.029747712411394414
2024-01-27,42120.9,41811.5,42191.8,41413.0,"20,46K","0,74%",42753.85,47464.05,0.0,43258.86077557131,48045.270930566,61746.26637488888,-1.3497372193024266,-18.56399607909099,-966.7999999999956,-12374.199999999997,22.580339841575622,32.50203311162453,45.417398437178335,29.43573537361225,35.01208275684646,6.142938961106591,6.133665414330256,2.189749411499051,2.6669789758477918,0.002146050386979237,0.0021437509101219646
2024-01-26,41811.3,39942.0,42214.8,39831.2,"69,47K","4,70%",42665.259999999995,47133.67,0.0,42995.66790728561,47643.079257626225,61545.63474423959,-1.808536121405117,-18.925726562681778,-885.8999999999942,-9911.399999999994,21.43589646811634,32.19212908005551,45.36756981417025,49.66764491935695,32.234054362029994,15.108808448296948,8.04416012833457,5.839332108511741,3.0728260737863704,-0.007350270293369765,-0.00737741663382231
2024-01-25,39935.7,40085.1,40285.8,39546.3,"46,30K","-0,37%",42400.689999999995,46745.80666666667,0.0,42439.31010596096,47145.82898294061,61328.17052063399,-7.138588605696454,-21.294232417891042,-2645.7000000000044,-11635.900000000001,15.983078217408448,30.376934558641977,45.066527930107135,9.116022099447381,29.406467464138856,2.90803181359915,8.053259741000899,1.13877629801195,3.055952606007585,-0.0448586865273265,-0.045895977225521516
2024-01-24,40086.0,39891.3,40535.2,39510.0,"58,64K","0,49%",42108.72,46390.65666666667,0.0,42011.43554124078,46690.356145331505,61114.43130061713,-7.196947773685192,-21.890710126967054,-2919.699999999997,-10654.5,17.843860835206257,30.700858716328028,45.09586941589064,13.370783908632971,24.0514836424791,4.289927607471624,7.435589289789244,1.6826902009587832,2.886932869160829,0.0037635499064747613,0.003756485471879025
2024-01-23,39888.8,39555.0,40159.4,38546.9,"82,67K","0,84%",41778.13,46009.603333333325,0.0,41625.501806469736,46251.54607143911,60900.88236800932,-7.4106226817141465,-23.081017081194478,-3305.899999999994,-11431.599999999999,17.285747424432728,30.508204713947762,45.0641298566732,25.458167330677316,15.981657779585886,9.325290655251262,5.507750025440681,3.8128658294027438,2.21144410945783,-0.0049194232400338045,-0.004931563434074832
2024-01-22,39556.4,41581.7,41684.9,39468.4,"85,10K","-4,87%",41425.63,45599.543333333335,0.0,41249.301478020694,45819.6011636043,60686.1614457383,-7.1020772419299885,-24.3135266486171,-3525.0,-12301.799999999996,16.329192452645586,30.1779909299962,45.01046269487424,19.15196357427433,19.3269716045282,7.015337146192816,6.876851802971903,2.8683866568165035,2.787980895726015,-0.00833316620204172,-0.008368081134774562
2024-01-21,41583.2,41695.4,41878.0,41504.5,"16,11K","-0,27%",41325.9,45243.53333333333,0.0,41310.010300198745,45546.28495950077,60494.010791612796,-3.1737383051352626,-19.698128364964973,-997.3000000000029,-10680.300000000003,39.144601221905425,34.64032006505735,45.40886929804274,57.60387023335222,34.071333712767945,21.27377824487648,12.538135348773523,8.627322839120295,5.102858441779852,0.051238231992799976,0.04996873794300619
2024-01-20,41695.4,41647.6,41858.0,41449.5,"22,27K","0,11%",41200.82,44907.259999999995,0.0,41380.08115470806,45297.84076856522,60304.942006300356,-3.7053288929741046,-19.997313762172013,-1250.7999999999956,-10088.199999999997,40.14845193851087,34.8786605408108,45.43086573846151,66.16302771765402,47.639620508426844,22.05990541250657,16.78300693452529,8.946127180769452,6.813945558902088,0.0026982050443449257,0.00269457142381554
2024-01-19,41648.0,41293.8,42164.6,40305.4,"72,64K","0,86%",41035.64,44558.27666666666,0.0,41428.79367203387,45062.36717059325,60117.318208463825,-0.9105249258280188,-19.358711226426053,-1651.800000000003,-10469.5,39.839968408880004,34.82316413508897,45.423094872063615,72.62189124631166,65.46292973243929,21.727798213347334,21.687160623576798,8.81144513269307,8.794965050860943,-0.0011368160516508352,-0.0011374627171580902
2024-01-18,41292.7,42763.5,42908.0,40682.6,"70,35K","-3,45%",40961.84,44213.166666666664,0.0,41404.04936802771,44819.162837006574,59928.02828749162,-1.966244785842668,-20.795370409443322,-738.0,-10353.300000000003,37.44379941771813,34.398751928178555,45.36463879434057,62.96117951892863,67.2486994942981,19.238395515852133,21.008699713902015,7.8018980508041045,8.519823454755548,-0.008531021897810298,-0.00856761935624965
2024-01-17,42768.7,43139.1,43192.3,42211.8,"50,44K","-0,87%",41026.62,43900.98333333333,0.0,41652.16766474995,44686.8749120384,59755.50174764704,2.2898116059534006,-17.596091042035567,647.7999999999956,-9365.5,51.036838138689426,37.663691328727694,45.656628538995655,90.88130193309499,75.48812423277842,29.579961464354497,23.51538506451799,11.995794737739377,9.536379307078855,0.03574481688046549,0.03512079774413756
2024-01-16,43145.5,42515.2,43563.7,42093.1,"63,93K","1,49%",41160.04,43609.12333333333,0.0,41923.68263479541,44587.43136932624,59588.51573957828,8.037420152895788,-16.679219194166357,1334.199999999997,-8755.800000000003,53.87948163809231,38.47237921571406,45.731041181118265,91.66400892999526,81.83549679400629,34.15529048262749,27.657882487611374,13.066431778144,10.95470818889583,0.008810181277429496,0.00877159808139269
2024-01-15,42510.7,41747.6,43348.9,41719.2,"52,08K","1,83%",41417.54,43300.066666666666,0.0,42030.41306483262,44453.44870033744,59416.84433597686,6.04874519782467,-14.492919784375257,2575.0,-9271.700000000004,48.598010098976694,37.62177329844457,45.62525999267241,79.01052463721892,87.18527850010305,33.64941382208372,32.46155525635524,11.262715235551504,12.108313917144963,-0.014713005991354944,-0.014822315772652103
2024-01-14,41746.1,42851.3,43069.4,41739.6,"37,14K","-2,58%",41583.55,43034.403333333335,0.0,41978.719780317595,44278.78104225115,59239.23076007318,4.656194219931398,-16.40966494664737,1660.0999999999985,-7969.9000000000015,42.96200998932796,36.61313172361284,45.49786198493405,63.769733694785515,78.14808908733322,27.27272727272724,31.692477192479487,9.090185827129618,11.139777613608379,-0.017986059980193203,-0.018149775188908757
2024-01-13,42851.3,42836.7,43248.6,42443.3,"48,18K","0,04%",41879.8,42798.06999999999,0.0,42137.370729350754,44186.685491138174,59074.52774085705,8.32962554731978,-11.239236659879486,2962.5,-7090.0,51.91774798261362,39.056315573807744,45.718051287782515,82.6044490025152,75.12823577817319,43.109958236101264,34.67736644363741,12.230493834176286,10.861131632285806,0.026474329338548985,0.026129949213391214
2024-01-12,42835.9,46348.1,46503.2,41857.9,"136,92K","-7,58%",42207.75,42616.689999999995,0.0,42264.37605128698,44099.538040097,58911.34157728781,3.012514669385724,-10.306711726991377,3279.5,-5441.4000000000015,51.79184503886921,39.03462804842198,45.71546484675151,40.82900384007232,62.40106217912433,44.66731235875486,38.34999928919445,12.186736375518556,11.169138678941492,-0.00035938232912424706,-0.00035944692242974904
2024-01-11,46348.2,46629.3,48923.7,45651.8,"131,04K","-0,60%",42684.25,42569.689999999995,1.0,43006.88949650753,44244.61300525204,58785.10382205432,11.15902473654167,-1.653599278552868,4765.0,-1410.0,70.14119894671241,46.09664370969267,46.41039827390599,70.11591613195176,64.51645632484642,75.18020969855831,54.31916009780482,22.166562482241282,15.527930897312046,0.08199430851225253,0.07880592025542049
2024-01-10,46629.3,46112.0,47654.3,44403.6,"131,48K","1,08%",43177.64,42553.083333333336,1.0,43665.50958805162,44398.46377910675,58662.97107465624,11.960478294275841,2.9496636367851314,4933.9000000000015,-498.1999999999971,71.11875770097477,46.60868918247766,46.4655230456334,73.37758026524959,61.440833412424546,77.88913730629872,65.91221978787063,22.96527817241576,19.10619234339187,0.006064960451538592,0.006046642606258021
2024-01-09,46129.0,46959.2,47880.1,45333.9,"100,09K","-1,77%",43625.740000000005,42580.939999999995,1.0,44113.41693567859,44510.1112772289,58537.05099352402,11.712239693698894,4.0352008804730675,4481.0,835.6999999999971,66.79424948666903,45.807523296426105,46.38018448315149,66.08826491609133,69.86058710443088,73.06780510369288,75.37905070284997,21.543729044723534,22.22518989979353,-0.010729305393819,-0.010787279444706784
2024-01-08,46962.2,43934.2,47196.7,43251.0,"103,09K","6,91%",44192.69,42668.35333333334,1.0,44631.377492827945,44668.310549665744,58420.777692735595,9.805067724761333,8.992125362922598,5669.5,2622.399999999994,70.15266462619638,47.366221808006365,46.544509048788534,72.77396071899507,70.74660196677866,81.09725541592783,77.35139927530648,23.911178041711647,22.806728419616984,0.018062390253419602,0.017901203336228154
2024-01-07,43927.3,43973.5,44481.2,43627.9,"29,53K","-0,09%",44308.55,42696.34,1.0,44503.36340322287,44620.503417429245,58275.19964070687,1.8120082047954085,2.8809851699877416,1158.6000000000058,839.6000000000058,49.77731198154732,42.73471492791606,46.02812536843338,30.648899993059974,56.50370854271545,51.850281396962494,68.67178063886107,15.287833153378424,20.247580079937872,-0.06462431487451603,-0.06680702812112208
2024-01-06,43967.9,44156.6,44203.2,43424.0,"24,26K","-0,43%",44390.79,42738.69666666666,1.0,44406.00642081872,44578.39997114348,58131.50515916248,3.427842872500346,3.256116520358654,822.4000000000015,1270.7000000000044,49.99320030941694,42.81210096651895,46.03617480252563,31.212436671524802,44.87843246119328,52.241538817361835,61.729691876750714,15.403193726203332,18.200734973764472,0.0009242543930538805,0.0009238275329603039
2024-01-05,44156.9,44163.0,44312.1,42629.0,"68,07K","0,00%",44555.409999999996,42791.21333333334,1.0,44360.71434430622,44551.206424618096,57991.16515234946,5.77491071022204,2.6768544634781075,1646.2000000000044,1575.5,51.08088021324464,43.181858676745954,46.07380273290565,33.647916927659736,31.836417864081493,54.06290956749674,52.71824326060702,15.94021708245724,15.543747987346336,0.004298590562660465,0.004289378013463614
2024-01-04,44157.0,42836.1,44744.5,42632.8,"68,05K","3,08%",44796.5,42829.590000000004,1.0,44323.67537261418,44525.77375206209,57852.24833024418,3.047048747645922,2.2278196167585445,2410.9000000000015,1151.300000000003,51.08150573268274,43.18205975265247,46.073822727949235,32.53842452376235,32.46625937431562,54.06387325572432,53.45610721352764,15.940501221799169,15.761304010153253,2.2646517305879854e-06,2.2646491662681263e-06
2024-01-03,42836.1,44943.7,45492.7,40888.3,"117,65K","-4,69%",44794.98,42817.636666666665,1.0,44053.20712304797,44416.76254225162,57701.47630372173,0.0004668980924810489,-0.5693872529676448,-15.200000000004366,-358.59999999999854,43.009929742597,41.1901940765004,45.84814371418577,24.24023695148962,30.142192800970562,41.334515457559164,49.820432760260076,12.187304654202414,14.689340986152947,-0.029913716964467763,-0.030370259857643092
2024-01-02,44943.7,44182.9,45885.4,44166.0,"97,84K","1,72%",45005.759999999995,42879.71333333333,1.0,44215.11491885743,44450.75850726764,57573.39140106144,-3.0303226446766005,5.549958314251822,2107.7999999999956,1862.2999999999956,55.48127062476529,45.351026359063674,46.27017777323371,50.46917390546827,35.74927846024007,61.64520854213244,52.3478657518053,18.175825424788307,15.434543766929968,0.04920149126554474,0.04802939034539374
2024-01-01,44183.4,42272.5,44187.0,42196.7,"36,30K","4,52%",44789.28,42933.14333333333,1.0,44209.34856997426,44433.509571314884,57438.97124694569,-5.245414363929978,2.8808136691954225,-2164.7999999999956,1602.9000000000015,51.00722938453871,44.18443219408435,46.13980598090756,47.12806430389886,40.61249172028557,54.31828694780667,52.43267031583276,16.015514008069562,15.459548029020098,-0.01691672025222657,-0.017061442435943982
2023-12-31,42272.5,42141.6,42878.8,41971.4,"35,58K","0,32%",44353.6,42910.68666666667,1.0,43857.1942845244,44294.08959897199,57286.730762101986,-8.360250601573847,-2.372528279576356,-4356.800000000003,-673.6999999999971,41.63183407224791,41.41454668381242,45.81373805151991,19.79747704453786,39.13157175130166,35.9031686068923,50.62222136561047,10.58589532306643,14.925744918641437,-0.04324927461444794,-0.044212396499918746
2023-12-30,42136.7,42074.7,42592.2,41527.3,"35,18K","0,15%",43954.37,42871.916666666664,1.0,43544.3771418836,44154.90317323185,57134.66864433524,-10.27528522939726,0.25219660866937743,-3992.300000000003,-1163.1000000000058,41.036247638741266,41.224555439366675,45.79062551413896,19.78948703316206,28.90500946053292,34.594479993832365,41.60531184951045,10.200034096721023,12.267147809285676,-0.003212490389733369,-0.0032176615147482724
2023-12-29,42072.4,42581.1,43108.0,41459.0,"60,98K","-1,19%",43465.39,42873.306666666664,1.0,43276.7449342684,44020.54812979753,56983.50052882229,-4.222658802157204,-0.1151447381228796,-4889.799999999996,41.700000000004366,40.7296991717212,41.13212897839341,45.77963514327849,23.6957435312481,21.09423586964933,33.974828463495506,34.82415902140672,10.017332499857933,10.267753973215134,-0.001525985660955742,-0.0015271511629182204
2023-12-28,42581.1,43446.5,43782.6,42309.3,"49,84K","-1,99%",43330.770000000004,42888.64666666666,1.0,43150.26403712869,43927.680508520265,56838.96741383417,-3.154119255183902,1.8411290727626157,-1346.2000000000044,460.1999999999971,44.38190994267698,42.192837401795586,45.882910780816964,33.87564787576787,25.786959480059334,38.877110477218395,35.81547297818209,11.46274933227254,10.560038642950502,0.012091062073948722,0.012018549103621294
2023-12-27,43446.5,42514.3,43676.7,42115.3,"50,10K","2,20%",43278.630000000005,42943.153333333335,1.0,43204.12512128711,43896.63660474477,56704.58076639798,-1.6088085893710868,8.791131744278937,-521.4000000000015,1635.199999999997,50.18418825942498,43.969562001918355,46.05857767184915,51.19369234155806,36.25502791619133,47.21686839873564,40.022935779816514,13.921691197363186,11.800591009831225,0.02032357078610003,0.02011980325145036
2023-12-26,42513.3,43579.9,43594.9,41796.6,"56,03K","-2,44%",43114.270000000004,43029.073333333334,1.0,43078.520553780356,43807.38908185801,56562.19042621428,-3.722399619539364,6.055231252806474,-1643.5999999999985,2577.600000000006,44.60830654609021,42.51198683288339,45.89711370438699,32.518860939344826,39.196067052223576,38.22372985891607,41.4392362449567,11.270102858441787,12.218181129359175,-0.021479290621799207,-0.021713327956887105
2023-12-25,43578.5,42982.0,43792.7,42745.3,"32,67K","1,39%",43056.42,43145.49,0.0,43169.42590763847,43792.622044318785,56431.92748855393,1.7331176274217344,9.249964902428744,-578.5,3492.5,51.44980930749575,44.67749748012614,46.113822143640895,53.83522443016946,45.84925923702411,48.48893685914734,44.643178372266355,14.296755128715121,13.16284972817337,0.025055688455142278,0.02474694131467844
2023-12-24,42981.5,43710.4,43935.7,42748.5,"30,86K","-1,67%",43070.96,43248.58,0.0,43135.25756079511,43740.29158984661,56296.993006001605,-4.36590667880036,8.658775823886902,145.40000000000146,3092.699999999997,47.775208871626354,43.72260282594109,46.01001485307697,34.395897343213434,40.2499942375759,37.154823220839106,41.28916331296751,12.600443257373414,12.722433748176778,-0.013699415996420217,-0.013794118906801519
2023-12-23,43710.4,43968.9,43994.6,43325.7,"21,29K","-0,59%",42947.630000000005,43387.04666666666,0.0,43239.828913377816,43738.363100179085,56170.734817577475,-1.0705378037905637,5.115527424536843,-1233.2999999999956,4154.0,52.388291449375714,45.20187868027498,46.158739345020834,82.52932551319654,56.920149095526476,39.50895188146156,41.717570653816004,14.671534920725126,13.856244435604557,0.016958458871840332,0.016816269498485366
2023-12-22,43968.9,43865.9,44394.6,43419.3,"44,50K","0,23%",42926.18,43466.57,0.0,43372.38729276366,43753.23644855463,56048.346105148325,4.013010822638835,5.452639859552852,-214.5,2385.7000000000044,53.98976245563815,45.7252725965234,46.21155076269573,85.49870554571477,67.47464280070824,42.508383323857394,39.72405280871936,15.406035119622667,14.22600443257374,0.005913924374977064,0.005896505765375358
2023-12-21,43865.9,43660.3,44241.8,43310.2,"48,96K","0,47%",43085.520000000004,43538.920000000006,0.0,43462.11687589754,43760.50506477691,55926.16165586472,4.10378601076972,5.325345754898199,1593.4000000000015,2170.5,53.19756896766488,45.545959179185296,46.19340621319494,81.99005314075495,83.33936139988874,41.3132520334637,41.110195746260885,15.113371597431383,15.063647212593063,-0.0023425648583430547,-0.002345312955970967
2023-12-20,43662.8,42259.5,44278.7,42217.2,"70,19K","3,32%",43238.13,43606.08,0.0,43498.604716643444,43754.20151221066,55803.17541297092,3.7801504073929735,5.739755453143064,1526.1000000000058,2014.800000000003,51.54065494424256,45.18451431508084,46.15749025546909,75.07153563155757,80.85343143934243,36.16264819016885,39.99476118249665,14.536284593964888,15.018563770339652,-0.004630020129531065,-0.004640771872759207
2023-12-19,42259.3,42659.7,43473.3,41842.7,"55,29K","-0,94%",43256.82,43638.3,0.0,43273.27658634463,43657.75625335836,55667.357874476555,-0.7557343516254762,-1.191057946582417,186.90000000000146,966.6000000000058,41.59359693920223,42.75877984477883,45.909582439207554,17.809853733641432,58.290480835317986,17.062000647136433,31.51263362358966,10.548388929931244,13.399348373775844,-0.0321440677189736,-0.032672033070082256
2023-12-18,42659.7,41369.1,42728.0,40554.0,"61,58K","3,12%",43264.68,43634.666666666664,0.0,43161.71720700924,43593.36552733524,55536.9276447093,-1.8109629084045964,-1.1259575158475459,78.59999999999854,-109.0,44.96070257312576,43.65155174131986,45.99275089941313,54.82737072332442,49.236253362841126,25.15860783540626,26.127752224237184,11.686082855032097,12.25691879297608,0.009474837491392218,0.00943023274578263
2023-12-17,41368.7,42271.7,42413.2,41276.9,"35,46K","-2,14%",43056.9,43575.439999999995,0.0,42835.71407846211,43449.83871912006,55394.871093484806,-2.6923339284412307,-2.6863824872326263,-2077.800000000003,-1776.800000000003,37.26443019837331,41.493002687819015,45.764728082815125,21.2128313284382,31.283351928468008,9.733921168022718,17.318176550188472,8.017843950673399,10.084105245212251,-0.030262753840275436,-0.030730124427096207
2023-12-16,42271.7,41929.0,42690.3,41698.2,"30,11K","0,82%",43032.740000000005,43567.473333333335,0.0,42733.16606419627,43373.82976949941,55263.30273575662,-2.998726436201345,1.2590397665889712,-241.60000000000582,-239.0,44.63051662399826,43.51409923152225,45.95309221041227,44.724782586054204,40.25499487927227,20.522838333512524,18.471789112313832,10.583622208330954,10.095849671345489,0.021828097087895015,0.021593275175864422
2023-12-15,41929.0,43025.2,43080.7,41697.9,"45,28K","-2,55%",42867.79,43573.57,0.0,42586.95405252423,43280.61494566074,55129.62772512008,-2.4487279410909344,-2.1523267672159374,-1649.5,182.90000000000146,42.5250348510611,42.931850608810215,45.892298386862926,35.801697651408645,33.91310385530034,16.428306868824453,15.561688790119897,9.609876683525599,9.403780947509988,-0.008107078731160455,-0.008140119792765252
2023-12-14,43025.9,42886.3,43392.7,41591.2,"59,15K","0,33%",42872.229999999996,43579.39000000001,0.0,42666.76240661073,43264.181723360045,55008.29815916816,-1.5659888722134776,0.44355318786345094,44.400000000001455,174.59999999999854,50.78254551106012,45.35299679029813,46.12159061532124,64.36233921783061,48.296273151764474,29.533913999307053,22.16168640054801,12.726601125191797,10.973366672349455,0.026160891030074795,0.025824548324036804
2023-12-13,42884.5,41487.0,43417.5,40649.3,"63,11K","3,37%",42789.64,43581.01,0.0,42706.351059954235,43239.68612830456,54886.776384648234,-2.4662886722205957,-7.473213630734306,-825.9000000000015,48.599999999998545,49.75859631257419,45.0978508293299,46.096282754003624,60.68062281935117,53.61488656286347,27.844486660214834,24.60223584278211,12.324828095698129,11.55376863480518,-0.0032863926146809996,-0.0032918046635545934
2023-12-12,41487.0,41256.1,42070.9,40691.5,"57,04K","0,56%",42541.45,43418.97,0.0,42484.65086723528,43126.609603897814,54752.47478526708,-5.42311909706629,-11.028044598567858,-2481.9000000000015,-4861.199999999997,40.738198999195184,42.64497140638722,45.8464003140665,25.04899723467664,50.03065309061947,12.735288898595435,23.371229852705778,8.353980792180483,11.135136671023474,-0.03258753162564565,-0.033130330135526846
2023-12-11,41256.1,43791.0,43806.3,40277.1,"105,19K","-5,79%",42280.469999999994,43239.86333333333,0.0,42261.27798228341,43005.93156493666,54617.21480787041,-5.512014804364366,-10.563636757787947,-2609.800000000003,-5373.200000000004,39.42608722736983,42.252177427205595,45.80516841359541,24.465213914434237,36.731611322820676,12.876496119952648,17.818757226254306,7.697903051656525,9.458903979845049,-0.005565598862294241,-0.005581144515052372
2023-12-10,43791.0,43716.6,44045.4,43576.8,"23,81K","0,17%",42293.29,43161.93,0.0,42539.409258231884,43056.581141392366,54508.72281600007,3.624527618772665,-6.752664909224861,128.1999999999971,-2338.0,56.511848771903,47.72089270621608,46.33765852478847,93.2489451476793,47.58771876559672,50.78183710041046,25.464540706319514,14.90055123032335,10.317478358053458,0.061443035090568365,0.059629336180971985
2023-12-09,43718.4,44175.5,44361.2,43617.4,"31,67K","-1,03%",42439.2,43053.80333333334,0.0,42753.77121128063,43099.279132270276,54400.59818089974,2.481733345522834,-0.47555847957876185,1459.0999999999985,-3243.7999999999956,56.00911196797939,47.58737449966213,46.32455712616991,84.26091427731947,67.32502444647766,61.36084018329977,41.673057801220956,14.69426606807979,12.430906783353228,-0.0016578749058024922,-0.0016592507012121933
2023-12-08,44175.5,43288.3,44697.6,43108.4,"58,44K","2,05%",42590.78,43062.07666666667,0.0,43012.267354684154,43168.712736639936,54298.14458945251,6.784839745991541,0.47216264593032314,1515.800000000003,248.1999999999971,58.58647421002151,48.52541723264623,46.42041646499112,88.18911887795502,88.5663261009846,69.51126009664247,60.55131246011757,15.993067000056826,15.195961432819994,0.010455551895769188,0.010401270645494948
2023-12-07,43289.7,43774.4,44046.4,42860.5,"63,09K","-1,11%",42782.88,43039.47,0.0,43062.70965383249,43176.51836653413,54187.849684757806,2.4082305656029925,-1.963905980718765,1921.0,-678.2000000000044,52.02358658660918,46.84469914627175,46.25951454090619,68.15066168985405,80.20023161504282,53.71681258135258,61.52963762043161,13.476160709211788,14.721164592449474,-0.020051838688866064,-0.02025560533788696
2023-12-06,43776.3,44076.2,44283.7,43466.7,"72,52K","-0,68%",42933.34,43026.78333333333,0.0,43192.45335313567,43215.21395579,54083.5423240749,4.405781201555016,-0.8621509613424758,1504.6000000000058,-380.59999999999854,55.09399365998042,47.87074506808496,46.362159313985266,79.15846623685113,78.4994156015534,62.3932385928,61.87377042359835,14.858782747059166,14.776003485442596,0.0112405491375549,0.011177843623832184
2023-12-05,44076.2,41989.6,44424.1,41424.9,"96,84K","4,97%",43148.060000000005,43024.09,1.0,43353.134561656465,43270.76144251323,53983.29132075986,2.441087809900538,2.8949881058266245,2147.199999999997,-80.80000000000291,56.9794063692367,48.50449389258263,46.4255425365163,85.9427666553557,77.75063152735362,67.74067007827678,61.28357375080978,15.710916633517066,14.681953363262679,0.006850738870119111,0.006827379185300616
2023-12-04,41987.8,39968.6,42394.4,39968.6,"104,21K","5,05%",43044.25,42995.81333333334,1.0,43104.89191408256,43187.98973654463,53863.13165814008,-2.0909652671711156,-6.576895093194361,-1038.0999999999985,-848.2999999999956,43.007858466827436,44.59862555638489,46.04474229558807,42.69824487206606,69.26649258809094,34.12655489453765,54.75348785520481,9.776950616582377,13.448883332386208,-0.047381580081767405,-0.04854085433556723
2023-12-03,39970.2,39456.8,40178.9,39280.3,"35,27K","1,30%",42752.82,42830.030000000006,0.0,42534.947929703914,42980.390398703035,53723.97450349119,-3.6560850386868244,-9.535707980825388,-2914.300000000003,-4973.5,34.0464329974881,41.276733012611565,45.680933245313135,12.735126354456918,47.12537929395955,12.735126354456918,38.20078377575711,4.044155253736421,9.844007501278627,-0.04805205321545791,-0.049244923432984
2023-12-02,39458.4,38688.2,39673.4,38646.5,"37,09K","1,99%",42549.96,42672.53,0.0,41975.57557884866,42753.165211689935,53581.09426085131,-4.357416236629243,-6.657046543260982,-2028.5999999999985,-4725.0,32.15783803984928,40.485414789130104,45.589100702738484,13.417395184346676,22.950255470289875,13.417395184346676,20.093025477780404,2.589930101721885,5.470345324013565,-0.012804539381839342,-0.012887224080888032
2023-12-01,38688.2,37712.9,38950.8,37618.3,"62,50K","2,59%",42293.17,42553.05333333333,0.0,41377.87092814891,42490.9093915809,53431.9407163018,-11.65262268502661,-8.184077063462492,-2567.9000000000015,-3584.300000000003,29.428277255375733,39.31214186891765,45.45090823917165,15.113076151596836,13.755199230133465,15.113076151596836,13.755199230133465,2.961857673589372,3.1986476763492306,-0.0195192912028872,-0.01971230840199878
2023-11-30,37712.9,37857.6,38144.4,37509.2,"33,53K","-0,38%",41685.36,42405.59333333334,0.0,40711.51257757638,42182.65072115633,53274.52345369854,-13.73677902210511,-10.36189996292106,-6078.0999999999985,-4423.799999999996,26.288725423795725,37.87432580511502,45.276243455847776,2.8337321239775797,10.454734486640355,2.8337321239775797,10.454734486640355,0.5622148560514808,2.038000877120917,-0.025209236924953804,-0.025532432988900115
2023-11-29,37855.5,37823.3,38362.9,37607.6,"49,34K","0,09%",41099.07,42265.030000000006,0.0,40192.237563471586,41903.47970688818,53120.12060359546,-14.306572647734603,-11.097881454448096,-5862.9000000000015,-4216.9000000000015,27.54450364266883,38.21611348748959,45.30712874896476,4.8174837237772365,7.588097333117208,4.8174837237772365,7.588097333117208,0.9557928554277136,1.493288461689527,0.0037811995364980255,0.0037740687711092075
2023-11-28,37823.3,37244.3,38379.4,36881.1,"57,50K","1,54%",40463.85,42106.43666666667,0.0,39761.52164284039,41640.24230644379,52966.95119951715,-12.627484135949185,-12.94281472615745,-6352.199999999997,-4757.799999999996,27.42726914409758,38.16706409308926,45.301326451240946,12.491051305846538,6.714089051200442,12.05398835796078,6.568401401905189,2.556172306957728,1.3580600061456456,-0.0008506029506940571,-0.0008509649186591575
2023-11-27,37248.6,37451.8,37563.3,36751.5,"45,24K","-0,54%",39859.740000000005,41899.84,0.0,39304.62679868759,41356.91054473774,52809.57084499781,-14.911493205227494,-12.38365405649527,-6041.0999999999985,-6197.9000000000015,25.292481245987105,37.2835510133881,45.197499495115885,6.47889893908191,7.929144656235219,6.255899120323161,7.709123734020383,1.343898522279352,1.6186212282216026,-0.015194337881676234,-0.01531095461753239
2023-11-26,37451.8,37786.4,37819.1,37166.3,"29,20K","-0,89%",39227.29,41731.12333333333,0.0,38967.74919892621,41104.96792894821,52655.81038494058,-15.029426311705624,-14.05899698245694,-6324.5,-5061.5,27.509123025891242,37.81011330850322,45.24209647420573,9.127284101869028,9.365744782265816,8.8131284529518,9.041005310411904,1.8932450918371293,1.931105307024741,0.005455238586148381,0.005440412666975896
2023-11-25,37787.0,37718.6,37887.4,37599.9,"16,09K","0,18%",38598.37,41538.073333333334,0.0,38753.067526394174,40890.90548191929,52506.95452501869,-10.004810921267612,-12.08543210451008,-6289.199999999997,-5791.5,31.248107455749903,38.688555942733494,45.315873911954874,18.350493540555384,11.318892193835431,13.031550068587109,9.366859213954013,2.7994506534304424,2.012198089182313,0.0089501706193027,0.008910355235547512
2023-11-24,37717.3,37295.0,38400.8,37257.4,"65,83K","1,14%",38171.32,41362.6,0.0,38564.74615795888,40686.156741150306,52358.90015306505,-5.636449154620178,-13.710924631209046,-4270.5,-5264.199999999997,30.880117884387616,38.57136052725028,45.30311802865894,28.178794421427394,18.552190687950596,12.154390203999485,11.333022908512788,2.6110182917268276,2.434571345664805,-0.0018445497128641852,-0.001846252989527056
2023-11-23,37293.1,37410.8,37642.5,36915.3,"32,35K","-0,31%",37903.61,41148.689999999995,0.0,38333.53776560272,40467.24985462448,52208.09049028576,-5.487551446586792,-15.183004350802506,-2677.0999999999985,-6417.300000000003,28.60235281840336,37.84950636363586,45.22525057651665,18.535884184948088,21.68839071564361,6.815922276336803,10.66728751630779,1.4642032582307327,2.2915574011293387,-0.01124682837848956,-0.011310552197190103
2023-11-22,37410.8,35797.5,37862.5,35695.6,"64,81K","4,46%",37698.85,40930.08666666666,0.0,38165.76726276587,40270.0595414229,52059.97748691039,-3.3017819386789626,-14.715530742558567,-2047.5999999999985,-6558.0999999999985,30.189845981993116,38.181577768742656,45.2514917274532,52.69107888916202,33.13525249851249,19.053543656965168,12.674618712433807,4.508309830649265,2.8611771268689465,0.003156079811010626,0.00315110984545021
2023-11-21,35813.6,37452.7,37631.2,35799.2,"71,07K","-4,38%",37411.39,40661.676666666666,0.0,37738.10048771753,39982.54602262142,51897.36952333142,-5.036207769755184,-17.976859019577315,-2874.5999999999985,-8052.300000000003,22.609889236732485,35.51756571481323,44.9577492197489,4.361969540144899,25.19631087141833,1.3108198178182626,9.060095250373402,0.3101565765022224,2.094223221794078,-0.04269355373314665,-0.043631723252383056
2023-11-20,37454.1,37356.6,37735.6,36857.6,"51,80K","0,27%",37385.509999999995,40454.719999999994,0.0,37686.46403540525,39819.42047277488,51752.81711678896,-1.0603479018900859,-11.370751526882849,-258.8000000000029,-6208.700000000004,39.84616932429128,39.96802790159345,45.32412226463663,65.00443590122717,40.68582811017802,19.534547878249278,13.29963711767756,4.622121523552187,3.1468626435678964,0.04580662094846644,0.04478847374101534
2023-11-19,37354.2,36568.6,37504.6,36393.3,"26,14K","2,15%",37335.38,40291.21666666667,0.0,37626.052392604295,39660.37399066037,51608.71996775239,-1.240240803948904,-12.436796320649233,-501.3000000000029,-4905.100000000006,39.254613782409606,39.79500453419515,45.30566590602598,61.31154812952816,43.55931785696674,18.424794490113293,13.090054062060268,4.359539811750725,3.0972726372683836,-0.0026672647320320486,-0.002670828220529317
2023-11-18,36568.6,36617.5,36845.2,36220.6,"20,88K","-0,07%",37209.909999999996,40088.18,0.0,37433.7883212217,39460.904700940344,51458.211493832816,-1.8255719678055016,-11.60321692487315,-1254.7000000000044,-6091.0999999999985,34.74724764346392,38.44122331977289,45.16032542734149,32.27118142836014,52.86238848637182,9.697844923350367,15.885729097237636,2.29463297700373,3.758764770768886,-0.021031102258915912,-0.02125540637295117
2023-11-17,36595.4,36161.8,36690.6,35875.2,"51,37K","1,20%",37144.590000000004,39929.07,0.0,37281.35408099957,39276.033429911935,51309.48582939044,-2.286672469681034,-13.42813276967805,-653.1999999999971,-4773.299999999996,35.030019170684284,38.51503845278668,45.16635645626359,33.26186603578299,42.28153186455709,9.995556542990478,12.706065318818036,2.3650753181076323,3.006416035620701,0.0007328691828509815,0.0007326007653666572
2023-11-16,36161.2,37873.9,37907.6,35561.6,"66,92K","-4,52%",37015.53,39725.38666666667,0.0,37077.68970263602,39075.076434433744,51157.912083741394,-4.302537909863188,-13.756111521858386,-1290.6000000000058,-6110.5,32.49508310599262,37.75624683534061,45.08562058460175,21.118624964778725,28.883890809640615,6.563047285464083,8.752149583934967,1.5704845295749232,2.0767309415621003,-0.011864879192466926,-0.011935828634387873
2023-11-15,37874.9,35549.3,37954.1,35379.6,"75,51K","6,54%",37024.31999999999,39590.25,0.0,37222.63702942947,38997.64569672834,51025.009676354544,0.41784539190238573,-11.971858810623369,87.90000000000146,-4054.0999999999985,48.756770149082875,42.39025086589272,45.472246519316634,82.59300940023829,45.65783346693333,26.779351792230123,14.445985206894884,6.504732634191238,3.480097493957936,0.04739057332168195,0.04630190274797557
2023-11-14,35549.3,36478.3,36744.5,34984.3,"63,56K","-2,55%",36807.520000000004,39341.03,0.0,36918.393933169566,38775.171780810386,50870.17690604308,-4.675932008870262,-17.10454826335855,-2168.0,-7476.5999999999985,35.76548702259572,38.379017184362596,45.039754538542645,19.02485015825984,40.912161507758945,5.816766701327049,13.053055259673743,1.4578162171088282,3.177677793625002,-0.061402142315887254,-0.06336815808328593
2023-11-13,36478.3,37067.8,37404.6,36358.4,"44,55K","-1,58%",36726.04,39127.49,0.0,36838.376854411465,38626.98650462907,50726.19563048094,-2.492595721021737,-12.072938510858815,-814.7999999999956,-6406.199999999997,42.55876063265278,40.697936993686966,45.24882021829304,50.30641794060213,50.641425833033416,15.380972481031172,15.992363658196107,3.8548273068329015,3.939125386044328,0.0261327227259045,0.02579709776434763
2023-11-12,37064.4,37149.0,37215.3,36761.9,"21,45K","-0,23%",36691.4,38980.06999999999,0.0,36879.4719717912,38526.17447207236,50589.52573162763,3.4925279781982344,-10.160194492450806,-346.40000000000146,-4422.5999999999985,46.523266293876915,42.11950809856396,45.38055918640415,70.04175365344473,46.45767391743556,21.414967106956436,14.204235429771543,5.367085864085083,3.559909796008943,0.01606708645962107,0.01593937695634898
2023-11-11,37150.5,37306.3,37401.3,36767.6,"29,53K","-0,41%",36825.090000000004,38843.21666666667,0.0,36928.749795101896,38437.421280325754,50455.0915781295,-0.8105921648097233,-15.164074809892444,1336.9000000000015,-4105.5999999999985,47.11900223489533,42.32959861393422,45.39995563056471,72.9409387837565,64.42970345926778,22.301380581264844,19.699106723084142,5.5892415743383,4.9370515817521,0.0023229837795835095,0.002320289823966912
2023-11-10,37303.0,36700.5,37496.1,36347.2,"59,56K","1,64%",36809.98,38626.95,0.0,36996.79528690155,38364.23281062731,50323.53467821216,-0.13706624690127775,-14.674370516761822,-151.09999999999854,-6488.0,48.253475581867896,42.71061037121176,45.43444911172457,78.0759647114284,73.6862190495432,23.871392832507983,22.529246840243076,5.982722942672983,5.646350127032126,0.004104924563599344,0.004096522346559244
2023-11-09,36700.5,35636.9,37942.0,35578.1,"115,56K","2,98%",36744.61,38393.02,0.0,36942.923416555815,38256.895209941686,50187.274210729716,0.3606919597687674,-16.921144073072178,-653.6999999999971,-7017.9000000000015,44.10029470127644,41.58766053040319,45.32076353332264,57.78840325947874,69.6017689182212,17.668557544809673,21.28044365286082,4.428149012039233,5.333371176350177,-0.01615151596386355,-0.016283373424037892
2023-11-08,35636.9,35426.2,36050.2,35148.8,"46,33K","0,60%",36651.439999999995,38108.4,0.0,36705.464613545664,38087.86326091319,50041.74585954426,-2.619181645780617,-17.678108187397918,-931.6999999999971,-8538.599999999999,37.730523349616185,39.68234694509375,45.12045852416149,21.9745437403192,52.61297057040878,6.913282061060603,16.15107747945941,1.683842235903043,4.031571396871758,-0.028980531600386827,-0.029408761046685897
2023-11-07,35426.1,35042.1,35877.9,34536.9,"53,49K","1,10%",36534.51,37846.28,0.0,36472.85286562827,37916.13659891879,49895.57220102171,-2.032841830470224,-19.074704806025185,-1169.300000000003,-7863.5999999999985,36.567398888566075,39.31306808459516,45.08077089798711,26.021303991571987,35.261416997123305,8.993446071688622,11.191761892519622,2.268135904499534,2.793375717480609,-0.005915217092395841,-0.005932781287288925
2023-11-06,35042.0,35020.3,35275.6,34742.9,"29,81K","0,06%",36422.590000000004,37555.136666666665,0.0,36212.6977991504,37730.70843124661,49747.02656422992,-7.479623708577451,-20.496776037861697,-1119.199999999997,-8734.300000000003,34.419242667834354,38.63536559537885,45.00827313781046,14.781107339342123,20.925651690411097,5.108625293308506,7.0051178086859,1.288388939904088,1.7467890267688935,-0.01084228859513181,-0.010901494547049995
2023-11-05,35019.4,35065.8,35360.2,34550.0,"31,02K","-0,13%",36137.03999999999,37253.24333333333,0.0,35995.73456294124,37555.785306650054,49599.747893480744,-1.4906060034937436,-16.596249386726623,-2855.5,-9056.799999999996,34.28755958353506,38.59486894509361,45.00399331924869,14.169921588205932,18.32411097304001,6.140629971364938,6.747567112120678,1.2307417610447915,1.595755535149476,-0.0006449403572854617,-0.0006451484207815294
2023-11-04,35065.8,34718.6,35242.2,34601.1,"23,80K","1,00%",36088.69,37022.509999999995,0.0,35826.65555149737,37395.1410933178,49454.4132953789,-3.872165095412889,-12.270141255235137,-483.5,-6922.0,34.856110542839815,38.73126624666725,45.01478192741238,15.532583477724641,14.82787080175756,9.374335342077304,6.874530202250239,1.3490970309152166,1.2894092439547038,0.0013249798683017122,0.0013241028570720162
2023-11-03,34718.7,34931.4,34940.6,34124.2,"54,54K","-0,61%",35912.729999999996,36847.46,0.0,35625.209087588766,37222.46747439406,49307.06839212594,-6.328714345841304,-12.011891004196835,-1759.6000000000058,-5251.5,32.51762473307467,38.076749337504886,44.94848965296712,15.57179527476556,15.091433446898707,10.71325596482375,8.742740426088654,1.5006297849139378,1.3601561922913206,-0.009898533613948768,-0.009947849806334138
2023-11-02,34931.4,35423.8,35907.6,34357.4,"63,66K","-1,39%",35699.43,36696.560000000005,0.0,35499.06198075444,37074.65666959444,49163.33067092852,-5.9732708846448865,-9.710454350422083,-2133.0,-4527.0,35.46555860126938,38.73307799967767,44.99837501004306,21.143066687621243,17.41581514670381,16.723987900385435,12.27052640242882,2.037524579280971,1.629083798370047,0.006126381460135333,0.006107691481021057
2023-11-01,35423.8,34648.3,35557.5,34138.7,"71,66K","2,23%",35526.759999999995,36587.74666666667,0.0,35485.37798425364,36968.14978768513,49025.96014097491,-5.037664531002861,-6.069806352733411,-1726.699999999997,-3264.399999999994,41.984532162495796,40.24971421431118,45.11409068267296,34.04054691183417,23.585136291406986,30.388626478978725,19.27529011472929,3.280434766146615,2.2728630434471797,0.014096199980533353,0.013997772444623045
2023-10-31,34650.6,34478.9,34704.6,34053.9,"43,40K","0,50%",35261.52,36485.67,0.0,35333.6001689348,36818.63044654415,48882.23935403764,-5.5854824866146275,-8.466140983476645,-2652.4000000000015,-3062.300000000003,35.69367011463112,38.693771923978225,44.96479748314161,15.346827499292646,23.51014703291602,13.727023856081274,20.279879411815134,1.5035150049134407,2.2738247834470138,-0.021827133170354562,-0.022068869117188458
2023-10-30,34477.9,34526.7,34853.3,34089.5,"45,20K","-0,14%",35039.259999999995,36373.083333333336,0.0,35178.01832003756,36667.61557902517,48738.235676766766,-3.252246968731848,-8.844812589065473,-2222.5999999999985,-3377.5999999999985,34.41395467798827,38.351214366652194,44.931419862702256,21.239292691479285,23.542222367535363,9.754077618532744,17.956575984530904,1.068359916345403,1.9507698958018242,-0.004984040680392154,-0.004996502434982147
2023-10-29,34526.7,34082.6,34737.9,33937.6,"27,72K","1,30%",34928.240000000005,36263.19666666666,0.0,35059.59680730346,36529.491993281605,48596.16618107586,-2.53880613446019,-7.307388734073231,-1110.2000000000044,-3296.600000000006,35.14401249335677,38.51034189065491,44.943026314430774,29.903553299492312,22.163224496754747,13.199050008962136,12.226717161192042,1.4800280378762531,1.350634319711704,0.0014153994297796402,0.001414398696187272
2023-10-28,34082.6,33901.6,34387.8,33867.3,"22,00K","0,53%",34793.89,36157.66333333334,0.0,34881.961024157376,36371.62799371505,48451.08410483316,-2.7378574282289865,-8.996096315797915,-1343.5,-3166.0,31.588565887808002,37.596743724576136,44.856557520413304,10.552369749546443,20.565071913506014,4.7490901069812645,9.234072578158704,0.5399562617872369,1.0294480720029695,-0.012862509304393366,-0.012945947633601983
2023-10-27,33901.8,34153.7,34245.8,33423.6,"47,33K","-0,74%",34679.869999999995,36039.329999999994,0.0,34703.749928856036,36212.28425218505,48305.651679719784,-3.1913739241677423,-10.281842961865184,-1140.199999999997,-3550.0,30.206227255959675,37.22482213786255,44.82127367954202,19.251207729468774,19.902376926169172,9.607811620991802,9.185317245645058,1.186091330520656,1.0686918767280538,-0.005304759613409593,-0.005318879808987394
2023-10-26,34153.7,34497.6,34826.0,33749.9,"56,62K","-0,99%",34593.3,35918.22,0.0,34603.74085088221,36079.472364947294,48164.19737907185,-2.601109913362894,-9.448184254970545,-865.7000000000044,-3633.300000000003,34.63436624550987,38.1072794879707,44.88198227211115,29.3921095008051,19.731895659940104,14.668890139033952,9.675263955668996,1.8108851535197015,1.1789775819425365,0.007430283937725823,0.007402815360329215
2023-10-25,34496.8,33917.0,35123.9,33713.4,"75,81K","1,71%",34536.4,35810.869999999995,0.0,34584.29705981272,35977.36447043457,48027.59255521541,-0.6391368340404283,-7.498169902743392,-569.0,-3220.5,40.36082620566986,39.309386438784365,44.964869566375285,43.20450885668294,30.615942028985604,23.688334620902868,15.988345460309532,2.6618846004072805,1.8862870281492174,0.010045763709349398,0.00999564042998994
2023-10-24,33917.0,33037.3,35191.4,32866.5,"159,08K","2,65%",34456.23,35698.333333333336,0.0,34462.97032166495,35844.437730406535,47886.56432473526,-2.9039775102057215,-9.339014402258178,-801.6999999999971,-3376.0999999999985,34.65952098216745,38.018525225644936,44.85031976808392,34.54342178816877,35.71334671521893,20.648242786382585,19.66848918210646,2.5700683068130665,2.3476126869133545,-0.016807356044618693,-0.016950202496114293
2023-10-23,33041.8,29984.2,34375.6,29891.4,"133,46K","10,20%",34267.270000000004,35552.7,0.0,34204.575717725864,35663.622392960955,47738.20498319414,-6.724292707162981,-7.739517948488831,-1889.5999999999985,-4369.0,28.020837732827005,36.1640838491175,44.677649594460966,55.600854203067406,44.449594949306366,39.0737594106193,27.80344560596824,7.1845745105417445,4.13884247258737,-0.025804169000795962,-0.026142937028414144
2023-10-22,29984.2,29912.7,30193.4,29713.6,"29,07K","0,24%",33723.310000000005,35358.386666666665,0.0,33437.23467813934,35297.20804502799,47560.778312024566,-13.467010672253865,-19.944144966772658,-5439.600000000002,-5829.399999999998,16.071455507780342,30.744330735003217,44.08176651722912,4.939939391726643,31.694738460987605,3.283781323948816,21.001927840316892,0.6146186570605107,3.456420491471779,-0.0925373315013105,-0.09710285032982854
2023-10-21,29912.9,29674.7,30264.8,29469.1,"34,68K","0,80%",33249.53999999999,35107.01333333333,0.0,32796.44655484128,34949.83333244554,47384.41987764303,-13.24036556750846,-19.920919200518274,-4737.699999999997,-7541.199999999997,15.895819478271335,30.63358373776775,44.06799189254595,7.755622739108448,22.765472111300827,5.230406599882179,15.862649111483423,1.0024439936935092,2.93387905376526,-0.0023779190373596215,-0.0023807507768225477
2023-10-20,29674.5,28724.0,30165.9,28586.1,"82,68K","3,31%",32769.2,34851.02333333334,0.0,32228.819908506503,34609.48924648131,47207.44904837036,-14.0534716610623,-18.852512811537764,-4803.4000000000015,-7679.699999999997,15.275619915138535,30.256596225910044,44.02176636358363,16.477677016940955,9.724413049258679,11.618274978650742,6.710820967493903,2.4103749767466613,1.3424792091668987,-0.007969805669126084,-0.008001734326943462
2023-10-19,28723.0,28321.8,28883.8,28170.2,"50,10K","1,42%",32188.829999999998,34589.503333333334,0.0,31591.398106959863,34229.715746708316,47022.746391906476,-15.725326119486185,-21.511993310634672,-5803.699999999997,-7845.5999999999985,13.022417620535123,28.793575260710682,43.83731493003809,7.873298011735875,10.702199255928422,5.65009863142509,7.499593403319328,1.2130601461026478,1.5419597055142777,-0.032064567221014695,-0.03258989560481761
2023-10-18,28321.7,28405.2,28876.0,28169.0,"45,01K","-0,29%",31612.74,34313.71333333333,0.0,30996.90754205807,33848.55344046907,46835.8872866662,-16.459598015444612,-21.67931373958828,-5760.899999999998,-8273.7,12.180473316065473,28.198676815269266,43.75959629519153,2.1744702665755398,8.841815098417454,1.5605359168531823,6.276303175642995,0.3350749036138514,1.3195033421543918,-0.013971381819447792,-0.014069900276818358
2023-10-17,28403.6,28508.3,28608.5,28096.9,"53,42K","-0,37%",31062.919999999995,34055.12666666667,0.0,30525.397079865696,33497.266121729124,46651.72126917465,-16.835950424112173,-25.00679869781835,-5498.200000000004,-7757.5999999999985,13.449392887333417,28.510513651460087,43.7800401792929,4.323067164705012,4.790278481005472,3.1114312380797506,3.4406885954526647,0.6719393567610138,0.740024802159176,0.002891775564319854,0.002887602424615848
2023-10-16,28509.7,27161.2,29969.5,27119.7,"119,18K","4,96%",30498.52,33742.95333333334,0.0,30158.9067017083,33175.48766226273,46470.46291710081,-17.35552283110318,-19.802358977532613,-5643.999999999996,-9365.2,15.212838510881937,28.924200259363687,43.806635695015856,17.220659836217894,7.906065755832812,12.843850198201862,5.838605784378255,2.9814762382778652,1.3294968328842485,0.003735441986227217,0.003728482548477424
2023-10-15,27161.2,26852.8,27286.9,26812.6,"21,95K","1,15%",29764.960000000003,33463.35,0.0,29613.86911957952,32787.46910340707,46277.550439014245,-19.91862487837957,-25.54148630829836,-7335.600000000002,-8388.100000000002,11.813687311620797,26.879151513711847,43.54351569378431,4.16050031030699,8.568075770409962,3.1322443258396873,6.362508587373757,0.7428353466884635,1.465416980575786,-0.047299690982367415,-0.0484548959096023
2023-10-14,26852.8,26863.5,26975.7,26805.1,"13,56K","-0,04%",29058.539999999997,33142.5,0.0,29111.85655238324,32404.587225767904,46083.492007307956,-18.73081974952939,-27.550965346801785,-7064.200000000001,-9625.500000000004,11.17896642622577,26.436929865574584,43.48348427114588,0.6300772736279073,7.337079140050927,0.4283059020014611,5.468133475347661,0.10162818147341844,1.2753132554799207,-0.011354432057493868,-0.011419385764196668
2023-10-13,26863.5,26761.1,27114.8,26682.9,"33,66K","0,38%",28440.71,32802.47,0.0,28703.064451949922,32047.097727331264,45891.48685047739,-10.407814782452093,-27.690071466063714,-6178.300000000003,-10200.900000000001,11.36255322699111,26.4803429438373,43.486201060546975,5.042016806722652,3.277531463552512,1.604035846559659,1.7215286914669263,0.38378171618003015,0.40941508144730904,0.00039846868855386575,0.00039838932098894655
2023-10-12,26761.1,26878.2,26942.8,26565.3,"32,75K","-0,43%",28118.4,32456.15666666667,0.0,28349.980006140846,31706.065615890537,45700.38440828605,-10.536591236556813,-28.260193550116618,-3223.100000000002,-10389.400000000001,11.118191354105875,26.32652968071578,43.466104376187225,5.292607109068773,3.654900396473107,1.7210614677366836,1.2511344054325917,0.4150450656695396,0.30015165444100106,-0.0038118636812031204,-0.0038191473490226877
2023-10-11,26876.6,27391.9,27475.9,26558.4,"55,78K","-1,88%",27814.77,32108.61,0.0,28082.092732297057,31394.487189058887,45512.35213728322,-9.428634012367526,-26.76775520769472,-3036.300000000003,-10426.400000000001,13.450895238739207,26.822496989240975,43.495705850576826,8.82051282051274,6.38504557876805,2.7952493060191603,2.040115540105158,0.6744025857044395,0.49107645585134146,0.004315966085101097,0.004306679015672882
2023-10-10,27391.0,27581.5,27728.1,27300.1,"34,32K","-0,69%",27586.420000000002,31798.293333333335,0.0,27956.43950824305,31136.197692990572,45331.343546404256,-4.637398600424747,-23.13865684164448,-2283.5,-9309.5,23.399350423301485,29.023883933924736,43.627824801972366,24.408548562047404,12.840556163876302,8.771781959164741,4.429364244306853,1.7646373125629178,0.9513616546456373,0.019139325658751538,0.01895847272417183
2023-10-09,27581.4,27922.7,27986.4,27279.5,"44,81K","-1,22%",27472.260000000002,31529.77666666667,0.0,27888.250506744316,30906.85590634602,45154.05165678978,-2.6138967646716096,-22.143843098732283,-1141.5999999999985,-8055.5,26.857063365643242,29.832135032366082,43.67681551597583,29.99032570138666,21.073129027982265,10.942112694134261,7.503047986439378,2.1681767604514386,1.5357388862396035,0.006951188346537185,0.006927140214569484
2023-10-08,27922.7,27961.1,28097.5,27714.4,"24,11K","-0,14%",27432.359999999997,31279.663333333334,0.0,27894.514050972622,30714.329718839825,44981.94617237397,-1.6930952414482596,-20.316477370013125,-399.0,-7503.399999999998,32.89053269472926,31.28320897884761,43.76486017559909,39.99589575210342,31.46492333851249,14.592692422881099,11.435529025393357,2.8915381762305925,2.2747840830816544,0.01237428121850237,0.01229834559145913
2023-10-07,27961.1,27935.5,28021.3,27859.0,"17,29K","0,09%",27388.109999999997,31043.633333333335,0.0,27906.620587159417,30536.701995043702,44811.94960658486,-1.9242573580220141,-20.155399578519344,-442.5,-7080.9000000000015,33.57550873398742,31.44821062261029,43.77479862639956,41.12163231802051,37.03595125717019,15.003422752748872,13.512742623254733,2.9729242833677683,2.6775464066832715,0.0013752251752157107,0.0013742804191434685
2023-10-06,27936.9,27410.3,28223.6,27195.7,"52,51K","1,92%",27330.829999999998,30807.55,0.0,27912.125934948614,30368.97283407314,44643.415478070165,2.8559121099215083,-20.330065191725275,-572.7999999999993,-7082.5,33.337242285198286,31.399057692336925,43.76989917425706,82.78284890703834,54.633458992387425,14.744577076113469,14.780230750581138,2.9216340804323644,2.9286988466769137,-0.0008654881245729884,-0.0008658628756638919
2023-10-05,27410.3,27783.5,28089.1,27371.7,"46,26K","-1,37%",27355.74,30552.366666666665,0.0,27820.884855867047,30178.090715745842,44471.311637578125,2.0761335875588394,-21.050327345205893,249.09999999999854,-7655.500000000004,28.454975707651855,30.33186858115316,43.663023325935264,51.159019937545004,58.354500387534614,9.112009583707676,12.953336470856662,1.8055423091188425,2.56670022430633,-0.0188496218263301,-0.019029540467681096
2023-10-04,27790.9,27428.7,27832.7,27242.5,"40,93K","1,32%",27449.55,30321.440000000002,0.0,27815.43306389122,30024.078411504175,44304.73363522998,3.4522679472146276,-20.441493899471535,938.1000000000022,-6927.799999999996,35.98379947648158,32.05838930276401,43.7627687103053,74.01513331731937,69.31900072063424,13.182946134428619,12.34651093141658,2.612197318921211,2.4464579028241444,0.013885291295608004,0.0137897738148594
2023-10-03,27428.4,27501.6,27670.8,27194.1,"44,06K","-0,28%",27506.04,30071.34,0.0,27745.063415910998,29856.61528818133,44136.2051687436,2.4935447347082254,-22.57070105409358,564.9000000000015,-7503.0,32.378053333367674,31.294263523268455,43.688725576106194,52.24597645928426,59.14004323804954,9.66763343000967,10.65419638271531,1.8439039898267366,2.087214539288935,-0.013043838090885829,-0.013129656027338194
2023-10-02,27505.3,27974.6,28556.6,27325.2,"84,30K","-1,68%",27580.46,29807.39,0.0,27701.470067563543,29704.9175276535,43970.1335222989,2.3392095726393993,-20.620999347774642,744.2000000000007,-7918.500000000004,33.9383717090369,31.651776630919585,43.70903108955662,47.38764888399555,57.882919553533064,10.96837715741918,11.27298557395248,2.006888147088429,2.1543298186121302,0.002803663356229169,0.002799740422800867
2023-10-01,27974.5,26962.5,28038.4,26955.7,"35,11K","3,75%",27690.25,29584.853333333333,0.0,27751.11187346108,29593.277687159723,43810.41119020867,2.13026176481326,-18.862517728747985,1097.9000000000015,-6676.0999999999985,42.87441686760317,33.82521063724124,43.83322682292061,63.6392029483416,54.424276097207134,16.403336036140377,12.346448874523068,3.00132464367085,2.28403892686201,0.01705853053775086,0.01691466756154217
2023-09-30,26962.7,26908.1,27085.7,26887.5,"17,55K","0,20%",27647.420000000002,29334.346666666665,0.0,27607.76426010452,29423.56299766555,43642.18645504239,-2.2431783738316424,-21.907683039502754,-428.2999999999993,-7515.200000000001,32.37983984388512,31.584657114901248,43.62462731818397,4.505422083757761,38.510757972031634,4.683192401251005,10.684968531603511,0.85688549780109,1.9550327628534612,-0.036168653595238465,-0.03683895153973428
2023-09-29,26909.8,27022.6,27229.5,26728.8,"42,24K","-0,42%",27580.26,29080.45,0.0,27480.861667358244,29261.384739751644,43475.1190488379,-3.627514531187892,-21.045342784881434,-671.6000000000022,-7616.899999999998,31.925869034485785,31.471905672148623,43.61372118268171,9.902615165773064,26.015746732624137,4.070427429630462,8.385651955673938,0.744767657500128,1.5343259329906944,-0.0019619696840450507,-0.0019638968676954343
2023-09-28,27022.6,26368.2,27283.6,26339.4,"64,56K","2,49%",27490.25,28845.116666666665,0.0,27397.5413642022,29116.947014606372,43310.8516819195,-3.356448780627372,-20.291547941407252,-900.1000000000022,-7060.0,34.114409557774536,32.007313635058324,43.64391446486362,30.813638823741563,15.073892024424131,7.718029823768608,5.490549884883349,1.4413046000653928,1.0143192517888753,0.004191781432786534,0.0041830203913770314
2023-09-27,26366.1,26218.9,26836.9,26109.1,"50,80K","0,56%",27330.75,28593.926666666663,0.0,27210.00657071089,28939.473013664025,43141.675467938774,-5.622671090922768,-22.801629106070497,-1595.0,-7535.700000000004,28.242730717573735,30.56933937510246,43.50764297708306,10.500510725229827,17.072254904914818,2.829679706682227,4.872712320027089,0.539555507035216,0.9085425882002508,-0.024294479435731597,-0.02459445882923441
2023-09-26,26218.9,26303.1,26396.2,26093.4,"26,41K","-0,32%",27158.95,28329.433333333334,0.0,27029.805376036184,28763.9521740728,42972.72436468338,-4.346541263685541,-23.996138772291925,-1718.0,-7934.799999999996,27.081476400879268,30.254069824297858,43.47705213793621,5.094998376096141,15.46971597502251,1.3794240492415917,3.9757111932307994,0.2633926229078126,0.7480842433361455,-0.005582926561000567,-0.0055985693443352655
2023-09-25,26302.7,26251.6,26423.6,26013.6,"38,20K","0,20%",27048.190000000002,28056.29666666667,0.0,26897.604398575062,28605.161711229393,42806.30219957791,-5.354990302581062,-22.449803933130877,-1107.5999999999985,-8194.100000000002,28.929899076102146,30.675130324280985,43.49978159640984,11.36846244593009,8.987990515752019,3.1499923728998467,2.4530320429412122,0.6057329872002024,0.4695603723810821,0.003196167650054038,0.0031910707636782784
2023-09-24,26251.5,26579.0,26727.6,26162.2,"22,32K","-1,23%",26894.25,27800.780000000002,0.0,26780.130871561414,28453.312568569432,42641.03579940402,-4.290808067550427,-20.550635861242434,-1539.4000000000015,-7665.5,28.440476806423916,30.558527985731914,43.48904301292627,9.355092410538791,8.606184410855008,2.8450131547476856,2.4581431922963652,0.49845685802465567,0.4558608227108953,-0.001946568223034184,-0.0019484652491512384
2023-09-23,26579.2,26581.7,26636.2,26517.5,"12,92K","-0,01%",26809.329999999998,27585.36,0.0,26743.597985822973,28332.40208027463,42480.695926628025,-3.366987453327172,-11.35598081656339,-849.2000000000007,-6462.600000000002,36.1252332275826,32.263331814946184,43.578638654080095,22.24144710971302,14.321667322060634,13.30447873541593,6.433161421021144,1.185065989486106,0.7630852782369931,0.012483096204026545,0.012405824752058025
2023-09-22,26581.9,26569.5,26736.4,26488.5,"28,79K","0,04%",26716.99,27471.95,0.0,26714.19835203698,28219.4664621924,42321.988769905896,-4.97810505996532,-11.135663877457551,-923.3999999999978,-3402.2999999999993,36.18796824953202,32.27750276728926,43.57937937791715,28.0669695772423,19.887836365831372,13.367990214527728,9.839160701563772,1.190723129110599,0.9580819922071253,0.00010158319287256745,0.00010157803364942097
2023-09-21,26570.0,27125.2,27155.6,26382.3,"47,81K","-2,05%",26576.54,27360.52,0.0,26687.980469848437,28113.04927108321,42164.75213748566,-1.4564565121445578,-10.461844344470842,-1404.5,-3342.9000000000015,36.01474675553389,32.246744098764864,43.57684524924421,43.81102362204736,31.37314676966756,13.399802519085831,13.35742382300982,1.1657898100248736,1.1805263095405312,-0.0004476730406781648,-0.0004477732761701078
2023-09-20,27125.0,27209.2,27378.6,26851.8,"47,23K","-0,31%",26592.77,27275.536666666667,0.0,26767.43856623963,28049.30415681978,42014.62983305743,0.7997086563259509,-5.563485708317376,162.29999999999927,-2549.5,48.73186268890844,35.22488391780011,43.730217150723824,81.42124542124553,51.09974620684506,28.09474455876036,18.287512430791296,2.3286462883926005,1.5617197425093627,0.020888219796763252,0.02067305208890147
2023-09-19,27209.2,26759.0,27480.7,26672.2,"52,17K","1,67%",26622.71,27225.076666666664,0.0,26847.758826923335,27995.10388863786,41866.85111166711,0.6905331093233152,-3.9280834130719553,299.40000000000146,-1513.7999999999993,50.39382465333751,35.66867622167602,43.75352916190026,81.49410401472295,68.90879101933861,30.223210900174468,23.905919326006877,2.505065235200823,1.9998337778727706,0.0031041474654378565,0.0030993395467837524
2023-09-18,26763.5,26530.3,27413.3,26405.2,"63,35K","0,88%",26596.8,27173.136666666665,0.0,26832.43904021,27915.64557324187,41716.10341675247,1.5072384615092922,-5.774268050528801,-259.09999999999854,-1558.2000000000007,42.324246848250475,34.378891479341135,43.65730837113807,51.11444345988687,71.34326429861845,18.956495361359014,25.75815027343127,1.571218149780108,2.134976557791182,-0.01638048895226618,-0.016516132472732478
2023-09-17,26529.1,26562.0,26614.4,26408.7,"16,57K","-0,12%",26613.1,27110.653333333332,0.0,26777.286487444544,27826.19102012949,41564.525454552255,1.1831159964758136,-6.947109229490321,163.0,-1874.5,38.70275251863657,33.71560756699256,43.606620954180684,35.13734578420007,55.91529775293663,13.031168634191962,20.736958298575136,1.080094620898312,1.7187926686264194,-0.008758196797877815,-0.008796775220235215
2023-09-16,26562.0,26599.9,26769.0,26463.5,"18,45K","-0,15%",26647.409999999996,27045.729999999996,0.0,26738.143489727354,27744.630309153392,41414.79329390483,0.9858303520170906,-2.2060880962549545,343.09999999999854,-1947.7000000000007,39.509947243970025,33.90077538422841,43.61585549720245,37.37986503987463,41.21055142798719,21.56508061344874,17.850914869666564,1.1490279148411946,1.2667802285065433,0.0012401476114909382,0.0012393792636193738
2023-09-15,26601.0,26523.3,26837.4,26233.1,"36,47K","0,29%",26677.24,27027.056666666664,0.0,26713.20830977693,27670.84770856285,41266.949234834356,1.3313524941431918,-0.937704820353927,298.2999999999993,-560.2000000000007,40.541233983461076,34.126436820893545,43.626853281484614,33.28024270003787,35.265817841370854,23.098702320094432,19.231650522578366,1.2307421538616294,1.1532882298670504,0.0014682629320081908,0.0014671860879207387
2023-09-14,26524.7,26223.0,26760.3,26148.6,"53,82K","1,15%",26704.560000000005,27016.12,0.0,26678.93407163567,27596.902695107183,41119.823598100505,-0.20504755598362628,-1.2611908351480607,273.2000000000007,-328.09999999999854,39.09244310016538,33.892259574256954,43.610128039366735,28.233616094887886,32.96457461160012,20.098309083759425,21.587364005767522,1.0708755785472932,1.150215215750044,-0.002868313221307428,-0.002872434714717908
2023-09-13,26223.0,25836.1,26382.3,25766.9,"42,58K","1,50%",26668.940000000002,26994.77,0.0,26596.036967701908,27508.26381155188,40971.15973296226,-1.3501668428517202,-2.010754415924602,-356.2000000000007,-640.5,33.78758095045326,32.96690960210216,43.54378850369034,26.613373789240214,29.37574419472199,16.34942825393408,19.848813219262635,0.9507233084587455,1.0841136802892277,-0.011374303950657305,-0.011439486084801123
2023-09-12,25834.5,25166.4,26472.6,25133.5,"78,71K","2,65%",26594.2,26963.883333333335,0.0,26457.575700847014,27400.279049516274,40820.10683555772,-2.768159578471961,-3.877350557734232,-747.4000000000015,-926.5999999999985,28.294070817060984,31.80997762303801,43.458232644225646,29.86537150647579,28.237453796867964,20.478513627998023,18.975416988563833,1.442167242024877,1.154588709676977,-0.014815238531060482,-0.014926080304686706
2023-09-11,25166.4,25840.2,25897.4,24923.1,"56,32K","-2,61%",26453.840000000004,26906.876666666667,0.0,26222.816482511193,27256.157820515225,40663.8987168882,-7.220645161290317,-8.121645796064396,-1403.5999999999985,-1710.199999999997,21.587469299609992,29.94073469241542,43.3111536449625,9.51282452299041,21.997189939568802,6.696023118205667,14.507988333379245,0.4983837862419096,0.963758112241849,-0.025860767578238297,-0.026201036457532745
2023-09-10,25840.2,25901.1,25995.1,25626.7,"23,60K","-0,24%",26325.360000000004,26855.183333333334,0.0,26153.249849327338,27164.805703062633,40515.97748829509,-5.031386442820811,-6.312950031542999,-1284.7999999999993,-1550.7999999999993,38.043975416688795,33.98779270425811,43.50495438163361,35.857835470753884,25.078677166740025,25.24012659969732,17.471554448633658,1.8786180450573404,1.273056357774714,0.026773793629601306,0.02642164731828739
2023-09-09,25901.1,25909.5,25938.5,25814.3,"13,48K","-0,03%",26194.55,26799.173333333332,0.0,26107.404422176915,27083.27630286504,40370.14417290495,-3.2222990266594485,-7.2399875370218565,-1308.1000000000022,-1680.300000000003,39.322830271634054,34.34241683668178,43.522493046418035,39.27395389928519,28.214871297676495,26.916196504747486,19.61744874088348,2.003367624104323,1.460123151801196,0.00235679290407953,0.00235402002356533
2023-09-08,25909.5,26248.5,26415.4,25701.6,"41,01K","-1,30%",26109.15,26732.066666666666,0.0,26071.421799962933,27007.54879945439,40225.853925710755,-2.3355485108804994,-7.33733651394258,-854.0,-2013.2000000000007,39.51417249834698,34.392706809615376,43.52492346963198,51.52797367183827,42.219921013959116,27.147378560616524,26.4345672216871,2.0205744625935655,1.9675200439184148,0.00032431055051729274,0.0003242579732179791
2023-09-07,26249.8,25758.0,26417.7,25626.5,"39,77K","1,91%",26081.219999999998,26675.023333333334,0.0,26103.85419996967,26958.661780134753,40086.40287364719,-1.175363300956256,-6.0389663849604,-279.2999999999993,-1711.2999999999993,47.03271068799994,36.43318920569907,43.623701991587936,69.30470668129335,53.368878084138935,36.51300399064265,30.192193018668878,2.7176562647231153,2.2471994504736728,0.01313417858314514,0.013048673141676811
2023-09-06,25758.0,25790.1,26018.4,25411.7,"37,78K","-0,13%",26000.82,26602.393333333333,0.0,26040.971618157004,26881.19972980348,39943.44008134982,-3.169053794970114,-6.028025961043839,-804.0,-2178.9000000000015,39.20694481582459,34.8144029228675,43.51315935799014,43.61385362795801,54.81551132702987,22.977845052979262,28.879409201412802,1.7102368398412084,2.149489189052635,-0.018735380840996907,-0.01891311149051009
2023-09-05,25790.2,25824.4,25864.0,25596.3,"28,40K","-0,13%",25919.739999999998,26548.39,0.0,25995.376778492096,26810.81265046132,39802.22884944452,-2.769117087092408,-7.1991191361201,-810.7999999999993,-1620.0999999999985,39.93402152860815,35.00998523061649,43.52257665853038,47.19682124972795,53.3717938529931,23.86404293381044,27.78496399247744,1.7761963873832953,2.0680298306492113,0.001250097057224897,0.001249316336482055
2023-09-04,25823.3,25971.0,26094.2,25660.9,"27,13K","-0,57%",25849.6,26482.803333333333,0.0,25964.090091493534,26747.10215688317,39662.76054821509,-1.524234450673076,-5.851963658106204,-701.4000000000015,-1967.6000000000022,40.743475308139125,35.21668332646615,43.53230252418482,58.09616005162961,49.635611643105186,24.775010320627512,23.872299435805726,1.8439995247635101,1.7768109173293432,0.001283433242084131,0.0012826103456538573
2023-09-03,25971.0,25869.7,26090.4,25816.6,"21,36K","0,39%",25824.4,26434.223333333335,0.0,25965.346438494707,26697.031049987483,39526.160995344144,0.5283632352087325,-5.578197656451663,-252.0,-1457.4000000000015,44.45472850807166,36.154027544341126,43.57587854983752,67.62826718296235,57.640416161439965,28.839961469657393,25.826338241365104,2.146553101532641,1.9222496712264874,0.005719640789519476,0.005703345749131769
2023-09-02,25869.7,25803.5,25977.4,25752.7,"21,24K","0,26%",25827.920000000002,26379.70333333333,0.0,25947.956176950218,26643.654853214095,39389.917231434905,2.79459914807044,-7.5239950669359565,35.20000000000073,-1635.5999999999985,42.42965697279111,35.78665287032686,43.552711613380076,63.33467148400915,63.01969957286703,30.38551664366197,28.000162811315615,1.939046823085027,1.976533149793731,-0.00390050440876355,-0.003908131214805097
2023-09-01,25803.2,25938.3,26144.9,25361.9,"58,08K","-0,52%",25891.6,26307.326666666668,0.0,25921.636872050178,26589.43195945835,39254.37282560999,-0.1431877462248744,-4.300385347164787,636.7999999999993,-2171.2999999999993,41.065181163428946,35.541395278747984,43.537440367579734,41.79768895624167,57.58687587440438,34.41116671879893,31.212214944039417,1.802826018378547,1.96280864766541,-0.002570574842383211,-0.0025738844428270834
2023-08-31,25937.3,27300.6,27464.5,25731.0,"69,11K","-4,99%",25901.31,26273.146666666667,0.0,25924.4847134956,26547.358929815873,39121.521911649834,0.13976240391335013,-3.6139250384618244,97.09999999999854,-1025.4000000000015,45.026283318672476,36.44994293574735,43.577535843151274,27.366118139446314,44.16615952656571,39.65436346574913,34.817015609403335,2.077520904260333,1.9397979152413074,0.005197029825757982,0.005183571873700602
2023-08-30,27298.8,27723.9,27757.3,27043.2,"46,54K","-1,53%",26041.079999999998,26286.113333333335,0.0,26174.360220132763,26595.83899886001,39003.58165475111,5.36212586117061,1.0221074211955945,1397.7000000000007,389.0,68.73316307411868,44.64473389697847,43.98343399650106,80.8591466978375,50.00765126450849,83.8225954413944,52.629375208647474,4.866462642724581,2.9156031884544924,0.0524919710224272,0.05116065806304797
2023-08-29,27723.9,26118.1,28046.0,25919.8,"98,32K","6,14%",26222.52,26309.49,0.0,26456.094725563173,26668.617127965816,38891.06148661542,5.615661833613979,5.149794622640448,1814.4000000000015,701.3000000000029,72.80213799283763,46.85811210569322,44.109602978624885,87.99970194851166,65.40832226193181,89.68586890390348,71.05427593701565,5.737251576269318,4.227078374418082,0.015572113059914905,0.01545211188525115
2023-08-28,26118.9,26100.6,26215.7,25891.0,"28,84K","0,07%",26209.43,26301.25,0.0,26394.786593642595,26633.15150680673,38763.6563389031,1.4011180992313124,-0.3814042541830512,-130.89999999999782,-247.1999999999971,47.09256618833813,40.52865996748053,43.73580743666505,28.203122089340948,65.68732357856337,38.291331774952845,70.59993204008356,2.4495163649324696,4.351076861308795,-0.05789228788157508,-0.05963566686779836
2023-08-27,26100.6,26017.1,26176.8,25968.7,"14,29K","0,32%",26243.690000000002,26297.306666666667,0.0,26341.298122071214,26598.793345077265,38637.342693748986,1.2035579406130927,-0.7683621833500066,342.59999999999854,-118.30000000000291,46.88281812346083,40.464190882886534,43.73156076271268,27.521329309638148,47.90805111583024,37.70533798712733,55.2275128886612,2.417844617292671,3.534870852831492,-0.0007006420637929445,-0.0007008876281522351
2023-08-26,26017.1,26057.2,26114.1,25993.5,"12,09K","-0,15%",26266.379999999997,26287.786666666667,0.0,26282.353008967355,26561.264742169053,38511.45922592388,0.7504850270879372,-0.8929013580176426,226.89999999999782,-285.6000000000022,45.84754586686413,40.16263341849512,43.7120970486201,24.410416899519298,26.711622766166126,35.03154119568349,37.00940365258787,2.279470596079477,2.382277192768211,-0.0031991601725630536,-0.0032042884257910925
2023-08-25,26057.2,26176.1,26265.7,25811.6,"39,96K","-0,46%",26289.77,26281.309999999998,1.0,26241.41609824602,26528.744436222663,38387.23443850397,0.3319086673597502,-1.9639417288706957,233.90000000000146,-194.29999999999927,46.478193855639745,40.38335657418604,43.724185964102865,25.904399985097413,25.945382064751612,36.31560408594581,36.350827756252194,2.3701941966711577,2.3558364700144403,0.0015412939951033877,0.001540107420597352
2023-08-24,26177.0,26436.2,26560.5,25943.6,"41,04K","-0,98%",26310.370000000003,26267.903333333332,1.0,26229.704080383108,26506.051246788942,38265.44662333413,1.1878761640065376,-1.5232169258029014,206.0,-402.2000000000007,48.47022910656618,41.05533545975032,43.760452281358404,30.367721023806826,26.89417930280784,40.15178199750235,37.16630909304387,2.78754707417601,2.4790706223088868,0.00459757763689117,0.004587041059639138
2023-08-23,26436.2,26042.0,26807.7,25812.6,"60,96K","1,52%",26367.02,26263.04666666667,1.0,26267.248793040726,26501.544714738044,38147.46170293738,2.4531841011967503,-0.50357546104629,566.5,-145.70000000000073,52.70220176101889,42.50582105121618,43.839151501649106,40.024589247792555,32.09890341889893,48.45175958243944,41.63971522196252,3.3638722213206096,2.8405378307225972,0.009901822210337308,0.009853120396045398
2023-08-22,26039.9,26126.8,26138.8,25481.9,"47,72K","-0,33%",26390.689999999995,26245.376666666663,1.0,26225.912648851503,26471.761184754945,38026.70373589443,0.3955693152332825,-4.000368663594465,236.70000000000073,-530.0999999999985,46.24954360026744,40.91343913150987,43.745087404104204,21.762021762021774,30.718110677873714,35.76163181658082,41.455057798840855,2.4828316018576837,2.8780836324514394,-0.014990808058646832,-0.015104305933434765
2023-08-21,26126.0,26190.8,26220.9,25850.8,"41,10K","-0,25%",26409.559999999998,26212.076666666664,1.0,26207.74671269668,26449.45401154495,37908.011712575775,-4.296159538148194,-3.9810064242976666,188.70000000000073,-999.0,47.7925887286448,41.40678161721673,43.77143098344284,25.119925119925078,28.968845376579797,38.518684556021675,40.91069198501396,2.7251925690983265,2.857298797425545,0.003306464310538715,0.0033010099771524186
2023-08-20,26190.8,26099.5,26269.1,25998.5,"24,00K","0,35%",26298.760000000002,26178.13,1.0,26204.665492206375,26432.766655961404,37791.152473024005,-5.529885766432581,-2.1398546527920517,-1108.0,-1018.4000000000015,49.01651521498672,41.78521393882789,43.791340757353666,27.64712764712758,24.843024843024807,40.59367895225592,38.29133177495279,2.8719981875849583,2.6933407861803276,0.0024802878358722857,0.002477216998656564
2023-08-19,26099.4,26053.3,26262.2,25799.5,"33,04K","0,18%",26136.309999999998,26155.993333333336,0.0,26185.526311805217,26411.259129770347,37674.549833602185,-0.07465858056809437,-1.6197307861932637,-1624.5,-664.0999999999985,47.27941856937008,41.39510642185644,43.769370876047375,46.575652436264924,33.11423506777252,37.66691216497494,38.9264252244175,2.664929768917088,2.7540401752001293,-0.0034897750355085133,-0.0034958785043671297
2023-08-18,26053.2,26635.7,26801.9,25691.0,"93,05K","-2,19%",26129.739999999998,26140.13,0.0,26161.466982386086,26388.15854075291,37558.65196914403,-0.1816050205742313,-1.9155184097582985,-65.70000000000073,-475.8999999999978,46.35674568016352,41.19400518362325,43.7582183871658,43.09096394629655,39.104581343229675,36.187518012104185,38.149369709778334,2.5936381162214315,2.710188690907831,-0.001770155635761772,-0.0017717242126059256
2023-08-17,26635.7,28726.1,28771.8,25489.4,"132,92K","-7,28%",26183.25,26142.58666666667,1.0,26247.691167406796,26404.12895747853,37449.721575855336,2.377666995937296,0.13044622382617468,535.1000000000022,73.70000000000073,57.873757260706824,44.698154295127004,43.93922376357218,35.070974801665706,41.579197061409054,44.49814222984389,39.45085746897433,4.392160483378732,3.2169094561724223,0.022358098045537567,0.02211181988649817
2023-08-16,28726.3,29195.3,29251.1,28717.6,"43,71K","-1,61%",26454.170000000002,26213.43,1.0,26698.34731878738,26553.946444092817,37362.72819778947,10.243234115714653,8.300188126538654,2709.2000000000007,2125.2999999999993,77.30468190971115,54.71656087631631,44.58254943709835,86.0766210336411,54.746186593867776,87.87430683918672,56.18665569371158,9.753745620919057,5.579848073506412,0.07848864493893526,0.0755606582232062
2023-08-15,29195.3,29426.7,29472.0,29118.6,"33,81K","-0,79%",26767.98,26302.45,1.0,27152.338715371494,26724.356350925536,37281.28120703224,11.530351071551358,11.334706173969414,3138.0999999999985,2670.5999999999985,79.64498233987099,56.543559946230886,44.725562242524354,93.06533670835316,71.40431084788666,93.91721075424827,75.42988660775961,10.956550284415858,8.367485462904554,0.016326502194852877,0.016194657959092508
2023-08-14,29426.7,29300.1,29689.0,29116.0,"39,30K","0,43%",27092.95,26409.239999999998,1.0,27565.858948940313,26898.70110247873,37202.95569704125,11.312140171431597,13.904662370086514,3249.7000000000007,3203.7000000000007,80.73409487867112,57.42038791215492,44.796204529863246,93.76530151410712,90.96908641870046,94.49631758954239,92.09594506099245,11.550002308153942,10.753432737829625,0.007925933283781994,0.007894688064334434
2023-08-13,29300.1,29428.2,29468.5,29272.3,"13,49K","-0,44%",27379.339999999997,26524.76,1.0,27881.175503678438,27053.630063609133,37124.150506493825,12.520017357977553,16.42547205798206,2863.899999999998,3465.5999999999985,78.19086774158463,56.77206916819974,44.764747057453306,90.75610277863608,92.52891366703211,91.8399462850668,93.4178248762858,11.225321987474416,11.243958193348078,-0.004302215335052928,-0.004311496492705627
2023-08-12,29428.2,29420.8,29480.8,29375.4,"11,07K","0,02%",27718.170000000002,26666.82,1.0,28162.45268482781,27206.828124021446,37047.41016881798,12.639516190767822,13.88534144472566,3388.2999999999993,4261.799999999999,78.93684320612181,57.276989644412595,44.80416384854361,93.78988475092868,92.77042968122396,93.97286866492571,93.43637751317829,13.805731166550736,12.193685154059702,0.004371998730379856,0.004362469308913813
2023-08-11,29420.8,29448.9,29544.9,29271.2,"27,71K","-0,10%",28047.65,26786.173333333332,1.0,28391.243105768208,27349.665019245866,36971.36287757744,12.332574797257053,13.588998150657696,3294.7999999999993,3580.5999999999985,78.76391988826924,57.23703736812781,44.80230764835859,93.61367749309456,92.71988834088643,93.80185343532618,93.20488946177288,15.004336802775557,13.34512998560024,-0.0002514594844401641,-0.00025149110567740596
2023-08-10,29449.0,29578.0,29719.4,29377.5,"32,00K","-0,44%",28373.47,26904.436666666665,1.0,28583.56254108308,27485.105985746133,36896.35664804846,12.834011509843132,13.661012369980124,3258.2000000000007,3547.9000000000015,78.95908995210722,57.35430473905568,44.81106459612615,93.6075650118203,93.67037575194784,93.79460699942625,93.85644303322603,16.15602365985215,14.988697209726153,0.000958505547095978,0.0009580464739800704
2023-08-09,29578.0,29771.3,30104.0,29384.2,"49,67K","-0,67%",28721.329999999998,27026.719999999998,1.0,28764.36935179525,27620.131406020577,36823.38610645231,13.529240170113457,12.678953744409485,3478.5999999999985,3668.5,79.89810787106343,57.900626990719495,44.85128854727553,88.60139557058034,91.9408793584984,88.90786782227283,92.16810941900842,16.61651263488936,15.925624365839028,0.004380454344799389,0.004370888080880104
2023-08-08,29777.4,29204.2,30168.6,29137.7,"62,57K","1,96%",29093.75,27144.306666666664,1.0,28948.556742377932,27759.310024986993,36753.132792265606,11.79507202739181,15.604472396925233,3724.2000000000007,3527.600000000002,81.32919274059542,58.74571407676357,44.913660449537296,91.63959651222436,91.282852364875,91.8613601847422,91.52127833548042,17.32830722110968,16.700281171950405,0.006741497058624812,0.006718874782420765
2023-08-07,29204.2,29081.3,29270.2,28721.0,"41,19K","0,42%",29350.6,27259.18,1.0,28995.037334672856,27852.52873305235,36677.866292890765,1.663632281219654,13.237586370016519,2568.5,3446.2000000000007,66.26202355833578,55.436492363767194,44.767384378176075,33.53549276361145,71.25882828213871,79.93633886034081,86.90185562245193,15.28216551187455,16.408995122624535,-0.019249497941391858,-0.019437181979674048
2023-08-06,29081.3,29067.9,29198.9,28987.4,"16,03K","0,05%",29386.1,27368.883333333335,1.0,29010.721455641426,27931.804298661875,36602.126397022286,-0.39047380914051233,12.61651299407899,355.0,3291.0999999999985,63.461132525482604,54.75238902558262,44.73598836566318,24.889472229897734,50.021520501911176,77.3794911269686,83.05906339068386,14.843451596897234,15.817974776627159,-0.004208298806336108,-0.004217178617112173
2023-08-05,29068.1,29105.6,29139.3,28983.0,"14,55K","-0,13%",29373.379999999997,27477.04333333333,1.0,29021.153918252076,28005.113698748202,36527.011546123045,-1.2186211841626895,11.92522428862962,-127.20000000000073,3244.7999999999993,63.14261478963655,54.677420444897706,44.73260198402057,23.97761812655422,27.467527706687793,77.10487444608566,78.14023481113168,14.796331794800398,14.9739829678574,-0.0004538999288202783,-0.0004540029725751849
2023-08-04,29105.5,29189.1,29319.1,28875.8,"31,43K","-0,29%",29341.26,27581.526666666665,1.0,29036.489569478974,28076.10636334509,36453.01994475769,-0.6641615557626034,12.508069285689432,-321.2000000000007,3134.5,63.71593454249919,54.85858461755937,44.74451245320777,26.561204752694138,25.142765036382027,77.88295504192067,77.45577353832496,14.992669278721554,14.877484223473067,0.0012866338013148848,0.0012858067973370503
2023-08-03,29189.3,29180.9,29409.8,28981.0,"36,08K","0,05%",29330.180000000004,27692.18,1.0,29064.27328411916,28147.925307645408,36380.60292903624,-0.8118063626045814,13.122790971662424,-110.79999999999927,3319.5999999999985,65.06868360848262,55.272987964766294,44.77131486595542,32.35009671179882,27.62963986368239,79.62635487964717,78.20472812255116,15.293067539422792,15.02735620431492,0.002879180910824397,0.002875044008157614
2023-08-02,29173.7,29711.8,30025.9,28961.6,"67,41K","-1,81%",29304.73,27804.529999999995,1.0,29084.169050642948,28214.10432005538,36308.75375782462,-0.8398819882532037,12.47778296121802,-254.5,3370.5,64.57074572001409,55.175444593724315,44.76725215044197,31.2724509533021,30.06125080593168,78.77184372799628,78.76038454985469,15.23714614482925,15.174294320991203,-0.0005344424155426797,-0.0005345852807948799
2023-08-01,29712.2,29232.3,29712.2,28611.0,"64,01K","1,64%",29333.870000000003,27930.36,1.0,29198.356495980595,28310.755654245357,36242.9907242357,0.8937485143807964,8.84068164168389,291.40000000000146,3774.9000000000015,72.60997165331466,57.83276722075564,44.94058711178619,70.69851052901912,44.77368606470668,90.26180468133232,82.8866677629919,17.167509669741154,15.899241117997738,0.018458406030088748,0.01829011739238062
2023-07-31,29232.4,29282.0,29502.3,29128.3,"31,84K","-0,17%",29312.210000000003,27994.813333333335,1.0,29204.546223984125,28370.216579777916,36173.10136286407,-1.1684359997295237,5.4411536616421206,-216.59999999999854,1933.6000000000022,59.29094165080523,54.83640009171045,44.814647902639095,39.894709809964176,47.28855709742846,80.02432415132188,83.01932418688348,15.447568315511385,15.950741376693934,-0.016148248867468573,-0.016280052698312918
2023-07-30,29281.7,29354.2,29446.6,29054.5,"20,58K","-0,24%",29282.580000000005,28046.739999999998,1.0,29218.574183259738,28429.02196172773,36104.4015094137,-1.6646852982463232,12.10923890362917,-296.2999999999993,1557.7999999999993,60.12598771712659,55.08376286955904,44.830613455781176,43.0598356445815,51.21768532785492,81.0762370111166,83.78745528125692,16.090757394527394,16.23527845992665,0.0016864848592657022,0.0016850643405733555
2023-07-29,29353.5,29315.0,29400.1,29256.9,"13,90K","0,13%",29240.190000000002,28154.56,1.0,29243.106149939787,28488.665706132393,36037.10354504013,0.5112278370919227,12.462931886623302,-423.90000000000146,3234.5999999999985,61.40702751795487,55.45136748619918,44.85396571391182,52.477206869743384,45.143917441429686,82.60823180489473,81.2362643224444,17.44011651937726,16.326147409805348,0.0024520434264403423,0.0024490420732554367
2023-07-28,29315.0,29222.7,29533.0,29125.1,"31,42K","0,32%",29251.27,28261.706666666665,1.0,29256.177759041642,28541.977596059336,35970.093898928724,0.8036091921612883,12.675893931299036,110.79999999999927,3214.4000000000015,60.2537064435639,55.20076680701561,44.84373641843615,49.756166513534474,48.43106967595312,81.78675827341202,81.82374236314111,17.322179362788024,16.951017758897564,-0.0013115982761850997,-0.0013124591740545884
2023-07-27,29222.7,29352.9,29568.8,29094.0,"30,42K","-0,44%",29265.409999999996,28368.559999999998,1.0,29250.09089376135,28585.895170507123,35902.83337574126,0.5318545071745391,12.14827379764518,141.40000000000146,3205.600000000002,57.38284211402445,54.58892555121224,44.81910859778905,43.23273729592198,48.488703559733274,79.8173554953379,81.40411519121487,17.914552136196605,17.558949339453967,-0.003148558758314879,-0.0031535258984040147
2023-07-26,29352.2,29228.8,29681.8,29109.7,"44,33K","0,42%",29293.82,28478.393333333333,1.0,29268.656185804743,28635.334191764727,35837.53541769628,0.8476061225541589,12.129732207663219,284.1000000000022,3295.0,60.32945211435127,55.30790370912769,44.861807990565154,52.38532758498834,48.458077131481595,82.58049373759792,81.39486916878259,18.454121980283837,17.89695115975616,0.004431486481399682,0.004421696357726847
2023-07-25,29228.6,29178.3,29365.4,29058.7,"29,05K","0,17%",29306.130000000005,28580.113333333335,1.0,29261.373242931153,28673.60940519926,35771.65747575184,0.13463837776171156,10.56278890309499,123.09999999999854,3051.5999999999985,56.208068593238416,54.45661568026879,44.8285333679024,43.64972789596423,46.42259759229151,79.94324364691573,80.78036429328382,17.93913485496196,18.102602990480804,-0.004210927971327605,-0.004219818896659806
2023-07-24,29178.1,30085.9,30098.2,28890.7,"55,73K","-3,02%",29305.01,28671.51,1.0,29246.232653307306,28706.157185508982,35705.933988710756,0.015082077350482857,12.051505574138138,-11.200000000000728,2741.899999999998,54.51732184819069,54.104634083989616,44.8148841278626,38.13206024744475,44.72237190946577,78.86572641730855,80.46315460060738,17.728723448580453,18.040660094608754,-0.001727759796911199,-0.0017292540953096213
2023-07-23,30085.9,29788.9,30337.0,29735.7,"23,32K","1,00%",29396.230000000003,28806.376666666667,1.0,29398.899443615068,28795.172850960018,35649.91540738602,1.2577325139168447,15.156931792084519,912.2000000000007,4046.0,71.58768620429582,59.02917828857075,45.11678834395911,85.45191193511018,55.744566692839705,94.82011717138381,84.54302907853601,21.51112888844447,19.059662397328967,0.031112375377423618,0.03063819558148432
2023-07-22,29788.9,29904.5,29988.0,29657.3,"18,47K","-0,38%",29403.9,28928.473333333335,1.0,29469.808635685058,28859.28427993034,35591.4958225877,1.903709582518028,13.738030147990907,76.70000000000073,3662.9000000000015,62.993299692323475,56.96064906622471,45.035776584340894,62.103298070939715,61.895756751164875,88.69337404076246,87.45973920981827,20.273659825171052,19.837837387398665,-0.009871733935165605,-0.009920782564240333
2023-07-21,29903.1,29801.0,30058.9,29739.9,"32,59K","0,34%",29470.97,29052.216666666667,1.0,29548.588883742323,28926.62722961225,35534.79779823671,2.122144547618471,14.573898250534484,670.6999999999971,3712.2999999999993,64.79881424606968,57.55232209361176,45.0738897749357,69.99930858051569,72.51817286218852,91.04917897516293,91.52089006243638,20.749481262968427,20.844756658861325,0.003833642732695708,0.0038263130513420977
2023-07-20,29801.0,29909.7,30408.0,29621.4,"50,33K","-0,36%",29522.9,29175.603333333333,1.0,29594.481813970993,28983.03837608888,35477.64821340367,1.5245200742671232,14.385181090998417,519.2999999999993,3701.5999999999985,61.80344449654547,56.829760655493295,45.04582340160651,59.99472747643839,64.03244470929793,87.65908998495506,89.13388100029347,20.324075231452554,20.449072106530682,-0.0034143617216944033,-0.0034202039568043247
2023-07-19,29909.7,29866.7,30185.5,29789.3,"34,96K","0,14%",29578.519999999997,29304.153333333332,1.0,29651.794211430817,29042.82299698637,35422.15261274203,2.028654272556714,12.291773822351205,556.2000000000007,3856.5,63.78381899544789,57.41854932115331,45.08241264509462,67.1587688657484,65.71760164090082,89.86906843410728,89.5257791314084,20.776980575485624,20.616845689968873,0.00364752860642259,0.0036408925059706093
2023-07-18,29866.8,30139.7,30242.4,29624.6,"42,40K","-0,91%",29633.7,29411.856666666667,1.0,29690.88617298885,29095.98280363241,35366.78347823514,2.204108449937886,3.9702293716907504,551.7999999999993,3231.0999999999985,62.365886794839376,57.10059362276433,45.07050982517175,64.33137810584584,63.828291482677535,69.88313856427375,82.47043232777868,20.5982350441239,20.566430283687364,-0.0014343172950581629,-0.0014353469127596997
2023-07-17,30139.7,30235.5,30335.9,29693.3,"42,84K","-0,32%",29725.4,29458.969999999998,1.0,29772.48868699088,29163.31939694645,35314.68700195498,2.682933476877372,3.2347672399324603,917.0,1413.4000000000015,67.47622485405645,58.60890435022931,45.16307315819163,82.31727410531869,71.26914035897097,85.06956037840851,81.60725579226316,21.735289951084567,21.03683519023137,0.009137235994482129,0.009095744010188431
2023-07-16,30235.5,30291.8,30435.0,30075.4,"20,31K","-0,18%",29813.73,29493.64333333333,1.0,29856.67256208345,29232.492339078934,35264.065387008144,3.4449135435840295,2.748524299360782,883.2999999999993,1040.2000000000007,69.1121917095804,59.1307255217931,45.19565587497697,87.08152561030887,77.91005927382446,89.0625,81.33839964756073,22.13444663883404,21.489323878014172,0.0031785319694621617,0.003173491115573989
2023-07-15,30291.4,30316.8,30395.4,30246.9,"17,06K","-0,09%",29920.01,29522.466666666667,1.0,29935.713914431915,29300.808962364168,35214.50622199087,3.8155328825386263,3.383264903532762,1062.800000000003,864.7000000000007,70.08769169790183,59.439391519039724,45.21474566210405,90.70128860972618,86.70002944178458,92.12719298245622,88.75308445362157,22.36735748272961,22.07903135754941,0.0018488200955830703,0.0018471131312995737
2023-07-14,30317.4,31465.4,31602.6,29944.3,"82,42K","-3,65%",30033.940000000002,29556.376666666667,1.0,30005.1113845352,29366.39548092132,35165.70088791636,0.7694634363605543,3.02159153465044,1139.300000000003,1017.3000000000029,70.56806408504947,59.58625228364668,45.22366469023252,35.13022410660211,70.97101277554572,57.03971119133582,79.409801391264,22.475688107797318,22.325830743120324,0.0008583294268340591,0.0008579612727814843
2023-07-13,31466.1,30387.3,31764.5,30260.0,"99,81K","3,55%",30171.96,29624.306666666664,1.0,30270.745678256073,29501.860288603813,35128.830667714676,5.630285106197265,6.951884381118119,1380.199999999997,2037.8999999999978,83.54240392954985,65.32451465680705,45.61678809227036,86.07624469226813,70.6359191361988,90.53749801807511,79.90146739728904,27.261818454538638,24.03495468168853,0.03788913297314411,0.037188970728246555
2023-07-12,30387.3,30623.3,30951.3,30231.7,"54,06K","-0,77%",30231.8,29656.523333333334,1.0,30291.9373731186,29558.985431274534,35081.57732023072,1.619230113265851,3.1861862881591883,598.3999999999978,966.5,57.22080734546645,57.4056409036164,45.3098577253565,35.73794969903403,52.31480616596807,56.32788964642459,67.96836628527849,22.766930826729336,24.168145796355102,-0.03428451571691438,-0.0348860178796724
2023-07-11,30623.3,30414.2,30782.2,30333.8,"39,84K","0,68%",30303.819999999996,29695.666666666668,1.0,30352.185123460666,29627.65088732134,35037.14752379741,2.7593033790812362,3.5340455744134127,720.2000000000007,1174.2999999999993,60.26392525772831,58.5429536503852,45.39064262798375,46.75003499603371,56.18807646244528,63.81163786269223,70.22567517573063,23.750239577343905,24.592996286203967,0.007766402411533813,0.00773639915311898
2023-07-10,30415.3,30166.9,31019.6,29969.1,"55,24K","0,82%",30365.25,29723.576666666668,1.0,30363.660555558723,29678.46695910706,34991.088348982936,1.6904215020545126,2.14222867006521,614.2999999999993,837.2999999999993,56.33923012402443,57.15162105140583,45.33132990476018,36.950324781531855,39.81276982553319,57.21579197716821,59.118439828761666,22.883594576802253,23.133588326958503,-0.006792213771866562,-0.006815385841869582
2023-07-09,30166.9,30288.8,30425.5,30071.9,"20,05K","-0,40%",30390.97,29736.56,1.0,30327.8859090935,29709.97876819693,34943.01347475939,1.00479462145259,3.2964436622129716,257.2000000000007,389.5,51.85787866763272,55.52146652915495,45.26034523422682,25.34230571522046,36.347555164262,49.33882987157131,56.78875323714391,21.8486204511554,22.827484868433856,-0.008166942295489421,-0.008200474463704348
2023-07-08,30288.8,30346.8,30379.9,30055.9,"17,41K","-0,19%",30433.169999999995,29772.71333333333,1.0,30320.77938016741,29747.322073474545,34896.6331667251,0.49469636393195204,4.152152757957863,422.0,1084.5999999999985,53.85909399254653,56.15633310088836,45.3025889308306,28.751448435689447,30.348026310813907,53.204376090058645,53.25299931293271,22.356524420222833,22.362913149393503,0.004040852722686061,0.004032710404558094
2023-07-07,30346.4,29912.7,30442.0,29757.4,"46,42K","1,45%",30453.840000000004,29814.883333333335,1.0,30325.43767468242,29785.97226228264,34851.28972568626,0.36678738568901276,4.397604246579594,206.70000000000073,1265.1000000000022,54.84458952475893,56.460114597364424,45.32262733793942,29.345822330725944,27.81319216054527,55.03091802758844,52.52470799640613,22.59651842037284,22.26722109725036,0.0019016930350492789,0.0018998871060354524
2023-07-06,29913.1,30512.8,31463.6,29869.0,"90,81K","-1,97%",30421.6,29843.05,1.0,30250.467188376526,29794.174051812795,34802.08099606594,-1.248869316043507,2.774733297830302,-322.40000000000146,845.0,46.53674693261834,53.57157500361947,45.197442017317904,7.757461013402282,21.95157725993921,41.29062945933086,49.84197452565931,20.79114688799447,21.914729909530053,-0.014278464661376722,-0.014381382787788268
2023-07-05,30512.8,30768.6,30875.6,30233.3,"43,23K","-0,83%",30443.74,29889.960000000003,1.0,30298.164063217155,29840.53701621197,34759.33922607071,0.6445143712851293,4.534195749812431,221.39999999999782,1407.2999999999993,56.63783725323199,56.74032814338341,45.40718916455934,37.63639081261513,24.91322471891444,60.30759473600759,52.209714074308955,23.28983442080615,22.22583324305782,0.020048072583583876,0.019849756169502675
2023-07-04,30768.4,31152.0,31326.5,30657.8,"42,12K","-1,23%",30488.839999999997,29942.596666666668,1.0,30383.66150626858,29900.399144198294,34719.57094630832,-2.2173068794671,5.466224716097035,451.0,1579.1000000000022,60.19899493677508,58.00407945294508,45.49654501356351,50.37118230282501,31.921678042947462,68.41287458379583,56.670366259711415,24.35480779647177,22.811929701757467,0.008376812354159657,0.008341921575143674
2023-07-03,31151.3,30617.5,31377.0,30581.5,"56,49K","1,74%",30457.359999999997,30008.516666666666,1.0,30523.232141492474,29981.10242521776,34684.01491630533,2.5142082383100837,4.843464973983746,-314.7999999999993,1977.5999999999985,64.98541935854877,59.822959722468475,45.63052628516202,81.69616692064238,56.56791334536083,80.55493895671474,69.75846942550605,25.950184578718872,24.531608931998935,0.012444586003822034,0.012367788628054658
2023-07-02,30617.7,30587.1,30769.0,30227.9,"28,82K","0,10%",30480.4,30038.7,1.0,30540.40811576657,30022.173236494036,34643.49670534721,-0.018286729385789725,4.7389198286832395,230.40000000000146,905.5,54.78403466244356,56.30723456907163,45.473962887012036,50.421990387996765,60.82977987048804,60.09464820098825,69.68748724716626,23.726906827329326,24.677299734173328,-0.017129301184862222,-0.017277704806052535
2023-07-01,30586.8,30472.9,30649.9,30329.0,"22,46K","0,37%",30476.75,30083.846666666665,1.0,30548.843003809012,30058.600769623452,34603.074903926106,0.5638609515605633,4.457049966361238,-36.5,1354.3999999999978,54.236221111365246,56.10969647686476,45.46488404566775,48.61094830617743,60.24303520493885,59.01941680005564,66.5563346525862,23.598160045998853,24.42508381734902,-0.001009220156968027,-0.0010097297625289632
2023-06-30,30472.9,30445.7,31275.5,29714.5,"118,65K","0,09%",30482.51,30123.553333333333,1.0,30535.035184934644,30085.32975222839,34561.921524668716,1.0143567950303145,3.8135145723678656,57.60000000000218,1191.2000000000007,52.10239427012596,55.36899737562473,45.4312820725202,43.359441998742334,47.46412689763883,55.05602338367323,58.056696128239025,23.123588576952255,23.482885150093484,-0.0037238285796487025,-0.0037307792901623512
2023-06-29,30445.7,30077.3,30823.1,30051.3,"49,57K","1,22%",30510.390000000003,30159.960000000003,1.0,30518.792424037438,30108.57944563301,34520.90774508512,0.5180132590264436,3.857069759508786,278.7999999999993,1092.2000000000007,51.56409986914534,55.1890170661452,45.42322478697171,41.80435652621356,44.59158227704442,54.10954137379081,56.061660519173216,23.01025807688142,23.244002233277513,-0.000892596372514598,-0.0008929949738677773
2023-06-28,30078.6,30691.9,30703.4,29919.5,"51,06K","-1,99%",30489.370000000003,30185.413333333334,1.0,30438.757437848813,30106.645287850235,34476.645468294904,-0.8824769989191565,2.928887474463338,-210.20000000000073,763.5999999999985,44.646953264990515,52.79308704101771,45.314216218921906,20.816419873077514,35.32673946601113,41.33551395365016,50.167026237038066,21.480712982175447,22.538186545336377,-0.012057531933902021,-0.012130813632072385
2023-06-27,30689.1,30267.0,30993.7,30231.3,"55,82K","1,39%",30523.640000000003,30234.293333333335,1.0,30484.27426733085,30144.223011214734,34438.9076249689,2.5941811447158605,4.554684146333146,342.6999999999971,1466.3999999999978,55.64226761787796,56.07380992457479,45.532688735626024,55.72008461494479,39.44695367141194,62.579163476929445,52.67473960145679,24.02439939001525,22.83845681635738,0.020296822325507113,0.02009358724313765
2023-06-26,30267.0,30466.3,30645.9,29986.3,"58,71K","-0,65%",30559.030000000006,30264.786666666667,1.0,30444.769855088874,30152.144107265394,34397.34068272306,-0.8055635667654206,3.552684699232948,353.90000000000146,914.7999999999993,48.27545431044948,53.41853868924426,45.40663715014185,33.23308270676692,36.58986239826306,47.89129375739438,50.601990395991315,22.265693357666066,22.590268576618925,-0.013754069034282446,-0.013849532594095037
2023-06-25,30465.3,30533.6,31040.2,30315.8,"37,12K","-0,22%",30554.28,30306.010000000002,1.0,30448.502608709077,30172.34771324827,34358.16418329947,-0.9851015977431462,4.411527823950157,-47.5,1236.7000000000007,51.61905238363733,54.46641798843616,45.47790306228009,45.16090225563905,44.70468985911691,54.79156517502955,55.087340803117776,24.141656139739517,23.477249629140285,0.006551689959361617,0.006530320923450354
2023-06-24,30533.6,30680.7,30795.3,30269.4,"38,15K","-0,48%",30530.8,30351.193333333336,1.0,30463.97486167106,30195.65431239354,34320.05901655627,-1.982902800204167,1.4880724857823668,-234.8000000000029,1355.5,52.78702911519862,54.82848094549867,45.502529027325004,49.26917293233074,42.55438596491222,42.564509355606255,48.415789429343384,24.439168880951343,23.615506126118984,0.0022418948771225633,0.00223938558048888
2023-06-23,30679.4,29890.2,31395.4,29822.6,"98,85K","2,64%",30483.610000000004,30370.97666666667,1.0,30503.143068639958,30226.863711593956,34283.786619021805,0.20151742292856983,2.9893685231747393,-471.8999999999978,593.5,55.34404548331978,55.60798294470837,45.555287250230414,57.40377178892264,50.6112823256308,49.36773832299009,48.90793761787529,25.843599597730062,24.80814153947365,0.004775067466659788,0.004763702995057378
2023-06-22,29890.5,29992.8,30497.8,29590.4,"79,22K","-0,35%",30410.890000000003,30374.363333333335,1.0,30391.753419796332,30205.162826974993,34240.01625116946,-2.2764722036957097,-0.04213609960170867,-727.2000000000007,101.59999999999854,41.74995602058504,50.70982959336165,45.31671846746398,16.626038781163356,41.09966116747223,13.803412906489983,35.24522019502877,23.696827161141673,24.65986521327436,-0.02571432296589904,-0.02605071543473704
2023-06-21,29996.9,28307.7,30769.5,28270.5,"143,49K","5,97%",30351.9,30377.489999999998,0.0,30319.96188892427,30191.726515557253,34197.74257206733,-1.5620436519005412,0.6573604912586875,-589.8999999999978,93.80000000000291,43.81797156929298,51.30823251301079,45.355508291278,55.24656789017251,43.092126153419485,49.41041785918722,37.52718969622242,24.204405050972472,24.581610603281405,0.0035596594235627332,0.003553338830953902
2023-06-20,28307.7,26845.9,28393.0,26665.5,"100,55K","5,44%",30135.379999999997,30327.713333333333,0.0,29954.09609093804,30070.176417779367,34139.0614969911,-7.02233812985085,-5.356121927000271,-2165.2000000000007,-1493.2999999999993,26.944018293916088,42.77872555292946,44.84790808166614,34.71955009619654,35.53071892251079,32.20631496371839,31.80671524313185,16.146129003019716,21.349120405044626,-0.05631248562351443,-0.057960190543077626
2023-06-19,26845.9,26339.7,27029.7,26295.1,"46,45K","1,92%",29775.4,30225.58666666667,0.0,29388.969528949303,29862.158584374247,34066.402395103236,-10.747508195195246,-10.114575381359897,-3599.7999999999993,-3063.7999999999993,19.66316387983626,37.237036808706925,44.41558251367207,10.799364743250447,33.58849424320649,10.07057446886318,30.56243576392292,9.172657580513603,16.50773054483527,-0.05163965988052721,-0.05302074333769418
2023-06-18,26339.7,26515.0,26679.3,26290.6,"27,31K","-0,66%",29401.510000000002,30108.016666666666,0.0,28834.55688732216,29634.903191833975,33989.42503715082,-14.172458625375125,-12.607955619996217,-3738.899999999998,-3527.0999999999985,17.81130689866329,35.58565792431892,44.267070831110345,0.9618398370161839,15.493584892154376,0.8969838689052079,14.391291100495584,6.757846228705828,10.692210937413053,-0.018855765684890446,-0.01903580238015975
2023-06-17,26515.0,26341.3,26767.3,26183.5,"35,86K","0,66%",28984.1,29987.193333333336,0.0,28412.819271445405,29433.61911494146,33914.96190825178,-12.396339247365116,-12.305071852623572,-4174.0999999999985,-3624.7000000000007,20.685550826933934,36.59303396683425,44.3318549715207,6.360444367696999,6.040549649321195,5.939795735531267,5.635784691099875,7.594109425015391,7.841537744744945,0.00665535294631292,0.006633303860459458
2023-06-16,26341.3,25591.9,26472.8,25276.0,"69,24K","2,93%",28591.53,29857.38666666667,0.0,28036.179403909875,29234.114655912977,33839.51105903417,-13.536712259521488,-13.040334880527151,-3925.7000000000007,-3894.2000000000007,19.918637017035437,36.01568043571987,44.280596563174136,17.408569467594845,8.243617890769327,16.418278492717874,7.7516860323847725,7.171862752534834,7.174606135418689,-0.006551008862907826,-0.006572560898082533
2023-06-15,25591.3,25129.5,25732.8,24838.0,"68,38K","1,84%",28104.129999999997,29700.716666666667,0.0,27591.655875926263,28999.094355531495,33757.34115805286,-16.18643068619488,-15.588737820525514,-4874.0,-4700.100000000002,16.910751448004802,33.644614323522376,44.05952778286845,11.487784792753212,11.752266209348337,10.875622608821184,11.077898945690096,3.7931277568531057,6.186366644801115,-0.02847239885654851,-0.028885599715467898
2023-06-14,25129.5,25929.0,26051.7,24847.4,"60,82K","-3,08%",27563.72,29527.786666666667,0.0,27143.991171212398,28749.443106787527,33671.390348529836,-18.0899887220741,-20.13786265218759,-5404.0999999999985,-5187.9000000000015,15.327257849562088,32.290537706989454,43.92382657773896,4.445359441241955,11.113904567196656,4.208474698621237,10.500791933386754,1.4678039839674517,4.144264831118469,-0.01804519504675417,-0.018209995155983285
2023-06-13,25929.4,25906.9,26428.9,25726.4,"56,24K","0,09%",27088.72,29343.23,0.0,26923.15641281014,28567.504841833495,33594.26531964869,-13.252036600257602,-14.670273436600151,-4750.0,-5536.699999999997,28.256554356205484,36.845032648877684,44.222886755636246,18.400067436567504,11.444403890187543,16.47247041777351,10.5188559084053,5.495578964329601,3.585503568383391,0.03183111482520551,0.031335005242317936
2023-06-12,25906.8,25927.9,26080.7,25635.0,"40,75K","-0,08%",26690.35,29193.88,0.0,26738.36433775375,28395.846464941013,33517.684357528844,-13.635075624481201,-15.401671276446367,-3983.7000000000007,-4480.5,28.121750024774016,36.77273689134101,44.21619082101489,18.019050830312725,13.621492569374047,16.131369234484417,12.270771450293045,5.381780096275853,4.115054348190974,-0.0008715974916504443,-0.000871977553600913
2023-06-11,25928.4,25843.3,26190.1,25660.8,"39,20K","0,33%",26283.5,29037.383333333335,0.0,26591.098094525794,28236.656370428693,33442.082327138975,-8.405133585561522,-14.752114889545714,-4068.5,-4694.899999999998,28.484068306490414,36.89516047901294,44.22430288474839,30.672292545710306,22.363803604196832,16.457377445061606,16.353739032439833,5.490543616185631,5.455967558930367,0.0008337579322803546,0.0008334105492110509
2023-06-10,25844.0,26479.3,26525.1,25468.3,"83,57K","-2,40%",26037.129999999997,28885.006666666664,0.0,26455.262077339285,28082.29144330426,33366.39351948061,-3.732041019299041,-14.329944409269766,-2463.7000000000007,-4571.299999999999,27.874055297740924,36.6086396082559,44.19906215792473,45.900442578820076,31.53059531828102,15.18353054817677,15.924092409240922,5.065560232834498,5.312627981765332,-0.0032551179401737462,-0.0032604273615687122
2023-06-09,26479.3,26501.1,26773.9,26326.7,"38,96K","-0,08%",26000.469999999998,28762.086666666666,0.0,26459.63260873214,27978.872640510435,33297.78805111177,0.5299984434143082,-12.577256279548877,-366.6000000000022,-3687.600000000002,38.83041990980824,40.223386019029014,44.43895901748749,84.78227181156042,53.78500231203026,24.772096112050225,18.804334701762855,8.264516908699065,6.27354025257307,0.024582108032812133,0.02428482997815912
2023-06-08,26501.1,26341.8,26784.4,26231.3,"39,95K","0,60%",26016.61,28635.83,0.0,26467.172134417207,27883.53247015492,33230.083911369555,-0.052423156703758085,-12.671354757071688,161.39999999999782,-3787.7000000000007,39.18265897457885,40.34414008654919,44.44719553470077,85.44492396218646,72.0425461175223,25.10112291716975,21.68558319246557,8.374287498237623,7.234788213257066,0.0008232846034448293,0.0008229458905676771
2023-06-07,26342.5,27230.2,27342.0,26141.0,"77,48K","-3,26%",25999.36,28502.366666666665,0.0,26444.50447361408,27784.111020467506,33161.475087952975,0.004555583817050516,-11.93657628263202,-172.5,-4003.9000000000015,37.439886379130584,39.739958050852955,44.39907053680058,60.083865814696495,76.77035386281445,22.707377445061585,24.19353215809384,7.57568128260388,8.07149522984686,-0.005984657240642788,-0.006002637073100406
2023-06-06,27230.2,25745.6,27325.2,25425.6,"88,61K","5,76%",26088.25,28412.93666666667,0.0,26587.35820568425,27748.374825598636,33102.392927821704,6.404129528394422,-10.758108072677691,888.9000000000015,-2682.899999999998,50.99511189368902,44.54823029701467,44.73566830999482,95.53514376996807,80.354644515617,36.480922316771895,28.096474226334397,12.04555983000665,9.331842870282722,0.03369839612793024,0.03314304700739922
2023-06-05,25747.4,27122.3,27125.5,25437.5,"85,42K","-5,07%",26103.86,28254.09,0.0,26434.638531923476,27619.279675560017,33029.129735981034,2.4588630891979606,-16.318690604646324,156.10000000000218,-4765.399999999998,36.36934743231691,39.15022292260454,44.285593267996695,36.07792832518241,63.89897930328232,13.868301460944906,24.352200407592786,4.579145602126939,8.066795571579162,-0.0544542456537227,-0.055993000360887835
2023-06-04,27122.3,27070.9,27410.2,26956.1,"23,81K","0,19%",26303.140000000003,28132.553333333333,0.0,26559.66788975557,27587.216470685176,32970.292352251825,4.600569238007813,-12.933649639019881,1992.7999999999993,-3646.100000000002,50.88277199921302,45.48630022111994,44.80309426082808,85.49329839766195,72.3687901642708,34.83545307591422,28.39489228454366,11.502245765272209,9.375650399135273,0.05339956655817657,0.052022616597707634
2023-06-03,27072.0,27246.0,27317.5,26931.4,"20,62K","-0,63%",26417.4,27996.576666666668,0.0,26652.819182527284,27553.976698382907,32911.54063482161,4.497660845801105,-11.580556344859348,1142.5999999999985,-4079.2999999999993,50.415337710266016,45.30775257647882,44.78779828520178,82.95878262622189,68.17666978302208,34.06838076066733,27.59071176584214,11.248967753630486,9.110119707009883,-0.0018545624817953854,-0.0018562843119518952
2023-06-02,27244.7,26819.0,27299.4,26541.3,"49,37K","1,59%",26551.190000000002,27884.143333333333,0.0,26760.433876613235,27534.023363003365,32855.09495757059,5.076672683235368,-10.92660886395438,1337.9000000000015,-3373.0,52.09421744274419,46.059780267809465,44.852765490383504,91.66078806812456,86.70428969733611,36.7020465428371,35.20196012647287,12.118572378094226,11.623261965665646,0.006379284869976409,0.0063590233559106665
2023-06-01,26819.0,27216.4,27340.9,26662.3,"51,98K","-1,46%",26640.25,27758.55,0.0,26771.082262683554,27487.892823454764,32794.97187836223,3.7726358148893357,-11.990653990923086,890.5999999999985,-3767.7999999999993,47.673264225371845,44.49951684385307,44.72239706402516,70.21062178776579,81.61006416070407,30.21014426449507,33.66019052266649,9.975024673205906,11.11418826831021,-0.015625057350604044,-0.015748415229071958
2023-05-31,27216.1,27696.9,27825.0,26865.1,"63,08K","-1,74%",26777.46,27649.99,0.0,26851.99457855927,27470.357802586714,32739.40358646057,2.782550898248818,-10.607737710087145,1372.0999999999985,-3256.800000000003,51.9037598981428,46.2563194411824,44.87261567454295,74.62282237225969,78.83141074271667,36.26589806935673,34.39269629222962,11.974561421176654,11.356052824158935,0.01480666691524668,0.014698118405334073
2023-05-30,27698.2,27738.9,28033.6,27583.8,"45,19K","-0,15%",26899.35,27558.406666666666,0.0,27005.850109730316,27485.057299194024,32689.19124784471,4.5171709853553335,-7.913932164395943,1218.9000000000015,-2747.5,56.63329813421924,48.31118438537353,45.05480311570001,87.13957055214733,77.32433823739093,43.61789733735932,36.697979890403694,14.402102761384928,12.117229618589166,0.017713779711273858,0.017558719176430447
2023-05-29,27739.4,28068.4,28431.2,27548.8,"54,56K","-1,18%",27023.18,27480.433333333334,0.0,27139.22281705208,27501.466505697634,32639.88991132558,5.302837619815892,-9.611555894438082,1238.300000000003,-2339.199999999997,57.03448363113506,48.48531305596668,45.070394853776044,76.9829651317541,79.58178601872036,44.24619513831703,41.37666351501101,14.609559104916523,13.662074429159373,0.0014874612790722885,0.001486356104344589
2023-05-28,28071.2,26855.3,28181.9,26788.5,"55,23K","4,52%",27196.05,27393.17,0.0,27308.673213951704,27538.223505330046,32594.384909862296,3.088482640597572,-7.254765916674924,1728.7000000000007,-2617.899999999998,60.31925609873208,49.89164005429702,45.19626740077383,88.0223582645728,84.04829798282474,49.30612742855401,45.723406634743434,16.28028761908599,15.097316495129151,0.011961325767680497,0.011890354490452964
2023-05-27,26857.5,26711.2,26882.9,26591.2,"18,68K","0,55%",27158.78,27279.52,0.0,27226.64172050594,27494.305859824883,32537.24503670078,4.311503297420316,-11.842325531013971,-372.7000000000007,-3409.5,46.01972651703676,45.22024703922355,44.818698967517044,47.432942512609806,70.81275530297889,30.79726720956476,41.449863258811924,10.168885576748778,13.686244100250434,-0.043236484368320616,-0.04419902816865332
2023-05-26,26711.5,26475.5,26911.6,26330.0,"45,88K","0,89%",27255.190000000002,27154.39333333333,1.0,27132.979589504863,27443.802255965213,32479.22067980101,-1.5146208101820247,-12.517685435061699,964.0999999999985,-3753.7999999999993,44.60633869291218,44.69942977709451,44.773478778779214,18.156291642870734,51.203864140017764,28.570775002287483,36.22472321346874,9.433724747729059,11.960965981187947,-0.005436097924229721,-0.005450927271489835
2023-05-25,26475.8,26327.1,26589.2,25892.5,"50,17K","0,56%",27190.54,27019.133333333335,1.0,27013.49239141307,27381.350497515843,32419.42725784445,-2.2022754137115865,-13.701702119337412,-646.5,-4057.7999999999993,42.277238651771434,43.85588088034992,44.70030301931867,22.976326466301618,29.52185354059404,24.976362582730943,28.114801598194386,8.246893190195168,9.283167838224339,-0.00882391479325384,-0.00886307607010582
2023-05-24,26328.4,27220.7,27220.7,26088.7,"72,65K","-3,28%",27116.18,26874.1,1.0,26888.930138428877,27313.418207353534,32358.76186884163,-3.36322293877341,-11.917164316421601,-743.5999999999985,-4351.0,40.797054448322775,43.32691554879726,44.65443332963956,17.170205223145757,19.434274444106027,25.126865042569356,26.224667542529247,7.5046828737739,8.395100270566047,-0.005567348295424379,-0.0055829037408665246
2023-05-23,27220.7,26851.6,27448.1,26804.1,"50,89K","1,39%",27113.78,26785.106666666667,1.0,26949.251931441813,27307.436387524274,32307.58830928868,1.4978187106156111,-9.254956345489036,-24.0,-2669.7999999999993,52.08156395576809,47.30697166769256,44.99782167677961,52.31811557096153,30.821549086802957,40.17027733288377,30.09116831939468,11.997724022638929,9.249766695536003,0.033891159356436384,0.03332950880157237
2023-05-22,26847.3,26749.9,27048.9,26546.1,"35,56K","0,36%",27116.609999999997,26680.120000000003,1.0,26930.71521663421,27277.75016897432,32253.205984789383,-1.3550802649902054,-5.1590203372227394,28.299999999999272,-3149.600000000002,47.84156579520335,45.91118974140022,44.88070930761468,37.60980029148773,35.699373695198325,55.91951463876208,40.40555233807172,10.258805989962266,9.92040429545837,-0.01371750175417974,-0.013812456038375623
2023-05-21,26749.9,27116.2,27257.1,26677.6,"27,42K","-1,35%",27069.99,26628.193333333336,1.0,26897.839722700715,27243.695319363072,32198.39573407322,-3.4236881819035143,-0.3575965044941685,-466.1999999999971,-1557.7999999999993,46.73875520867969,45.54855042870439,44.85010825717958,33.77319100326944,41.23370228857289,53.20883891795617,49.76621029653399,9.76151454347727,10.672681518692826,-0.0036279253407232037,-0.003634522222023778
2023-05-20,27116.2,26883.0,27147.2,26831.3,"17,72K","0,87%",27011.79,26637.20333333333,1.0,26937.54159130059,27235.469814888038,32147.780005565754,-2.246623935629468,2.9480214277307635,-582.0,270.2999999999993,51.41830091366053,47.171938059954535,44.99186978552782,48.201835585142014,39.86160895996638,63.4030947344985,57.510482763738906,11.631718412547679,10.55067964866241,0.013693509134613535,0.013600600243380242
2023-05-19,26882.9,26828.2,27154.7,26711.3,"36,67K","0,20%",26926.140000000003,26655.31,1.0,26927.606756518664,27212.723375217844,32095.34532839137,-4.233164239505256,1.3875165000942917,-856.5,543.2000000000007,48.40842465413409,46.263177804543886,44.91796228621307,43.26024285839088,41.74508981560077,56.910274963820584,57.84073620542507,11.647604292451764,11.013612416158908,-0.008603712909625916,-0.008640938520314105
2023-05-18,26828.0,27403.8,27467.0,26449.8,"63,39K","-2,10%",26801.82,26665.743333333336,1.0,26909.496437151636,27187.902512300563,32042.886574642136,-0.10983896490738154,1.847668869797621,-1243.2000000000007,313.0,47.67868112988416,46.04722941364276,44.900518516397725,59.41568751984757,50.292588654460154,55.38238895691862,58.56525288507922,12.971859538879727,12.083727414626395,-0.002042190388685805,-0.0020442785028464087
2023-05-17,27403.1,27035.5,27465.3,26597.7,"58,14K","1,36%",26856.379999999997,26701.136666666665,1.0,26999.242539487703,27201.786221184397,31996.678244281167,2.589146996611941,7.079749758707058,545.5999999999985,1061.7999999999993,55.48863894313145,48.644947219327115,45.12487764522567,95.94156875198466,66.2058330434077,71.38762106200596,61.22676166091504,17.290399989214976,13.969954606848829,0.02143655881914408,0.021210027442966586
2023-05-16,27035.3,27183.9,27295.3,26881.9,"45,29K","-0,55%",26888.760000000002,26749.270000000004,1.0,27005.798441399027,27191.04517465637,31947.267574066027,2.11325059110584,7.583915318649394,323.7999999999993,1444.0,50.16734809072109,47.143226622364786,45.00708385823809,72.58177199110824,75.97967608764681,61.049723756906026,62.606577925276845,15.569553880165515,15.277271136086744,-0.0134218391349884,-0.013512726181591847
2023-05-15,27183.9,26920.4,27651.7,26752.1,"53,27K","0,98%",26959.57,26817.75,1.0,27038.18054296284,27190.584195646286,31899.8293223126,3.249342914875192,4.838137403873595,708.1000000000022,2054.4000000000015,52.224120286506896,47.816535975075446,45.065312546763714,70.0703774792067,79.53123940743319,58.50079850944908,63.646047776120334,17.296575928274404,16.71884326588497,0.005496517515988453,0.005481466789453584
2023-05-14,26920.0,26777.4,27176.1,26609.9,"26,35K","0,53%",27018.73,26850.77,1.0,27016.693171515053,27173.12715076588,31850.23576642474,-1.1046740164654132,3.910942300863097,591.5999999999985,990.5999999999985,48.29117388952014,46.72310952619024,44.980306431690195,39.12139113070972,60.59118020034154,49.720521692840045,56.42368131973169,15.35081251658949,16.07231410834314,-0.009707952133432007,-0.009755381511792172
2023-05-13,26777.5,26798.7,27011.9,26695.6,"27,95K","-0,08%",26974.409999999996,26879.79333333333,1.0,26973.203503966863,27147.602818458403,31799.717402162063,-0.2599889001873532,3.2747874917079285,-443.2000000000007,870.7000000000007,46.2035364492342,46.13381880820347,44.93430850705841,27.265163491139056,45.48564403368514,44.979371839233444,51.06689734717418,14.30014451293243,15.64917765259878,-0.005293462109955405,-0.005307522119879368
2023-05-12,26799.2,26983.1,27044.0,25853.1,"87,49K","-0,68%",26969.6,26908.82,1.0,26941.566503245616,27125.125217267538,31749.918672066156,0.18429975439160248,3.6960222875715862,-48.099999999998545,870.7999999999993,46.594177859864516,46.24063083410446,44.94292540101138,52.602023796286055,39.6628594727116,45.701357466063385,46.80041699937894,14.460140973840213,14.703699334454049,0.0008103818504341387,0.0008100536683522823
2023-05-11,26983.5,27604.3,27607.4,26766.2,"62,85K","-2,25%",26992.96,26946.803333333337,1.0,26949.190775382773,27115.98810647608,31702.451666509496,-0.4893753549538679,1.9041288855823255,233.59999999999854,1139.5,50.01910748009496,47.1611778010465,45.01636758766433,62.848882464138775,47.57202325052128,51.83324461006122,47.504657971786,15.819004925236674,14.859763470669776,0.006877070957342024,0.006853531763713555
2023-05-10,27603.3,27634.3,28311.7,26885.7,"91,45K","-0,11%",27041.670000000002,26984.27,1.0,27068.119725313176,27147.427583477624,31661.63006913657,2.6797704116743275,4.159072642267683,487.09999999999854,1124.0,59.680898130552876,50.13191330652059,45.26315068947024,71.18685430732934,62.21258685591804,72.4547511312217,56.66311773578209,20.38885775798507,16.88933455235399,0.022969592528767624,0.022709762704431286
2023-05-09,27634.9,27670.5,27816.0,27366.3,"49,75K","-0,13%",27116.870000000003,27022.063333333335,1.0,27171.170684347144,27178.87741680165,31621.5300184829,3.007678544803942,4.906140267628363,752.0,1133.800000000003,60.117642623933655,50.27935028465374,45.275736301736345,72.47213861547228,68.83595846231346,73.50612190577593,65.9313725490196,20.621847995989036,18.943236893070267,0.001144790659088013,0.0011441358859325965
2023-05-08,27670.5,28424.8,28627.8,27280.3,"85,72K","-2,65%",27201.120000000003,27066.33,1.0,27261.957832647662,27210.595002814447,31582.184147415028,0.9758020078020424,1.616954704702864,842.5,1328.0,60.65118467752218,50.45008146082712,45.28997929491293,65.49897286193107,69.71932192824421,70.10492786209484,72.0219336330308,21.595596251934648,20.868767335302923,0.0012882261198701173,0.0012873970685295046
2023-05-07,28424.8,28857.1,29122.0,28419.6,"36,50K","-1,50%",27303.29,27106.15,1.0,27473.38368125718,27288.930809084482,31550.74196184382,5.1395767755490045,10.398719870744221,1021.7000000000007,1194.5999999999985,70.07577279123662,53.91841467734313,45.59152898731778,78.67172443329558,72.21427863689964,81.0774867688967,74.89617884558913,27.346543560967053,23.187995936296915,0.02726007842286915,0.026895139804433345
2023-05-06,28857.1,29512.8,29816.4,28414.9,"58,94K","-2,22%",27485.47,27209.806666666667,1.0,27724.968466483147,27390.103014949997,31523.91807713491,6.155113872549549,6.396212710573954,1821.7999999999993,3109.699999999997,74.0358483551363,55.75457511178791,45.763715838954305,75.79542300608072,73.32204010043579,75.79542300608072,75.6592792123574,30.642492814174936,26.528210875692213,0.015208550280037203,0.015094059644233777
2023-05-05,29513.2,28842.2,29653.9,28825.3,"74,52K","2,33%",27718.4,27289.503333333334,1.0,28050.10147257712,27527.077013985483,31503.895059744224,9.632986627043092,9.017434988179671,2329.2999999999993,2390.9000000000015,78.77294787290438,58.35956775732262,46.024267430618266,92.34980950218251,82.27231898051959,92.34980950218251,83.07423975905328,35.64474195835653,31.211259444499508,0.022736172380454,0.02248155769730801
2023-05-04,28842.1,29023.6,29352.7,28687.4,"53,80K","-0,63%",27910.610000000004,27348.506666666668,1.0,28194.101204835828,27611.91720663158,31477.38873413834,7.71020446270189,5.863158706096957,1922.0999999999985,1770.0999999999985,65.24426784749531,54.93706324661538,45.79809206078015,75.4169505210304,81.18739434309786,75.4169505210304,81.18739434309786,30.528129550704854,32.271788107745444,-0.022738977813317462,-0.023001495593775238
2023-05-03,29023.6,28669.1,29244.7,28164.4,"81,22K","1,24%",28135.22,27407.803333333333,1.0,28344.91916759295,27702.993515881153,31452.95393980315,8.300247768590099,8.22029158432454,2246.0999999999985,1778.8999999999978,66.94994710104308,55.6645016163238,45.87039560518862,79.99646759013947,82.58774253778411,79.99646759013947,82.58774253778411,31.911925038692896,32.694932182584765,0.006292884360015405,0.006273166840045856
2023-05-02,28669.1,28079.0,28877.4,27913.2,"65,33K","2,11%",28322.21,27469.473333333335,1.0,28403.861137121505,27765.322966469463,31425.232575199447,6.246780439898451,5.338751694768906,1869.8999999999978,1850.0999999999985,60.50580552322385,53.906259110771074,45.75059519885101,62.38607304439044,72.59983038518676,71.05190119344985,75.48843976820656,29.209139912016525,30.549731500471427,-0.012214198100855889,-0.012289404435943388
2023-05-01,28077.6,29252.1,29329.6,27685.9,"84,36K","-4,02%",28431.620000000003,27498.19,1.0,28344.540930372143,27785.469871858528,31391.897409527253,1.7182728152068747,1.3697641001942285,1094.0999999999985,861.5,51.343651523069546,51.11919948262129,45.55109649894875,40.66946463302274,61.01733508918422,56.127469532964916,69.05861277218473,24.69941522251278,28.60682672440741,-0.02063196961188174,-0.020847782284544654
2023-04-30,29252.1,29235.1,29941.3,29095.0,"47,62K","0,06%",28596.5,27549.986666666668,1.0,28509.55167030448,27880.0911704483,31370.589826160463,5.852020452398948,5.453254216024849,1648.7999999999993,1553.8999999999978,63.528285389456,55.812008270612765,46.0208226875327,74.09996242014277,59.051833365851984,83.14172496453205,70.10703189698226,33.65405875222054,29.18753796224995,0.04183049833319097,0.04097926055316761
2023-04-29,29234.1,29318.4,29425.5,29058.5,"25,72K","-0,30%",28756.419999999995,27599.809999999998,1.0,28641.287730249118,27967.446578806474,31349.31533864756,5.650783325201925,4.142680042178452,1599.199999999997,1494.699999999997,63.25853067394387,55.727187070702776,46.01470835981053,73.423524990605,62.73098401459017,82.70143339366956,73.9902092970555,33.54777167277166,30.63374854916833,-0.0006153404370968785,-0.0006155298367244603
2023-04-28,29321.8,29475.9,29587.2,28927.8,"69,88K","-0,52%",28921.55,27641.496666666666,1.0,28765.017233840186,28054.824218883477,31329.126134572918,3.1556950268779373,9.175463092246112,1651.2999999999993,1250.5999999999985,64.08413659919287,56.063737552624275,46.04980708511092,72.53258845437614,73.35202528837463,84.84663176948291,83.56326337589483,34.217032967032964,33.806287797341724,0.00299992132475424,0.0029954305398694203
2023-04-27,29475.9,28424.5,29859.8,28392.4,"121,63K","3,70%",29026.659999999996,27728.77666666667,1.0,28894.268645869244,28146.506527342608,31310.672569981685,2.14435962033608,10.349100574658861,1051.1000000000022,2618.4000000000015,65.5935782364975,56.66256623470156,46.11167856628612,79.36507936507944,75.10706427002019,88.61601682892231,85.38802733069157,35.39300976800978,34.38593813593814,0.0052554754483014055,0.005241713632738994
2023-04-26,28424.6,28298.8,29995.7,27307.8,"164,31K","0,44%",28983.409999999996,27785.88,1.0,28808.87434662029,28164.4480417076,31281.934609984746,-3.6885190355502013,7.360684096420124,-432.5,1713.0999999999985,49.74581204088651,51.69049379619069,45.75192276467243,41.54916477547523,64.48227753164359,62.074542557813906,78.51239705207303,27.37026862026861,32.32677045177046,-0.035666425791918255,-0.03631801289044245
2023-04-25,28298.8,27510.1,28375.6,27201.1,"65,31K","2,87%",28861.97,27846.646666666667,1.0,28716.13355632569,28173.11590998453,31252.23037262884,-1.8837047233037794,7.483933698971444,-1214.4000000000015,1823.0,48.19755450431367,51.135053788591584,45.70903535399887,39.27932441136477,53.39785618397314,59.03780234635252,69.90945391102956,26.410256410256405,29.724511599511604,-0.004425743897891188,-0.0044355664946619
2023-04-24,27509.3,27591.4,27978.8,27054.3,"66,74K","-0,30%",28728.690000000002,27886.01,1.0,28496.70927335738,28130.289077082303,31214.960818059913,-5.2174781901624865,1.0602225512202057,-1332.7999999999993,1180.8999999999978,39.60266863867293,47.80038559462628,45.44037056430865,15.468824369347923,32.0991045187293,39.97972287935113,53.69735592783917,20.385378510378505,24.721967846967846,-0.027898709485914552,-0.028295271603186137
2023-04-23,27591.4,27813.8,27815.0,27388.5,"41,77K","-0,80%",28585.47,27898.366666666665,1.0,28332.1075872924,28095.52203985119,31178.88011944258,-3.7590995182966926,2.771600868616219,-1432.199999999997,370.7000000000007,40.8220059519025,48.16403208636529,45.47386566966376,18.260012239069894,24.336053673260853,41.96157002848457,46.99303175139605,24.557178787392324,23.78427123600908,0.0029844452603302596,0.0029800006445202024
2023-04-22,27813.9,27264.8,27872.0,27165.7,"44,30K","2,01%",28499.95,27930.586666666666,1.0,28237.888025966513,28077.352875989825,31145.374407879724,-0.9391828361398307,3.9775849629344404,-855.1999999999971,966.6000000000022,44.21341547874512,49.15704076077565,45.56488902200557,25.824437342762014,19.851091317059936,47.33259305750017,43.0912953217786,26.883536893835387,23.942031397202076,0.008064106931870096,0.008031765773597007
2023-04-21,27264.8,28240.5,28353.4,27171.1,"98,72K","-3,46%",28418.670000000002,27947.749999999996,1.0,28060.962930336238,28024.930109796933,31106.735099166053,-6.79370028134732,0.5480118895715422,-812.7999999999993,514.8999999999978,38.2090734726598,46.8650362278059,45.37700825526092,7.156456109335687,17.080301897055858,34.07763240476995,41.12393183025154,21.92310471923104,24.45460680015292,-0.019741927597352493,-0.019939402798821875
2023-04-20,28240.5,28813.7,29082.1,28032.4,"95,45K","-1,99%",28317.51,27985.226666666666,1.0,28093.60603391147,28038.837844648744,31078.19587500527,-3.3987706137695315,5.050050403788276,-1011.5999999999985,1124.2999999999993,51.27370340579347,51.05958730315319,45.776293250701485,40.327735092133004,24.436209514743563,57.63047361560373,46.346899692624596,30.73733468237335,26.514658765146596,0.035786068483905975,0.035160624911318494
2023-04-19,28813.7,30382.2,30408.4,28641.1,"111,27K","-5,16%",28275.47,28049.586666666666,1.0,28224.532209563928,28088.8289514456,31055.648346938626,-1.7328404122529946,7.401595348143733,-420.3999999999978,1930.7999999999993,57.183002619794145,53.30003488694978,46.00931322768972,52.45520407859039,33.31313176001969,64.99242640440805,52.233510808260554,35.91548023415481,29.525306545253073,0.02029709105716959,0.0200938506288713
2023-04-18,30382.2,29434.1,30470.1,29149.2,"76,58K","3,22%",28381.510000000002,28168.059999999998,1.0,28616.83544418867,28236.78837393298,31048.942883907297,3.0747152758694365,10.871397761567131,1060.4000000000015,3554.2000000000007,68.7177170732532,58.657567077371866,46.63994447462987,97.42666432460923,63.403201165110865,98.09616634178042,73.57302212059739,50.08491725084918,38.91257738912578,0.05443591069525944,0.05300594212929911
2023-04-17,29434.9,30310.8,30312.2,29274.0,"71,90K","-2,89%",28377.409999999996,28235.786666666667,1.0,28765.574454336187,28314.08589819537,31032.87211490239,3.554315628012366,8.875803116665997,-41.0,2031.800000000003,58.196868685622306,54.73441633725882,46.31160252204061,69.69377598220045,73.19188146180001,77.57851418670138,80.22236897762994,41.527245790272474,42.50921442509216,-0.031179440593505414,-0.03167586545057623
2023-04-16,30310.3,30299.2,30545.3,30134.6,"34,48K","0,04%",28565.98,28344.95333333333,1.0,29046.433644456883,28442.87390476341,31025.677626386256,7.108075254074378,11.500925179977846,1885.7000000000007,3275.0,63.875688773952895,57.454644709690946,46.66035268229033,93.26840446863362,86.79628159181443,94.99168833383061,90.22212295410412,51.04995568823172,47.554039576451125,0.02974020635368202,0.029306543585919536
2023-04-15,30299.6,30472.6,30586.5,30208.8,"31,71K","-0,57%",28766.059999999998,28448.81,1.0,29274.28207273745,28562.662685101255,31018.4482814643,10.143115237392443,12.554234769687959,2000.7999999999993,3115.699999999997,63.75805850082058,57.41101995516512,46.65662960979913,91.87758337579974,84.94658794221125,93.93881776313006,88.83634009455402,52.751753047308114,48.44298484193744,-0.000353015311626792,-0.00035307763620003084
2023-04-14,30472.5,30387.4,30964.9,30026.0,"98,38K","0,28%",29062.379999999997,28567.22666666667,1.0,29492.139877694277,28685.877995739884,31013.012467457094,10.44202178939814,13.798898328820838,2963.2000000000007,3552.5,64.91800122333814,57.944799628735005,46.72566307331134,87.03937671088646,90.72845485177326,90.3673852654642,93.09929712080827,54.42173585488824,52.74114819680937,0.005706345958362613,0.005690126439801326
2023-04-13,30387.4,29892.4,30524.1,29864.5,"65,87K","1,68%",29341.98,28687.556666666667,1.0,29654.914445386225,28795.653608917957,31006.783505167743,9.252567960624004,13.389205647929792,2796.0,3609.9000000000015,63.80127553055225,57.577369776802115,46.695770160207815,84.79943145925458,87.9054638486469,88.70260964826481,91.00293755895301,53.59978364595206,53.5910908493828,-0.0027926819263269786,-0.002796588737847687
2023-04-12,29886.4,30209.8,30473.0,29679.5,"78,69K","-1,07%",29549.230000000003,28790.46333333333,1.0,29697.002728043277,28866.024343826477,30995.628384765107,9.615328188726865,10.75805584894473,2072.5,3087.2000000000007,57.348199097858625,55.43651449051273,46.51968020936164,71.57203858927727,81.13694891980609,74.31347798127993,84.46115763166964,48.76079355574015,52.26077101886015,-0.016487096625575126,-0.01662452138710521
2023-04-11,30209.6,29641.0,30484.6,29597.8,"89,38K","1,92%",29843.710000000003,28898.0,1.0,29790.202232035408,28952.70664422477,30987.80232677068,6.972610258316951,9.44198700879967,2944.7999999999993,3226.0999999999985,60.23136262394763,56.515527252986,46.65011728217005,74.24381926683708,76.87176310512297,81.48411453226116,81.50006738726863,51.88247339038381,51.41435019735868,0.01081428341988322,0.01075622723922902
2023-04-10,29641.0,28326.5,29755.4,28182.9,"85,73K","4,64%",29983.760000000002,28965.923333333336,1.0,29763.07455348351,28997.11266717801,30974.393030258285,2.8712036288293388,7.25929892997622,1400.5,2037.7000000000007,53.20147233650995,54.13021130202752,46.44980693470917,52.41193386053193,66.07593057221543,66.14585997033701,73.98115082795935,46.39055769119322,49.011274879105734,-0.01882183147079064,-0.01900121661173148
2023-04-09,28326.6,27941.2,28522.7,27809.2,"39,35K","1,38%",29935.05,28988.98,1.0,29501.897361941057,28953.85378542459,30948.030717909704,-6.765803661354353,2.37111725483818,-487.1000000000022,691.6999999999971,40.93110610024304,49.16769517576309,45.991009269730405,16.39572836454662,47.68382716397187,32.53464941441207,60.0548746390034,33.69521123495661,43.98941410551121,-0.04434398299652509,-0.045357245529552725
2023-04-08,27941.2,27910.4,28153.1,27863.8,"23,73K","0,11%",29690.95,28998.003333333334,1.0,29218.1342052245,28888.521283139133,30918.093888525535,-5.074588328820552,-1.7013312318820135,-2441.0,270.7000000000007,38.07046296758108,47.837432255927624,45.85753147044215,4.182907120448711,24.33018978184241,22.679384237712906,40.45329787415398,29.972762570749705,36.68617716563318,-0.013605586268736758,-0.013698990437512593
2023-04-07,27910.4,28037.6,28102.5,27779.4,"30,94K","-0,45%",29538.5,28980.856666666667,1.0,28980.364349729134,28825.416684226933,30888.148645594807,-7.917770526850601,-3.280648436606579,-1524.5,-514.3999999999978,37.83565761908223,47.73067007682657,45.846844331120145,4.1123842410924505,8.230339908695917,21.891781312330632,25.701938321485187,32.213554772689164,31.96050952613183,-0.0011023148612084865,-0.001102922857078096
2023-04-06,28036.7,28173.5,28173.5,27734.5,"51,29K","-0,49%",29311.140000000003,28953.510000000002,1.0,28808.789013414746,28774.531736857454,30859.75918302357,-7.468415424626061,-5.002846184080344,-2273.5999999999985,-820.3999999999978,39.534821588359996,48.22087779395032,45.89880649133644,9.354878652798433,5.883390004779855,25.121464736869047,23.23087676230418,46.18061069804376,36.122309347160886,0.00452519490942449,0.004514986998546336
2023-04-05,28173.5,28164.4,28744.4,27823.5,"77,32K","0,03%",29098.530000000006,28908.853333333336,1.0,28693.28192006661,28735.755495769878,30833.01453016387,-7.544507342686028,-2.3181391091494676,-2126.0999999999985,-1339.7000000000007,41.46049755740655,48.7593384095659,45.9552581284721,13.589648340762746,9.0189704115512,28.61964915869688,25.210965069298837,48.155634158666,42.18326654313298,0.004879318892736961,0.004867453597029836
2023-04-04,28164.4,27802.2,28429.1,27668.9,"64,06K","1,30%",28867.72,28886.26333333333,0.0,28597.12157096359,28698.8938508815,30806.445704492508,-7.315532095539598,-2.9603495086756886,-2308.0999999999985,-677.6999999999971,41.36313228649997,48.724470577922304,45.952052546962946,17.354300924628767,13.432942639396638,28.386948294379422,27.37602072998177,48.02425467407784,47.453499843595864,-0.00032299856247886005,-0.00032305073774986924
2023-04-03,27802.1,28194.7,28458.4,27256.9,"98,00K","-1,41%",28609.190000000002,28845.546666666665,0.0,28452.572194424756,28641.036183082695,30776.534499884005,-6.974075164623383,-3.0241619025361803,-2585.300000000003,-1221.5,37.470499131285415,47.330484972643085,45.82415273111418,16.891284815813044,15.945078027068178,19.122385311716844,25.37632758826437,42.793618710748554,46.324502514497475,-0.012863757083410365,-0.012947211672114736
2023-04-02,28198.3,28456.1,28522.8,27871.7,"45,04K","-0,91%",28440.379999999997,28829.853333333333,0.0,28406.340886347527,28612.47255836768,30750.865796848746,-6.657817382553888,0.42988004672764313,-1688.1000000000022,-470.7999999999993,43.886985641469046,48.981710698843195,45.98937450007,29.16627939399568,21.137288378145822,29.253822942770913,25.587718849622377,48.51367934743376,46.44385091075338,0.01425072206775746,0.014150135027022897
2023-04-01,28456.1,28473.7,28795.1,28285.6,"38,09K","-0,06%",28265.03,28842.469999999998,0.0,28415.3879979207,28602.384006214925,30728.01941589651,-3.9975034580479787,-2.72117215516151,-1753.5,378.5,47.76242764181846,50.036086127658415,46.0968775634203,47.99679807884719,31.35145409621863,35.8461617143149,28.074123322934202,52.23561683389877,47.84763829736036,0.009142395108924894,0.009100856398346416
2023-03-31,28473.7,28029.3,28646.3,27587.5,"98,44K","1,58%",28148.3,28816.523333333334,0.0,28425.990180116936,28594.081812265576,30705.575839769117,0.5192998806775335,-2.601072035739078,-1167.2999999999993,-778.3999999999978,48.034671795460916,50.108905248233,46.104237988960435,79.10544792614755,52.08950846633013,36.29622052881912,33.798735061968294,52.48971341947593,51.079669866936165,0.00061849656137003,0.0006183053712013961
2023-03-30,28029.5,28350.3,29160.4,27716.7,"122,51K","-1,13%",28118.590000000004,28776.370000000003,0.0,28353.901056459308,28557.657179216185,30678.93348492381,0.31602078650880877,-4.40730105245926,-297.09999999999854,-1204.5999999999985,41.90958418129757,48.272054355188374,45.945101043769576,40.58838980824789,55.896878604414205,24.937349767299143,32.35991067014437,46.0766620948531,50.26733078274261,-0.015600361034920018,-0.015723327221622098
2023-03-29,28350.4,27262.9,28627.4,27249.8,"109,32K","3,99%",28159.51,28743.989999999998,0.0,28353.264500739435,28544.28574829901,30655.751304182293,1.5764732859435908,-3.8183736544091946,409.2000000000007,-971.3999999999978,47.30331678335669,49.65136197626268,46.080229335693005,57.60494085627557,59.099592863556985,33.14325167493483,31.45894065701768,50.70959358983615,49.758656368055064,0.011448652312741947,0.011383612434751928
2023-03-28,27262.2,27127.8,27465.0,26665.6,"94,16K","0,49%",28094.690000000002,28670.2,0.0,28154.889136968628,28461.570538731332,30621.966309740747,-2.7624506450473842,-4.089415506286801,-648.2000000000007,-2213.7000000000007,35.04339716447788,45.40424140559621,45.690953565326545,23.913740580407307,40.70235708164358,13.876677598678896,23.985759680304273,34.99891720205011,43.92839096224646,-0.03838393814549357,-0.03914001208101374
2023-03-27,27129.8,27974.8,28023.3,26611.5,"107,24K","-3,02%",28004.0,28627.039999999997,0.0,27968.50929388342,28375.64985881318,30587.199726876588,-3.704545051200599,-4.13091721203726,-906.9000000000015,-1294.7999999999993,33.8571289044536,44.92061320075146,45.643803667886885,20.33426183844007,33.95098109170764,11.90563697340008,19.641855415671255,33.08741788782213,39.59864289323613,-0.0048565412916052875,-0.004868372609997941
2023-03-26,27973.5,27474.9,28153.7,27429.1,"60,64K","1,81%",27984.0,28616.196666666663,0.0,27969.416694995525,28349.704706631685,30561.178937903533,-0.677806024626839,1.6874293420770459,-200.0,-325.2999999999993,46.64526457238616,48.53434581223784,46.00067841469492,53.43481501824313,32.56093914569683,31.28589148711351,19.022735353064146,45.26817295892586,37.78483601626604,0.031098644295203037,0.030624878726817368
2023-03-25,27475.6,27462.2,27761.9,27176.7,"61,36K","0,05%",27915.120000000003,28615.073333333337,0.0,27879.631841359973,28293.31085459093,30530.460499649787,-1.1743717201218613,-0.4196959922294733,-688.8000000000029,-33.70000000000073,41.397118946714926,46.66522399356926,45.82224584650701,33.90089842677226,35.88999176115181,19.848853769467503,21.013460743327016,38.07983830217279,38.81180971630693,-0.01779898832823923,-0.017959295371658118
2023-03-24,27462.2,28306.9,28374.5,27026.5,"110,36K","-3,00%",27881.129999999997,28610.766666666666,0.0,27803.735142930887,28239.690799456035,30499.914634846962,-2.610441054957209,-1.2644756758311517,-339.8999999999978,-129.20000000000073,41.25830603238982,46.61524329624102,45.81743877824574,33.375181450821934,40.2369649652791,19.541048375982,23.55859787752099,37.88637840179024,40.411463220962965,-0.00048770545502185847,-0.00048782442200942587
2023-03-23,28310.7,27262.8,28734.1,27144.6,"158,46K","3,85%",27892.370000000003,28627.326666666668,0.0,27895.91057148891,28244.272038200805,30478.120166115532,-0.5109625001317744,3.83608168774391,112.40000000000146,496.7999999999993,52.47127160903785,50.1150857237271,46.17677220963269,66.66405115932362,44.646710345639256,39.03156153810815,26.140487894519207,50.13643254168774,42.034216415216925,0.030897014805805867,0.030429311399456732
2023-03-22,27261.7,28114.2,28760.3,26668.7,"262,03K","-3,03%",27772.93,28627.223333333335,0.0,27780.59955849092,28180.880293800754,30446.099637950807,-4.256559561981758,-3.465944299853045,-1194.3999999999978,-3.099999999998545,41.57083482292036,46.23823260258832,45.79937541222396,25.509043116638562,41.84942524226136,14.935452749575056,24.502687554555052,34.99169854905076,41.00483649750959,-0.03705312832250707,-0.03775703830352869
2023-03-21,28114.0,27719.8,28437.8,27350.6,"438,78K","1,42%",27736.96,28623.006666666668,0.0,27841.21782058348,28176.56543613619,30422.882931565957,0.3014680961130238,-2.4283587321308984,-359.7000000000007,-126.5,50.79820152555543,49.52044473956827,46.158697665150655,58.946996743693326,50.373363673218485,34.51325400836127,29.493422765348146,47.29661445174331,44.141581847493946,0.03126364093215028,0.03078488614984012
2023-03-20,27720.5,27958.9,28457.8,27157.0,"503,90K","-0,85%",27706.059999999998,28586.566666666666,0.0,27819.269125931936,28147.141859611274,30395.98008644759,-2.2218381398498837,-8.760721738386295,-309.0,-1093.2000000000007,46.99127036538489,48.11740236305519,46.017141552282936,51.61020104244231,45.35541363425805,25.474341893692277,24.974349550542854,41.615534541254604,41.30128251401623,-0.013996585331151778,-0.014095461232508252
2023-03-19,27958.7,26914.5,28347.3,26844.6,"393,27K","3,88%",27666.890000000003,28505.783333333333,0.0,27844.620193944316,28134.984320281517,30371.71652214794,2.5548194936578854,-5.015135094734484,-391.7000000000007,-2423.5,49.53500293304396,49.02186467522118,46.117671481446024,62.69545793000751,57.750885238714375,30.94592732117426,30.311174407742588,45.0545008301451,44.655549941047674,0.00859291859814948,0.008556209614771064
2023-03-18,26914.5,27391.9,27659.1,26688.7,"392,47K","-1,74%",27632.120000000003,28421.77,0.0,27675.507431408983,28056.24339639239,30337.299475819585,-0.793592285973355,-11.203452291795196,-347.7000000000007,-2520.4000000000015,40.1504446560444,45.43033169162241,45.742372799288496,14.100893521965755,42.802184164805176,6.960077181053887,21.12678213197346,29.979065906301884,38.88303375923387,-0.03734794536226649,-0.03806324645314286
2023-03-17,27391.8,25004.4,27742.2,24900.1,"674,96K","9,55%",27658.32,28324.486666666668,0.0,27623.924262061897,28013.376080496106,30307.97678334534,-2.0794680679929245,-9.596826360744034,262.0,-2918.5,45.403717424305654,47.257512981365046,45.94445802275741,64.54846899124398,47.11494014773907,41.0846194433452,26.330207981857768,36.86999205948169,37.30118626530956,0.01773393523936906,0.01757852369211298
2023-03-16,25004.1,24283.2,25139.0,24147.9,"462,58K","2,97%",27361.379999999997,28147.969999999998,0.0,27147.592578050644,27819.229236593128,30255.176503718336,-8.995253970795906,-17.94536057100665,-2969.4000000000015,-5295.5,30.51566988093694,40.27820976581807,45.099928455544955,18.563004075969072,32.404122196392926,12.559777028018146,20.201491217472395,11.241236247144359,26.03009807097598,-0.08716842266663749,-0.09120388710913623
2023-03-15,24282.7,24699.6,25108.9,23932.4,"614,31K","-1,69%",27042.090000000004,27941.643333333333,0.0,26626.703018405075,27591.066060038735,30195.72057497418,-11.57773230112664,-20.08957660082798,-3192.899999999998,-6189.799999999999,27.48966482939656,38.50102284987582,44.849598063645864,7.255742662441215,30.12240524321808,5.31425884066325,19.65288510400885,4.472619093218924,17.527949133281663,-0.028851268391983598,-0.029275648777013694
2023-03-14,24699.7,24121.5,26365.9,23994.6,"753,06K","2,43%",26765.840000000004,27752.053333333333,0.0,26276.33883324052,27404.526314229784,30141.008018296474,-12.754894792428303,-17.354716526580656,-2762.5,-5687.700000000001,31.831260841021958,40.08192139594714,45.02686391292751,15.893038381076652,13.903928373162303,11.710570495406117,9.861535454695824,9.796861633533783,8.50357232463236,0.017172719672853498,0.01702693516652637
2023-03-13,24114.4,21994.8,24406.2,21859.6,"733,63K","9,64%",26346.21,27559.653333333332,0.0,25883.259045378607,27192.260100408508,30081.01377676506,-11.544767934501515,-20.17636777713044,-4196.299999999999,-5772.0,29.112740734421223,38.639688330993174,44.823626912364546,32.67494601996903,18.60790902116229,26.142608695652207,14.389146010573844,22.764490302779457,12.344657009844061,-0.023696644088794572,-0.023981925379377714
2023-03-12,21994.8,20465.0,22028.6,20294.2,"455,69K","7,46%",25819.519999999997,27285.826666666664,0.0,25176.266491673407,26856.94009393054,30000.516752965825,-21.765668350288113,-25.796025775108806,-5266.9000000000015,-8214.8,21.66696862501513,34.04981857640966,44.099167968079456,20.83149590866773,23.133160103237795,17.974464127172013,18.6092144394101,14.826116143431284,15.795822693248182,-0.087897687688684,-0.09200311064814033
2023-03-11,20467.5,20156.5,20669.5,19796.7,"453,46K","1,54%",25054.87,26980.04333333333,0.0,24320.127129550965,26444.718152386635,29905.617462794256,-26.164751718042606,-27.74459342102476,-7646.5,-9173.5,17.98440223022976,31.280141398514274,43.58897925875914,7.7449746567987825,20.41713886181184,7.163834808889639,17.09363587723794,5.6050401911796595,14.398548879130137,-0.06943914016040154,-0.07196779951519924
2023-03-10,20156.7,20362.0,20362.6,19591.8,"655,27K","-1,01%",24298.489999999998,26707.713333333333,0.0,23563.140378723514,26039.03956191008,29808.569365739037,-27.905446247500777,-27.86029232817488,-7563.799999999999,-8169.899999999998,17.318844852640893,30.753531212365985,43.486086608954515,6.451944492033595,11.676138352500027,5.903684969588041,10.347327968549884,4.640712413844105,8.357289582818355,-0.015185049468669831,-0.015301522940236956
2023-03-09,20361.8,21710.8,21826.5,20079.6,"468,76K","-6,21%",23538.8,26455.066666666666,0.0,22981.078491682878,25672.766041786846,29714.52950322597,-24.34635605342845,-27.045832377894985,-7596.9000000000015,-7579.4000000000015,19.503136348957014,31.540329237245857,43.57442413295029,9.447389085198271,7.88143607801021,8.047154233639194,7.038224670705611,6.325630303876707,5.52379430296683,0.010175276707000469,0.01012385709067951
2023-03-08,21710.8,22197.8,22274.3,21661.3,"316,51K","-2,19%",23018.43,26248.413333333334,0.0,22750.118765922354,25417.1553294135,29634.855041611805,-20.739783438839364,-22.5629264499745,-5203.700000000001,-6199.600000000002,32.52946404592187,36.45313197484893,44.15148901776558,25.998723989006674,13.966019188746174,22.145350416988897,12.032063206738698,17.40780599209707,9.4580495699393,0.06625151018082875,0.06414923617053661
2023-03-07,22197.8,22410.1,22535.1,21968.6,"304,75K","-0,95%",22499.03,26053.783333333333,0.0,22649.697172118293,25209.45498558037,29560.8219626287,-11.223359369063472,-21.210357250607842,-5194.0,-5838.9000000000015,36.64208264212795,38.11173739183047,44.35795365244445,38.47005506266514,24.63872271229002,27.234914198524336,19.14247294971746,21.40856178169182,15.047332692555203,0.022431232382040367,0.02218335227904904
2023-03-06,22410.0,22428.2,22595.4,22320.1,"215,31K","-0,08%",22239.620000000003,25861.666666666668,0.0,22606.115868096782,25028.84498651067,29489.6385374017,-7.7120748516433535,-20.431466674241243,-2594.0999999999985,-5763.5,38.458218153106905,38.8313806840206,44.447888495682385,41.602574511743256,35.35711785447168,29.452584495119456,26.277616370210882,23.151806912188754,20.65605822865922,0.009559505896980847,0.009514102944341182
2023-03-05,22428.3,22347.1,22636.7,22213.5,"160,57K","0,36%",22054.18,25670.463333333333,0.0,22573.785710261003,24861.067890606755,29419.34618645226,-9.196063110078265,-19.328755741472765,-1854.4000000000015,-5736.100000000002,38.626791684480416,38.894770040166215,44.45566970776556,41.872721099481836,40.64845022463007,29.643835043789053,28.777111245810932,23.302143320709455,22.62083733819668,0.0008165997322624463,0.0008162664961024469
2023-03-04,22347.1,22354.7,22403.7,22167.4,"123,93K","-0,03%",21818.92,25488.63,0.0,22532.570126577182,24698.876413793416,29348.945556761468,-7.328815977175475,-20.750187068014743,-2352.600000000002,-5455.0,38.11210295135296,38.71063090098114,44.42791833281254,57.230392156862706,46.90189592269593,28.795226051878004,29.29721519692882,22.63507685230063,23.029675695066285,-0.0036204259796774885,-0.003626995583116497
2023-03-03,22354.4,23465.6,23473.4,22051.9,"344,63K","-4,73%",21642.92,25293.833333333332,0.0,22500.175558108604,24547.619870968036,29279.31869305285,1.6349318929928993,-21.44250266199513,-1760.0,-5843.899999999998,38.19436668304716,38.73760450408074,44.4310525801732,71.17168178070901,56.75826501235118,28.871517254352796,29.10352611667327,22.695047113623122,22.87742242887774,0.00032666430991068474,0.0003266109667415569
2023-03-02,23465.4,23642.2,23780.5,23208.7,"249,26K","-0,75%",21789.980000000003,25127.47666666667,0.0,22675.670911179768,24477.799234131387,29221.44456528697,14.647123488457318,-17.589213906166037,1470.6000000000022,-4990.699999999997,49.53722482672418,42.70738858301367,44.906329178962935,92.47737961658751,73.62648451805306,40.4824112200322,32.71638484208765,31.822027980645228,25.717383982189663,0.04969938803993834,0.04850382607377137
2023-03-01,23642.2,23130.6,23914.1,23025.3,"328,77K","2,21%",22107.45,24966.426666666663,0.0,22851.403472783444,24423.88960612291,29165.90671098146,17.29201704644113,-15.65243761037478,3174.7000000000007,-4831.5,51.12329377759441,43.31210905184576,44.98158973444015,93.70936769775356,85.78614303168337,42.330121438872986,37.228016637752646,33.27445841924964,29.263844504506,0.007534497600722778,0.007506255047260426
2023-02-28,23130.5,23494.0,23595.0,23033.8,"275,10K","-1,55%",22404.829999999998,24803.126666666663,0.0,22902.14829591373,24340.445115405302,29105.828298235083,13.597520847862176,-18.41208589649529,2973.7999999999993,-4899.0,46.430367804706,41.98529615255542,44.80356172931806,79.56448037553791,88.583742563293,38.59628074385124,40.46960446758546,29.070789553673386,31.389091984522754,-0.021643501873768067,-0.021881157856202777
2023-02-27,23494.1,23558.7,23876.2,23166.8,"297,65K","-0,27%",22718.06,24641.25,0.0,23009.775878474866,24285.842204733992,29049.967546826752,8.213884334064149,-13.821701843578296,3132.2999999999993,-4856.300000000003,50.05048088281857,43.26290860386521,44.959131131597545,81.35653409090908,84.87679405473352,42.56203304793586,41.162811743553355,32.0578014737897,31.467683148904246,0.01571950455026916,0.01559723284113471
2023-02-26,23558.7,23166.1,23671.8,23066.0,"209,12K","1,69%",22902.85,24517.8,0.0,23109.580264206706,24238.929804428575,28995.306116964024,6.130787735721565,-13.163016314163755,1847.9000000000015,-3703.5,50.70805627080829,43.49162944565123,44.98681746606947,81.73220251863286,80.88440566169328,43.26661940339206,41.474977731726376,32.58849721097211,31.239029412811735,0.002749626501972857,0.0027458531942314295
2023-02-25,23166.1,23191.3,23215.3,22777.4,"198,35K","-0,11%",22999.68,24385.676666666663,0.0,23119.856579805484,24169.714978336408,28937.280995287525,3.3739402052655,-17.185550610399133,968.2999999999993,-3963.7000000000007,46.56825520021809,42.41661158683559,44.84902423768328,59.83245623456121,74.30706428136772,38.98456672301903,41.60440639144897,29.363247266424043,31.336515317061956,-0.01666475654429156,-0.01680517582093726
2023-02-24,23191.5,23936.4,24123.4,22970.3,"367,99K","-3,11%",23077.829999999998,24226.27666666667,0.0,23132.882656204485,24106.60433457277,28880.08653086672,3.40284372868207,-15.59238014820422,781.5,-4782.0,46.8800016195603,42.511714984128076,44.86000593983192,55.01327540429634,65.5259780524968,39.261602225009554,40.50426278380687,29.571910915409077,30.50788513093508,0.0010964296968416498,0.0010958290568012187
2023-02-23,23936.3,24186.6,24590.4,23637.9,"417,46K","-1,03%",23228.63,24108.3,0.0,23278.958536894577,24095.616958148723,28830.875446224527,7.1114372782150745,-12.839102475402559,1508.0,-3539.2999999999993,55.36482491831734,45.254407870001174,45.18168663564875,74.23281465432333,63.02618209772695,47.38506844085728,41.877079129628605,35.6905205911589,31.54189292433068,0.03211521462604838,0.031610302907362074
2023-02-22,24186.6,24450.7,24474.3,23593.4,"400,24K","-1,08%",23412.579999999998,23999.113333333335,0.0,23443.9842574592,24101.486831816543,28784.645912641514,8.196149303940151,-14.567283747840928,1839.5,-3275.600000000002,57.87717912415689,46.14760493760226,45.28948872018807,84.09296828835915,71.11301944899293,50.1150678955118,45.5872461871262,37.74676119513337,34.33639756723378,0.01045692107802787,0.010402625659407715
2023-02-21,24450.7,24839.5,25236.8,24160.8,"395,97K","-1,57%",23622.21,23870.446666666663,0.0,23627.02348337571,24124.016713634832,28741.50559271099,4.198948238683334,-10.311169149392738,2096.2999999999993,-3860.0,60.48473468186755,47.08985865872363,45.403343693609116,68.03691957387984,75.45423417218744,52.99558270164151,50.16523967933685,39.916370238320184,37.78455067487082,0.01091926934748999,0.010860084572513551
2023-02-20,24839.5,24302.8,25085.4,23868.6,"363,02K","2,21%",23759.62,23789.706666666665,0.0,23847.473759125583,24170.17692565839,28702.664976575066,5.06424951992623,-11.64722202461407,1374.0999999999985,-2422.2000000000007,64.11808354488298,48.463147346683954,45.57093322834017,83.84565341140117,78.65851375788004,59.189036769681934,54.09989578894507,43.11040278656338,40.257844740005645,0.01590138523641449,0.01577628267030863
2023-02-19,24302.9,24631.3,25175.2,24273.7,"312,64K","-1,33%",23825.69,23662.67,1.0,23930.27853019366,24178.73970464817,28658.869821714496,5.068632325284804,-12.32878194837755,660.7000000000007,-3811.0999999999985,56.19455964593815,46.73141979772991,45.37772531829271,62.02732373749701,71.30329890759268,53.136702007669776,55.107107159664395,38.70217782414749,40.57631694967702,-0.021602689265081798,-0.021839443248562955
2023-02-18,24631.4,24573.5,24838.9,24457.0,"223,77K","0,24%",23975.780000000002,23559.7,1.0,24057.75516106754,24207.94359467087,28618.780633301074,4.840789815315348,-11.900767918393914,1500.9000000000015,-3089.0999999999985,59.591246346210674,47.910188772576824,45.51983935793697,75.38424005855093,73.75240573581637,57.559248472388816,56.628329083246825,41.40083958365853,41.0711400647898,0.013516905389891809,0.01342636697790058
2023-02-17,24573.5,23538.2,24984.7,23373.0,"523,85K","4,39%",24083.72,23446.86,1.0,24151.52694996435,24231.527878885652,28578.514305745266,4.307538191835709,-8.697913763956231,1079.4000000000015,-3385.2000000000007,58.699861599928084,47.717656680430736,45.49886986536904,73.03000731885825,70.14719037163539,61.12215351393796,57.27270133133217,40.925185045224154,40.34273415101006,-0.002350658103071779,-0.002353425237071701
2023-02-16,23539.6,24328.1,25233.8,23525.9,"484,50K","-3,24%",24081.809999999998,23334.363333333335,1.0,24040.267504516283,24186.887370570446,28528.35762909181,1.6122696526389855,-14.063332822231473,-19.100000000002183,-3374.9000000000015,45.26572709638515,44.42020079669905,45.12580099237027,30.99129869073749,59.80184868938222,48.43688653317627,55.70609617316766,32.43158871901878,38.25253778263382,-0.04207377866400808,-0.04298451719616185
2023-02-15,24327.9,22198.5,24330.9,22050.8,"401,53K","9,59%",24197.99,23232.233333333334,1.0,24092.56432187696,24195.984959565903,28486.54698888619,4.9000711467563605,-2.7043564855363607,1161.800000000003,-3063.899999999998,54.154465706262386,47.2929947284544,45.468431716446844,71.47206528562468,58.497790431740135,69.91482263326495,59.8246208934597,38.90755543141622,37.42144306521973,0.03348824958792851,0.03293973054232708
2023-02-14,22198.5,21776.9,22308.6,21556.2,"378,39K","1,96%",24098.690000000002,23138.713333333333,1.0,23748.188990626604,24067.114962174554,28423.957063694306,-7.260102856331176,-8.583065309870817,-993.0,-2805.5999999999985,36.40830373030996,41.324268539740814,44.71053398133992,17.45095908275823,39.971441019706795,38.48038853869887,52.27736590171335,21.414312354695348,30.91781883504345,-0.08752913321741707,-0.09159912084876978
2023-02-13,21772.6,21782.7,21887.5,21418.7,"312,04K","-0,07%",23882.32,23055.04333333333,1.0,23388.990992330855,23919.08173880845,28357.75105953818,-9.980733133222529,-11.850751223699081,-2163.7000000000007,-2510.100000000002,33.93686542849606,40.27262531208084,44.56122529720753,9.269008145412586,32.73067750459849,32.19320647761324,46.862805883192344,17.91549943726535,26.079122407792312,-0.019185981034754662,-0.019372420503843277
2023-02-12,21786.8,21859.9,22080.7,21653.1,"211,65K","-0,33%",23642.34,22957.946666666667,1.0,23097.68353917979,23781.515175014356,28292.345626934934,-10.89498460166785,-9.652323922635446,-2399.7999999999993,-2912.9000000000015,34.102578186631774,40.32500460236729,44.56742824124118,9.640920876875898,12.120296035015562,38.883968113374664,36.519187709895576,18.03215391819399,19.120655236718235,0.000652195879224271,0.0006519832919191868
2023-02-11,21859.8,21627.4,21902.9,21605.3,"182,07K","1,04%",23383.25,22882.79333333333,1.0,22872.613804783465,23657.53355081988,28228.31806629894,-11.995813120231892,-0.6137814392492771,-2590.9000000000015,-2254.600000000002,35.0334261222135,40.602027442695594,44.599454758505054,11.561951193939837,10.157293405409431,40.177147918511956,37.084774169833274,18.631856531418663,18.19316996229267,0.003350652688784095,0.0033450517597551186
2023-02-10,21635.0,21792.5,21933.6,21491.7,"352,79K","-0,72%",23062.8,22870.8,1.0,22647.593113004652,23527.047515283113,28162.690452547347,-10.977702249525782,5.704165139855869,-3204.5,-359.7999999999993,33.41823200723806,40.010340299717846,44.519848222414474,5.669576157898859,8.957482742904856,36.19486271036317,38.41865958074991,16.785101086858305,17.81637051215699,-0.01028371714288323,-0.010336959898858213
2023-02-09,21792.5,22964.6,23003.6,21744.6,"425,44K","-5,10%",22811.760000000002,22914.966666666667,0.0,22492.121637912896,23415.141223974526,28099.28399007989,-11.52553245044943,8.115415717850636,-2510.4000000000015,1325.0,35.72511292224506,40.63733705698313,44.58949042403662,9.79790831170872,9.00981188784913,38.984942426926494,38.45231768526719,18.078980012651265,17.831979210309417,0.007279870580078507,0.007253500226745872
2023-02-08,22964.6,23251.7,23425.1,22691.7,"289,12K","-1,23%",22645.079999999998,23008.56333333333,0.0,22578.026794656005,23386.074048234233,28048.17546323628,-6.547296884855642,12.78275987388148,-1666.800000000003,2807.899999999998,50.038615387323226,45.05812551259652,45.10487293067629,40.520563025870835,18.662682498492796,55.94120840766307,43.70700451498423,27.70790375183812,20.857328283782568,0.05378455890788114,0.05238802591276047
2023-02-07,23251.7,22761.8,23338.8,22748.2,"318,98K","2,15%",22512.9,23104.893333333333,0.0,22700.512831991276,23377.40475479977,28000.433483990928,-1.2230454213325537,7.0973893177589105,-1321.7999999999993,2889.9000000000015,52.89364187256702,46.075691832808786,45.23028042552699,48.04592278053001,32.788131372703184,48.00817160367724,47.64477414608891,30.066460193712167,25.284447986067192,0.01250185067451648,0.012424347823569623
2023-02-06,22761.8,22936.0,23130.6,22633.7,"278,58K","-0,76%",22435.120000000003,23139.926666666663,0.0,22711.655953447407,23337.688319006236,27948.290633215052,-6.437464803784963,2.540792330771518,-777.7999999999993,1051.0,47.7230999945649,44.617020914553514,45.05376933619732,46.11977199368169,44.89541926669417,35.17718236819358,46.37552079317794,26.04188060167424,27.93874818240818,-0.021069427181668487,-0.02129455539294301
2023-02-05,22936.0,23326.9,23423.4,22766.5,"217,26K","-1,66%",22295.93,23164.533333333333,0.0,22752.445780093334,23311.77294358648,27898.40085413468,3.3222965515688,2.3471664435519854,-1391.9000000000015,738.2000000000007,49.66704174624793,45.25454630632738,45.1302925128433,75.62300637958538,56.59623371793234,39.73966108797569,40.975005019948824,27.472951769122712,27.86043085483638,0.007653173299124072,0.007624036334087667
2023-02-04,23323.8,23431.2,23571.8,23269.8,"170,27K","-0,46%",22408.46,23194.993333333336,0.0,22856.32836553091,23312.548882709933,27852.867762936065,7.124551041216947,3.9927234788191703,1125.2999999999993,913.7999999999993,53.90667780455507,46.66834997791698,45.300733155845556,88.48172402582323,70.07483413303008,49.89654540216336,41.60446295277753,30.65876921307516,28.05786719462404,0.016907917683990137,0.01676656988356161
2023-02-03,23431.2,23429.1,23694.1,23233.8,"349,36K","0,02%",22574.32,23228.423333333332,0.0,22960.850480888927,23320.203793502842,27808.857025808768,7.547689426625304,4.8511887448483355,1658.6000000000022,1002.9000000000015,55.07121865355821,47.06004168286299,45.34798514466963,88.06302215764629,84.05591752101829,52.70946282182239,47.44855643732046,31.541071413901612,29.890930798699838,0.00460473850744747,0.004594169132804087
2023-02-02,23427.6,23726.2,24207.2,23398.1,"382,86K","-1,26%",22738.4,23264.440000000002,0.0,23045.714029818213,23327.13258101879,27765.24865240829,7.172069277852493,4.800844576459207,1640.7999999999993,1080.5,55.019447403682626,47.04805986953527,45.34666549369397,71.29073835389423,82.61182817912125,52.61517508708516,51.74039443702363,31.511497038454895,31.237112555143895,-0.00015364129878125965,-0.00015365310281467874
2023-02-01,23725.6,23124.7,23784.5,22809.6,"333,18K","2,60%",22924.98,23310.146666666667,0.0,23169.329660760355,23352.840156436927,27725.040567858243,9.663045990293499,1.1088666717805666,1865.7999999999993,1371.199999999997,58.5991312449754,48.177913426771134,45.47866073835957,82.26477628429379,80.53951226527809,60.42010424032892,55.24824738307881,33.95959811709809,32.33738885648487,0.012720039611398448,0.012639819460305032
2023-01-31,23125.1,22832.2,23262.9,22724.9,"289,38K","1,28%",23073.989999999998,23298.803333333333,0.0,23161.287904258472,23338.147243118412,27679.255837694083,6.114947803143276,-2.1871907013729777,1490.0999999999985,-340.3000000000029,49.73673098956864,46.126239522588286,45.25729830884499,56.05863721270197,69.87138395029665,44.692386265419934,52.57588853094466,29.026427990503333,31.49917438201878,-0.02531021344033446,-0.025636026241461555
2023-01-30,22832.2,23746.0,23794.0,22560.0,"339,62K","-3,88%",23177.96,23271.803333333333,0.0,23101.45373984784,23305.50548549787,27631.01163619288,-0.5765395434712463,-1.289639220942043,1039.7000000000007,-810.0,45.968926211541714,45.15594211269383,45.14956918309395,16.525012141816454,51.616141879604065,37.02103140305389,47.377840636267564,26.620223943742978,29.868750017114802,-0.012665891174524546,-0.012746787381748868
2023-01-29,23753.1,23023.5,23952.9,22973.3,"320,86K","3,15%",23256.809999999998,23292.556666666667,0.0,23219.934878057324,23334.382550949616,27592.413735575457,2.156401467419577,1.1024044334535055,788.5,622.5999999999985,57.27565881718185,48.66799773231535,45.55905623770772,72.43200582807175,48.338551727530046,61.14035776957122,47.61792514601499,34.18551348509368,29.94405513978,0.040333388810539494,0.03954122794690694
2023-01-28,23027.9,23074.6,23182.3,22889.8,"156,96K","-0,20%",23234.43,23277.016666666666,0.0,23185.019445683265,23314.609483146418,27546.982036294932,1.1690639580349629,-2.2530954594268753,-223.79999999999927,-466.1999999999971,48.41137325786946,46.254988618322,45.291448549547354,28.405779504613964,39.12093249150071,42.14661742751634,46.76933553338046,28.227919853442557,29.67788576075974,-0.03053075177555764,-0.031006524014004038
2023-01-27,23074.6,23016.0,23480.3,22602.9,"310,36K","0,25%",23265.71,23260.88,1.0,23164.94318283176,23299.125000362776,27502.467479040548,0.604290198814085,-0.3949736900039281,312.7999999999993,-484.1000000000022,48.97639011095658,46.43191960882634,45.31223833559462,31.240893637688096,44.02622632345793,43.36973887535681,48.885571357481446,28.611565223820506,30.34166618745225,0.002027974761050544,0.002025921196151309
2023-01-26,23016.0,23055.2,23259.5,22869.0,"320,97K","-0,17%",23273.71,23255.876666666667,1.0,23137.862604135076,23280.85887130711,27457.81285864738,-1.319682041519818,-0.7567427721363431,80.0,-150.09999999999854,48.23975777522068,46.23434349581853,45.29053333042445,27.6833414278776,29.110004856726537,41.83494408213509,42.4504334616694,28.13016011238263,28.323215063215233,-0.0025395889852911635,-0.0025428192115218872
2023-01-25,23055.1,22632.5,23779.0,22366.3,"388,18K","1,87%",23246.84,23251.33,0.0,23122.8148579287,23266.293782835684,27413.99199157362,-1.6051247908771302,-3.681437816203844,-268.7000000000007,-136.40000000000146,48.81055396982457,46.39179668027786,45.308101375553115,37.41648106904225,32.1135720448693,42.85901364553046,42.68789886767411,28.451370690150902,28.397698675451352,0.001698818213416775,0.0016973768539299348
2023-01-24,22632.5,22916.3,23156.1,22517.1,"334,17K","-1,23%",23166.969999999998,23207.87,0.0,23033.666701941664,23225.403861362414,27366.401216625312,-3.393860233229177,-6.425458725079171,-798.7000000000007,-1303.7999999999993,43.10239107763971,44.92093683246025,45.15061091869303,14.460318322559646,26.520046939826482,31.79068122888347,38.82821298551632,24.979667616880402,27.187066139804653,-0.018330000737363905,-0.01850007673571827
2023-01-23,22915.5,22709.0,23161.8,22527.9,"327,85K","0,91%",23115.76,23165.5,0.0,23012.18184704318,23205.41006385516,27322.100979419756,-3.4144552719425367,-6.278756845407292,-512.0999999999985,-1271.0999999999985,47.65704411375083,46.104690320004416,45.27862838161145,34.614899785705276,28.83056639243571,39.202744820722344,37.950813231712075,27.304542131162357,26.91186014606456,0.012504142273279673,0.012426611124291867
2023-01-22,22707.8,22775.7,23068.7,22323.0,"280,64K","-0,30%",23013.980000000003,23107.403333333332,0.0,22956.83969303533,23173.306188767732,27276.174539713527,-1.804532737155728,-8.581895770848853,-1017.7999999999993,-1742.9000000000015,44.73670788382125,45.36446516501963,45.200812070554704,23.608810356463522,24.2280094882428,33.78941574270659,34.92761393077078,25.598264969973794,25.960824906005524,-0.009063734153738734,-0.009105059690789813
2023-01-21,22775.7,22677.5,23304.5,22461.1,"382,69K","0,43%",22979.04,23038.61,0.0,22923.905203392544,23147.65417658917,27231.381148182692,-0.24745753803838438,-6.284023717334147,-349.3999999999978,-2063.7999999999993,45.9400040456663,45.659517296798306,45.23173755677057,27.77471010491443,28.666140082361064,35.569185604571324,36.18711538933341,26.156070551315658,26.352959217483942,0.002990161970776617,0.00298570032828067
2023-01-20,22677.2,21074.9,22718.5,20879.3,"373,74K","7,57%",22963.54,22984.42,0.0,22879.049711866624,23117.30229422858,27186.05333917203,-4.529514042377618,-7.933775587258543,-155.0,-1625.7000000000007,44.382353424025496,45.29245554094919,45.194552206486655,58.49492451847996,36.626148326619294,41.28832242507754,36.88230792411847,25.34688277867689,25.700406099988783,-0.004324784748657606,-0.00433416368122992
2023-01-19,21081.2,20670.6,21169.4,20669.7,"275,76K","1,99%",22696.35,22866.08,0.0,22552.167946072692,22985.94085589125,27125.29184260544,-8.453658388302888,-14.211650761999712,-2671.899999999998,-3550.2000000000007,27.55938348898401,39.91405014704393,44.5974994738489,13.234490078152641,33.168041567182335,9.016016301132757,28.62450811026052,12.235576330641528,21.246176553544696,-0.07037905914310405,-0.07297836639886755
2023-01-18,20670.6,21137.1,21584.1,20448.3,"388,67K","-2,21%",22460.62,22735.983333333334,0.0,22210.064683150384,22836.56402647891,27061.048585249053,-10.418382117133126,-12.187972607860797,-2357.300000000003,-3902.9000000000015,24.865196214110085,38.69126566530174,44.44568290792971,6.674272675413554,26.13456242401537,4.645282624595116,18.316540450268455,8.862454508859983,15.48163787272614,-0.019477069616530507,-0.019669247200561273
2023-01-17,21137.1,21184.4,21506.4,20926.2,"310,04K","-0,22%",22266.87,22655.9,0.0,22014.98019530486,22726.921186060914,27002.08795120314,-8.163451511991664,-13.115805309952783,-1937.5,-2402.5,33.11895083430552,40.822052372953564,44.66078827439048,20.680337466598587,13.529700073388247,17.740689228867225,10.46732938486502,12.69480066049438,11.264277166665302,0.022568285390844878,0.022317389483281692
2023-01-16,21184.2,20880.1,21416.8,20698.9,"337,46K","1,46%",22083.690000000002,22551.109999999997,0.0,21863.929250703975,22627.39078696021,26944.18308616111,-8.114907330699056,-4.569227650516924,-1831.7999999999993,-3143.7000000000007,33.93313165482073,41.03609308942539,44.682522390308364,22.094454619149168,16.483021587053756,19.577535981271147,13.987835944911149,13.081732072588673,11.546329080647682,0.0022283094653476887,0.0022258304657801144
2023-01-15,20879.8,20956.0,21032.2,20585.7,"205,80K","-0,37%",21866.16,22507.153333333332,0.0,21684.99665966689,22514.6429942531,26883.825039456617,-7.7441732022534,-4.100566767404901,-2175.2999999999993,-1318.7000000000007,31.205243282561753,40.06720734032679,44.568827517589376,15.107485470205164,19.29409251865096,11.47942217137992,16.26588246050608,10.581054326484674,12.11919568652258,-0.01436919968655892,-0.01447343637314216
2023-01-14,20958.2,19926.9,21185.6,19898.6,"458,21K","5,17%",21698.730000000003,22480.006666666664,0.0,21552.851812454726,22414.227317204513,26824.84818913041,-8.541380288451045,-3.8032202985293786,-1674.2999999999993,-814.3999999999978,32.752309600249916,40.441871607235925,44.60531296238149,31.110719633577077,22.770886574310452,24.592675114886546,18.549877755845856,11.225118502879406,11.629301633984255,0.003754825237789694,0.0037477934780291602
2023-01-13,19927.0,18850.8,19981.6,18723.8,"426,67K","5,71%",21399.88,22418.01333333333,0.0,21257.242392008415,22253.76103867519,26756.195127256502,-12.246012383410102,-8.841800931390036,-2988.5,-1859.7999999999993,24.650758004603148,37.27153659914345,44.22054980575123,26.26672779269545,24.16164429882588,21.942590363643003,19.338229216636474,9.226498577530352,10.34422380229815,-0.04920269870504146,-0.050454381852084104
2023-01-12,18851.3,17941.0,19055.3,17915.5,"522,01K","5,07%",21014.23,22317.73,0.0,20819.798320734157,22034.24742327679,26677.51930801688,-17.230644941758108,-12.866651259533167,-3856.5,-3008.5,19.158081291661745,34.364469380952556,43.82422946679535,17.36500278344775,24.914150069906743,14.873563583769078,20.46960968743286,6.757166582424719,9.069594554278163,-0.053982034425653636,-0.055493719017197914
2023-01-11,17942.3,17440.5,17989.8,17323.9,"291,53K","2,89%",20530.89,22194.640000000003,0.0,20296.6168078734,21770.25081532345,26590.57966204847,-20.8795618506694,-17.667546174142483,-4833.4000000000015,-3692.7000000000007,15.843459488678064,32.170968170720485,43.493179904634495,11.463315167018834,18.365015247720663,8.984062876817775,15.266738941409935,4.282370538620264,6.75534523285845,-0.0482194861892814,-0.049420823491969135
2023-01-10,17439.1,17180.1,17491.0,17151.7,"247,14K","1,51%",20007.079999999998,22049.52666666667,0.0,19777.06829735096,21490.82173046387,26499.497301513235,-17.27653074777528,-24.060945977722234,-5238.100000000002,-4353.4000000000015,14.319593106039704,31.036478160200573,43.31115443628358,6.484071834671915,11.770796595046152,4.073417900928323,9.310348120505045,1.966768860177364,4.33543532707412,-0.028045456825490644,-0.028446241896643583
2023-01-09,17180.1,17119.0,17390.8,17107.1,"301,24K","0,36%",19616.969999999998,21856.710000000003,0.0,19304.892243287148,21212.7106510791,26406.743930926095,-16.886302284403936,-26.11249930112638,-3901.100000000002,-5784.5,13.572991255290987,30.46445663700831,43.217590690815875,1.6305561760107212,6.52598105923381,1.0281545330347457,4.695211770260268,0.49804194468323165,2.2490604478269582,-0.014851683859832265,-0.014963074383698123
2023-01-08,17119.0,16943.6,17119.0,16913.8,"144,84K","1,04%",19261.81,21652.286666666667,0.0,18907.45728996221,20948.60028649335,26314.30582615924,-19.0097033178629,-24.7906580323173,-3551.5999999999985,-6132.700000000001,13.389996856674273,30.32804573982054,43.19546665389116,4.4680573095849985,4.194228440089197,2.8135026188060532,2.6383583509230264,1.3817530486778449,1.282187951179485,-0.003556440300114594,-0.0035627794682970807
2023-01-07,16943.6,16950.9,16979.6,16909.7,"110,48K","-0,04%",18842.46,21458.346666666668,0.0,18550.3923281509,20690.213171235715,26221.042255122546,-20.01774907714241,-26.126613184513438,-4193.5,-5818.200000000001,12.837916075768305,29.930053361204116,43.13176270887047,0.7521466131214712,2.283586699572383,0.46454265159298136,1.4353999344779125,0.2282090637369592,0.7026680190326834,-0.010245925579765225,-0.010298776388826189
2023-01-06,16950.9,16829.8,17012.3,16707.6,"233,47K","0,72%",18419.129999999997,21258.843333333334,0.0,18259.575541214374,20448.96716018825,26128.779784094306,-18.81675111830572,-27.32359221053172,-4233.299999999999,-5985.0999999999985,13.003788143106604,29.969620380764226,43.13527056138297,5.433229120142986,3.5511443476164715,3.2441730225612413,2.1740727643200777,1.6158704647039093,1.0752775257062426,0.0004308411435587356,0.0004307483581627982
2023-01-05,16829.8,16852.2,16877.9,16772.3,"178,96K","-0,13%",18014.129999999997,21042.376666666667,0.0,17999.616351902667,20215.472504692236,26036.23052539597,-19.698256529663812,-28.173546382600982,-4050.0,-6494.0,12.563109923907561,29.68198714732027,43.09095503827528,2.728896828941508,2.9714241874019742,1.6294202357459158,1.7793786366333653,0.8115880426913955,0.8852225237107594,-0.00714416343674984,-0.00716980517116855
2023-01-04,16852.1,16674.2,16976.5,16656.5,"247,39K","1,07%",17603.519999999997,20823.073333333337,0.0,17790.977015193093,19998.480730195963,25944.824535504456,-15.430822502132793,-28.06732230360771,-4106.100000000002,-6579.100000000002,13.165203098053468,29.810313278834798,43.1017733557907,5.882529848726313,4.681551932603589,2.5904882990980775,2.4880271858017307,1.2946783161238982,1.2407122745064056,0.0013250306004823909,0.0013241535221212395
2023-01-03,16674.2,16673.1,16773.2,16607.2,"178,73K","0,00%",17278.239999999998,20597.96,0.0,17587.92664879435,19784.01100566719,25852.557922277047,-11.548805652660551,-29.720639309437903,-3252.7999999999993,-6753.399999999998,12.407857058676171,29.368012793863002,43.03617995540464,2.736816306523428,3.7827476613970688,0.9120982343411792,1.71066892306171,0.4420312324754409,0.8494325304302496,-0.010556547848635911,-0.010612663474122918
2023-01-02,16674.3,16618.4,16766.9,16551.0,"136,03K","0,34%",17060.54,20362.916666666668,0.0,17421.812712649924,19583.38448917253,25761.21080773076,-7.067098421049699,-27.895230723326602,-2177.0,-7051.299999999999,12.41100406695648,29.368622184619525,43.0362289293069,8.56964136780646,5.729662507685386,1.6657885137599704,1.722791682399728,0.8104643901797697,0.849057979593041,5.997289225234681e-06,5.997271241567557e-06
2023-01-01,16618.4,16537.5,16621.9,16499.7,"107,84K","0,49%",16928.15,20146.02666666667,0.0,17275.737673986303,19392.095167290434,25670.216692365488,-4.706091484078864,-27.215073448901112,-1323.8999999999978,-6506.699999999997,12.140094647741279,29.222824144333998,43.01545212144862,11.974175325330457,7.760210999886767,1.5926045188643898,1.3901637556551656,0.7776059954929035,0.6767005393827095,-0.003352464571226288,-0.0033580966717114383
2022-12-31,16537.4,16607.2,16635.9,16487.3,"130,44K","-0,42%",16837.98,19936.2,0.0,17141.494460534246,19207.921285529763,25579.32225126785,-3.740956106192613,-30.377929617607798,-901.6999999999971,-6294.799999999999,11.727931361167919,29.006966765331157,42.98523076124223,5.545102379634995,8.696306357590624,0.6710780111444783,1.3098236812562654,0.32793967480953434,0.6386700201607406,-0.00487411543830929,-0.004886032678735757
2022-12-30,16607.2,16636.4,16644.4,16360.0,"192,76K","-0,18%",16780.69,19698.003333333334,0.0,17044.35001316438,19040.132815495585,25490.02732489091,-2.9896606110169945,-27.882264557341312,-572.8999999999978,-7145.899999999998,14.507039725132245,29.47137912260267,43.019901255723894,32.569169960474404,16.696149221813272,3.331985442782056,1.8652226575969604,1.604725891784873,0.9034238540291083,0.00422073602863815,0.0042118537068457276
2022-12-29,16636.4,16546.2,16659.1,16496.6,"181,47K","0,55%",16732.43,19484.953333333335,0.0,16970.17728349813,18885.053279011998,25401.91191486707,-1.8130739630302717,-27.901675435327146,-482.59999999999854,-6391.5,15.740110435562173,29.670481462927228,43.034465541410405,42.37314119270301,26.82913784427079,3.7255694837579387,2.5762109792281436,1.7942808919471678,1.24231548618053,0.0017582735199190846,0.0017567295665635997
2022-12-28,16546.2,16705.9,16781.1,16474.2,"217,96K","-0,96%",16692.69,19267.34,0.0,16893.09050468029,18734.15951907574,25313.775953306424,-2.3874838504150264,-28.11001042752867,-397.3999999999978,-6528.399999999998,14.997668403791906,29.405215043125295,43.00034322394791,28.54514793806545,34.49581969708094,2.509772206496842,3.189109044345598,1.208737706514335,1.53591483008213,-0.005421846072467651,-0.005436597624475133
2022-12-27,16706.1,16918.2,16964.0,16610.1,"192,18K","-1,25%",16668.21,19057.01,0.0,16859.092231102055,18603.31696945795,25228.108743245106,-0.7350057635860244,-27.538375457057224,-244.8000000000029,-6309.9000000000015,22.223724585317342,30.543976555081883,43.0807513812058,56.139497161394736,42.352595430721045,4.665049198005102,3.6334636294199467,2.2467460806906976,1.7499215597174047,0.0096638503100408,0.009617453980601813
2022-12-26,16918.1,16831.8,16936.1,16799.4,"133,36K","0,51%",16677.04,18852.443333333333,0.0,16869.820916356228,18494.59329400905,25145.40422201594,0.3916425846036993,-25.248646857395347,88.29999999999927,-6137.0,30.879788268389888,32.047385011934935,43.18754265327057,90.52716950527146,58.403938201577205,8.03657570739432,5.070465703965407,3.6229673147456816,2.3594837006502427,0.012689975517924612,0.012610132539383862
2022-12-25,16831.8,16835.7,16852.9,16733.0,"132,89K","-0,03%",16675.010000000002,18659.086666666666,0.0,16862.90802247328,18387.316307298788,25062.66409504482,0.9451727819025711,-26.54840610067422,-20.299999999999272,-5800.700000000001,29.39982650771644,31.757905971792937,43.154417818745756,78.11258278145684,74.92641648270767,6.793865649074797,6.498496851491392,3.1237585741147758,2.99782398985039,-0.005101045625690803,-0.0051141003730932715
2022-12-24,16837.2,16778.6,16855.8,16777.8,"110,12K","0,35%",16691.309999999998,18456.476666666666,0.0,16858.233836569045,18287.308803602093,24980.801346142114,0.9769525557294847,-25.85279067104695,163.0,-6078.299999999999,29.63429133428386,31.797783592227404,43.15715958785129,79.00662251655642,82.54879160109489,6.871625026999794,7.234022127822956,3.159511639609105,3.3020791761565254,0.0003208213025345241,0.00032076985038478043
2022-12-23,16779.1,16820.5,16910.7,16768.0,"184,12K","-0,25%",16701.79,18258.853333333336,0.0,16843.845866283762,18190.00500982131,24899.175264607235,0.967000433254688,-26.328938298274046,104.79999999999927,-5928.700000000001,28.50267948869356,31.592306291853973,43.13466283385435,69.38741721854281,75.50220750551868,6.034991720066218,6.566827465380256,2.7748351386424335,3.0193684507887766,-0.003450692514194942,-0.0034566598852719616
2022-12-22,16820.6,16831.8,16862.2,16566.1,"198,28K","-0,07%",16722.010000000002,18060.35,0.0,16839.61934514126,18101.656299510258,24818.77474287192,1.7124820104732126,-25.825939710369894,202.1999999999971,-5955.100000000002,30.60575961736272,31.917392394684413,43.15593447611935,76.25827814569513,74.88410596026478,7.243846819218345,6.716821188761439,3.0496040679043315,2.994650282051962,0.0024733150168960716,0.0024702614072989178
2022-12-21,16831.8,16902.7,16919.4,16735.0,"174,34K","-0,42%",16751.45,17865.503333333334,0.0,16838.197646024666,18019.730086638625,24739.286022540397,1.3524254540199343,-20.157296548583577,294.3999999999978,-5845.4000000000015,31.212500131515014,32.00760079970861,43.16170136146291,78.11258278145684,74.58609271523157,9.031220688731063,7.436686409338527,3.1237585741147758,2.982732593553852,0.0006658502074836647,0.0006656286275881523
2022-12-20,16902.8,16441.3,17031.3,16400.7,"284,57K","2,81%",16781.010000000002,17726.22333333333,0.0,16849.943528565636,17947.670081049037,24661.29516969387,1.601307975283101,-18.227821156618575,295.59999999999854,-4178.4000000000015,35.203043139230616,32.59330379831478,43.198415545549494,79.62258166825241,77.9978141984681,10.390306464271347,8.888457990740237,3.5938451759845287,3.2557359393345497,0.00421820601480527,0.004209334323477959
2022-12-19,16441.3,16741.1,16809.5,16331.2,"207,93K","-1,79%",16761.5,17585.246666666666,0.0,16775.64470519007,17850.484914529745,24579.487694538446,-0.6339824249676751,-22.215914198258037,-195.10000000000218,-4229.299999999999,24.80869535033625,30.80875727129606,43.01689651550993,15.726324810741147,57.820496420150114,2.127454011439143,7.1829937214805035,0.7275779122941407,2.4817272207978194,-0.027303168705776537,-0.027682826751378772
2022-12-18,16741.1,16777.0,16825.7,16666.5,"124,29K","-0,21%",16780.989999999998,17438.713333333333,0.0,16769.363849700963,17778.911694237504,24501.478230071945,0.20950431279592485,-20.97365017324233,194.89999999999782,-4396.0,38.018503433646565,33.26426398191586,43.172797001002486,58.54877874589325,51.29922840829559,8.060012584552421,6.85925768675429,2.721020698078874,2.3474812621191856,0.018234567826145076,0.018070311847098966
2022-12-17,16777.1,16629.0,16794.4,16587.0,"164,49K","0,89%",16788.09,17291.81,0.0,16770.770422482605,17714.27868170605,24424.603566990296,-0.833426921462812,-19.64913457025451,71.0,-4407.100000000002,39.43807381705393,33.55717265284491,43.19155394450196,63.69090129981413,45.988668285482824,9.185481212920196,6.45764926963724,2.9599978757584062,2.1361988287104783,0.002150396329990256,0.0021480875370896418
2022-12-16,16629.6,17356.7,17518.5,16542.4,"303,56K","-4,19%",16759.239999999998,17150.136666666665,0.0,16745.103072940314,17644.299411918564,24347.026177898417,-1.2012975439346996,-20.653491234934307,-288.5,-4250.200000000001,35.714294329035894,32.94430472276335,43.13292917065463,25.132653920660154,49.124111322122495,6.147000659195738,7.797498152222772,1.9808552727658808,2.553957948867725,-0.008791745891721492,-0.008830621312572487
2022-12-15,17356.1,17796.4,17846.1,17298.2,"263,44K","-2,47%",16811.67,17030.066666666666,0.0,16856.193423314802,17625.705901472207,24277.45125846668,3.0818663435725524,-12.901590806443528,524.2999999999993,-3602.100000000002,57.615778936506096,38.65305841167413,43.51246735348239,67.65463066869096,52.159395296388396,28.076375191759762,14.469619021291884,6.803547483437539,3.914800210653947,0.04368716024438357,0.04275978961660504
2022-12-14,17796.4,17778.6,18351.8,17682.1,"318,98K","0,10%",16907.59,16959.046666666665,0.0,17027.1400736212,17636.71842395787,24212.950827597757,6.062899678767055,-5.595900547972808,959.2000000000007,-2130.5999999999985,65.52500380968725,41.76156406760671,43.741172154065644,72.51311491636156,55.10013316857087,53.78657171175807,29.33664918757118,9.72637113155694,6.170257962586791,0.025368602393395,0.02505216003655814
2022-12-13,17778.6,17210.9,17951.6,17094.5,"328,71K","3,30%",17007.54,16923.29,1.0,17163.76915114462,17645.872074025105,24148.915288794207,5.69539731044077,-0.9123690942632814,999.5,-1072.7000000000007,64.9803250942627,41.67325389544436,43.73397783173342,71.63218845887354,70.599978014642,71.63218845887354,51.16504512079712,9.608210193704265,8.712709602899585,-0.00100020228810338,-0.0010007028241980087
2022-12-12,17210.4,17093.2,17232.5,16878.5,"249,39K","0,68%",17046.519999999997,16898.893333333333,1.0,17172.247487300145,17617.77710150736,24079.862366735677,2.2493137988807033,-1.3114208875457856,389.8000000000029,-731.8999999999978,50.18443474537009,38.9531760490257,43.504420583427596,43.51182816985061,62.55237718169523,43.51182816985061,56.310196113494065,5.8363537393290095,8.390311688196743,-0.03195977186055132,-0.03248163457377138
2022-12-11,17093.3,17127.0,17262.9,17080.6,"167,20K","-0,20%",17072.670000000002,16887.366666666665,1.0,17157.89339870012,17583.939869152047,24010.331404455632,1.1270322076815675,-0.5052357087560566,261.5,-345.7999999999993,47.6974803667708,38.418557651285916,43.45717446868894,37.716519845590376,50.95351215810482,37.716519845590376,50.95351215810482,5.059014086376963,6.834526006470084,-0.006804025472969988,-0.0068272783899375284
2022-12-10,17127.2,17125.7,17220.5,17105.7,"148,81K","0,01%",17095.109999999997,16885.603333333333,1.0,17152.31278075464,17554.472780819655,23941.829924143964,4.171811231471973,0.04789999415854154,224.40000000000146,-52.89999999999782,48.51812183340885,38.67063600115039,43.47503493265462,39.39423933485106,40.207529116764,39.39423933485106,40.207529116764,5.284050928691865,5.393139584799283,0.0019832331966327388,0.0019812691859753422
2022-12-09,17125.7,17225.6,17288.6,17082.1,"260,84K","-0,58%",17163.55,16885.826666666668,1.0,17147.474093344706,17526.810020766774,23873.995372262125,2.297340079206278,1.0747420855072252,684.4000000000015,6.700000000000728,48.48072378038551,38.66339163392914,43.47442424723849,32.23720570354814,36.44932162799651,39.32000395922006,38.81025437988715,5.274093546288552,5.205719520452464,-8.757998972397374e-05,-8.758382507520875e-05
2022-12-08,17225.7,16835.2,17294.2,16765.8,"261,64K","2,32%",17212.010000000002,16895.23,1.0,17161.696985463852,17507.383567814082,23807.831240364878,2.6738828522211957,1.6211528591402184,484.6000000000022,282.1000000000022,51.26342300580871,39.44573228362257,43.52757381239334,37.763899635238204,36.46511489121246,44.26902900128678,40.99442409845262,5.937919039842806,5.498687838274413,0.0058391773766912625,0.005822195455372491
2022-12-07,16835.2,17089.4,17126.7,16715.3,"244,36K","-1,49%",17217.82,16891.373333333333,1.0,17102.333897197695,17464.016886019625,23738.439428065936,1.236349641602938,0.03208594279196102,58.10000000000218,-115.70000000000073,41.530519703848924,37.51287078744495,43.36753790182528,16.182159831988482,28.72775505692493,24.94308621201625,36.17737305750769,3.3456804875134423,4.8525643578816045,-0.022669615748561744,-0.02293052212632177
2022-12-06,17089.3,16966.3,17101.1,16914.9,"246,19K","0,72%",17263.79,16900.023333333334,1.0,17099.964097707205,17439.841603050616,23672.267132572273,-1.5372117007853106,1.407539713151481,459.7000000000007,259.5,48.587867809043416,39.50815348758556,43.5033805042478,22.85365108463184,25.59990351728616,37.518558843907705,35.576891352403564,5.032461066634793,4.772020197997018,0.015093375784071439,0.014980604108768092
2022-12-05,16966.5,17106.9,17395.2,16886.9,"268,72K","-0,85%",17224.83,16903.836666666666,1.0,17075.69789812408,17409.30343511187,23605.53139512498,-4.66330269043178,1.7530076405464685,-389.59999999999854,114.40000000000146,45.63041440244825,38.887371071087834,43.45275626609211,15.349831958447952,18.128547625022744,31.441156092249813,31.30093371605791,4.341349077813534,4.2398302106539285,-0.007185782916795835,-0.00721172500571071
2022-12-04,17112.6,16884.8,17198.1,16881.6,"197,12K","1,35%",17156.45,16918.45,1.0,17082.40737119243,17390.16127800788,23540.91390973702,-3.746076743950592,2.6285961029848286,-683.8000000000029,438.3999999999978,49.67939127199434,40.04678956851794,43.53132899372048,32.13621289331064,23.44656531213013,38.67168167870921,35.877132204955565,5.339729528417268,4.904513224288537,0.008611086552912983,0.008574222621603891
2022-12-03,16884.5,17093.4,17132.6,16862.1,"169,29K","-1,22%",17067.04,16925.456666666665,1.0,17046.424212793805,17357.537969749308,23474.669564887456,-1.8936224608376413,1.6012371828816163,-894.0999999999985,210.20000000000073,43.99568162924507,38.85618447318645,43.43662496584817,24.886012648919014,24.12401916689252,27.382955557755107,32.498597776238036,3.780998653792269,4.4873590866743625,-0.013329359653120987,-0.01341899296165696
2022-12-02,17093.6,16972.2,17096.2,16799.9,"227,01K","0,72%",17055.36,16941.29666666667,1.0,17055.001628649476,17340.50971363645,23411.165543590516,0.0017550736253343264,3.363285643450585,-116.80000000000291,475.1999999999971,49.840789711998525,40.532785139119575,43.549770626336745,55.64053537284872,37.55425363835945,37.73136692071654,34.595334719060276,5.209892235046487,4.776873472418679,0.012384139299357333,0.012308083129286008
2022-12-01,16972.0,17163.4,17244.7,16868.9,"266,14K","-1,12%",17043.23,16955.783333333333,1.0,17039.91042344048,17316.73489340184,23347.083462977564,-0.9061609603437848,2.196637602967383,-121.29999999999927,434.59999999999854,46.69195325424211,39.87500516219982,43.49891517951435,37.75555228710107,39.42736676962292,31.713352469563482,32.275891649345034,4.378933557473498,4.456608148770756,-0.007113773576075122,-0.0071391971065628435
2022-11-30,17163.9,16440.8,17215.5,16433.2,"348,22K","4,40%",17046.9,16974.34,1.0,17062.45398281494,17306.874577698498,23285.548999390245,0.223056575789607,3.1707580967036137,36.70000000000073,556.7000000000007,52.00848642217275,41.42681221034366,43.603368700703186,75.95634095634102,56.45080953876359,41.21053152528958,36.88508363852319,5.690290220518397,5.093038671012799,0.01130685835493761,0.011243413624476744
2022-11-29,16440.4,16211.9,16531.4,16100.1,"271,58K","1,41%",16978.370000000003,16967.806666666667,1.0,16949.353258666768,17250.972992040533,23217.426829617852,-4.558885850792707,-0.6394217403391671,-685.2999999999993,-196.0,36.68281613442013,37.63805593389079,43.300052781588064,26.275963246081464,46.66261882984117,15.113025713905106,29.34563656958605,2.2893008987675656,4.119508225586492,-0.04215242456551249,-0.043066620732269474
2022-11-28,16211.7,16426.1,16481.4,16013.5,"284,84K","-1,30%",16876.969999999998,16956.656666666666,0.0,16815.23448436372,17183.923121586307,23147.706721371662,-3.7035497053792055,-2.959398064180137,-1014.0,-334.5,33.24231544534679,36.545118225160444,43.204573436570946,14.344647897517596,38.858984033313355,8.476243424710294,21.599933554634987,1.325628369249707,3.1017398295118945,-0.013910853750517038,-0.014008516448690576
2022-11-27,16425.6,16456.4,16595.4,16414.6,"173,25K","-0,19%",16836.010000000002,16947.306666666667,0.0,16744.391850843043,17134.999049225902,23080.809273309154,-3.883716711626578,-2.9110833958896096,-409.6000000000022,-280.5,39.17116698249758,38.279192529716795,43.322051469783936,29.825577187522494,23.48206277704051,17.623914809904576,13.737727982839983,2.7562636274863794,2.123730965167889,0.013194174577619622,0.01310788960025168
2022-11-26,16456.5,16512.3,16686.3,16387.9,"194,94K","-0,34%",16772.73,16931.92,0.0,16692.04787796249,17091.22491701778,23014.885197565447,-3.00592343736186,-2.2297080526146895,-632.7999999999993,-461.59999999999854,40.02610911661783,38.53022807352613,43.339067240901414,32.0619526670044,25.410725917348156,18.945387674806486,15.01518196980711,2.962933237021282,2.3482750779191277,0.0018812098188194515,0.001879442559671305
2022-11-25,16512.3,16600.6,16611.8,16360.9,"204,07K","-0,54%",16727.309999999998,16921.27,0.0,16659.366445605676,17053.87492237147,22950.172603595474,-3.507941516777108,-1.929655762240761,-454.2000000000007,-319.5,41.67102904043082,38.993757035059716,43.36992307586554,40.51332033788166,34.133616730802835,21.331736731813685,19.30034640550824,3.3361424348221522,3.018446433109943,0.003390757451462889,0.003385021795237997
2022-11-24,16601.2,16604.9,16785.6,16472.0,"229,59K","-0,14%",16676.170000000002,16913.403333333332,0.0,16648.790728222826,17024.670088670086,22886.98883500608,-1.6778702360152762,-1.0602475698934857,-511.3999999999978,-236.0,44.37188801832909,39.74264381538113,43.41925938906772,47.733918128655,40.10306371118034,25.13364410041487,21.803589502345005,3.9307355832898634,3.409937085044437,0.005383865360973461,0.005369424167632719
2022-11-23,16623.9,16216.9,16677.6,16162.3,"305,08K","2,53%",16650.11,16908.23,0.0,16644.26514127322,16998.813953917175,22824.659862663826,-2.7478120466139204,-1.169399426893197,-260.59999999999854,-155.1999999999971,45.093203554035526,39.93740094204053,43.43190652243364,49.57764782326195,45.94162876326619,26.104434845828234,24.189938559352253,4.082560830423916,3.7831462828453155,0.001367371033419218,0.00136643703296753
2022-11-22,16212.9,15776.6,16274.6,15620.4,"287,21K","2,77%",16562.04,16887.973333333335,0.0,16565.83511558718,16948.109827858003,22758.861089644925,-4.472660853169929,-3.6769685951591606,-880.6999999999989,-607.6999999999989,35.763898828401324,37.657707821379184,43.2559674152427,36.477251739210715,44.59627256370921,21.692172512264776,24.31008381950262,3.861318387695917,3.9582049338032372,-0.024723440347932946,-0.025034197280410883
2022-11-21,15776.2,16278.6,16287.9,15504.2,"372,15K","-3,13%",16442.46,16852.786666666667,0.0,16422.265094571325,16872.502742189747,22689.371295917666,-8.084992338571075,-6.665167901176128,-1195.7999999999993,-1055.5999999999985,28.743306237408333,35.43446404345556,43.06965441210051,15.894349325074511,33.98308296251572,9.551903357213098,19.11617023843536,1.7592993848920164,3.2343928676706213,-0.026935341610692665,-0.027304746394237692
2022-11-20,16286.7,16699.3,16749.3,16209.2,"172,83K","-2,47%",16354.740000000002,16832.25,0.0,16397.616895558356,16834.709016887184,22625.65352014701,-0.9348920950828491,-0.9403149385997369,-877.2000000000007,-616.0999999999985,43.220662976591086,39.7369561220168,43.35629537888632,61.06602153894188,37.812540867742364,27.47928079786488,19.574452222447576,5.061219737786775,3.560612503458241,0.03235886968978585,0.03184634855862007
2022-11-19,16699.2,16652.2,16814.9,16608.9,"114,89K","0,37%",16380.619999999999,16840.846666666668,0.0,16452.450187275015,16825.966499668655,22566.6750324738,3.0070874738614704,-0.2502822395182982,258.7999999999993,257.90000000000146,51.980003831232196,42.91661479561309,43.58695898484835,91.17265583276108,56.04434223225915,41.9651636465796,26.33211593388585,7.729274871124852,4.849931331267886,0.025327414393339298,0.025011990260322088
2022-11-18,16638.3,16715.4,16846.3,16553.0,"241,96K","-0,32%",16423.280000000002,16837.420000000002,0.0,16486.241062315923,16813.858983561,22507.677510034,1.2949298655756911,-0.8273181896752078,426.59999999999854,-102.79999999999927,50.697039626035306,42.57354236272342,43.56063861880953,84.50190000745098,78.9135257930513,39.82652057873294,36.4236550077258,7.3353729132574745,6.7086225073897054,-0.0036468812877265,-0.003653547371168198
2022-11-17,16691.2,16540.5,16739.7,16425.8,"257,00K","0,91%",16449.84,16834.556666666667,0.0,16523.506323713027,16805.94550075061,22449.79364539742,1.426184182541857,0.37042382258143425,265.6000000000022,-85.89999999999782,51.844196304679876,42.983109899458576,43.59037607792212,88.44348409209456,88.0393466441022,41.684225312543916,41.158636512618806,7.677530771569205,7.5807261853171815,0.003179411358131601,0.003174367717550584
2022-11-16,16540.5,16895.4,16993.4,16408.2,"295,73K","-2,10%",16458.239999999998,16831.586666666666,0.0,16526.59608303793,16788.81998457315,22390.986187621995,0.17078178085427667,-4.699212380661546,84.0,-89.09999999999854,48.287860401626425,42.09828219803731,43.52471738600226,69.58769809293572,80.84436073082708,36.39204944514678,39.30093177880787,6.70280129618969,7.238568327005461,-0.00902870973926384,-0.009069715545326906
2022-11-15,16895.1,16615.0,17112.0,16543.9,"337,15K","1,69%",16496.52,16816.219999999998,0.0,16593.596795212852,16795.67675976198,22336.29291148073,1.7703539503168313,-5.064507428468695,382.7999999999993,-461.0,56.1517569823467,44.861193686040785,43.725172978583174,86.50951610896868,81.51356609799966,48.84464110127822,42.306971952989635,8.996358508993756,7.792230192250888,0.02143828783894075,0.021211720174951123
2022-11-14,16613.7,16325.0,17158.4,15834.0,"442,46K","1,77%",16497.77,16776.79666666667,0.0,16597.25192335597,16783.936323648304,22279.343604835318,-0.061357443199253646,-6.552259458000055,12.5,-1182.7000000000007,49.51272221214429,43.17010176453708,43.60174151421247,67.07169628823597,74.38963683004678,45.33382364958736,43.52350473200411,7.176259807123869,7.62513987076911,-0.016655716746275417,-0.016795982866118303
2022-11-13,16324.5,16803.9,16946.5,16274.9,"210,80K","-2,80%",16467.83,16728.326666666668,0.0,16547.660664563973,16754.295270509705,22220.083101653974,0.6883407656865852,-5.147468972249346,-299.40000000000146,-1454.0999999999985,43.62307172901732,41.50664516550226,43.47498074722248,49.588925160198215,67.72337918580095,43.37916446324692,45.852543071370825,5.305710608187205,7.159442974768282,-0.01740732046443605,-0.017560609371449622
2022-11-12,16795.2,17049.9,17100.8,16633.9,"192,91K","-1,49%",16526.06,16714.486666666668,0.0,16592.66781646143,16756.934285315532,22166.09665397577,6.45909661388674,-1.7439581590447635,582.3000000000011,-415.2000000000007,53.603729991163384,45.07037060476794,43.74251792521649,78.04376738000238,64.90146294281219,68.27075621364358,52.32791477549261,8.350204065792623,6.944058160367903,0.02883396122392723,0.028426084477307233
2022-11-11,17049.9,17589.1,17679.4,16435.5,"466,35K","-3,07%",16653.43,16713.04,0.0,16675.80094074117,16775.83529916614,22115.18221114635,4.686032161211299,-0.45132888037740704,1273.7000000000007,-43.39999999999782,58.06702588620043,46.881911522696704,43.886951762734434,65.88815432968464,64.50694895662839,71.06013240161825,60.90335102616958,9.997606835395557,7.8845071697917986,0.015165047156330491,0.015051207310290608
2022-11-10,17589.1,15887.0,18138.2,15799.3,"720,74K","10,71%",16783.67,16728.43666666667,1.0,16841.855315151868,16828.30398954252,22070.140424509034,5.328997796301606,2.705874796358676,1302.3999999999978,461.8999999999978,65.80480206548413,50.459927782978006,44.19180058981316,76.52315190901699,73.48502453956799,79.1533788914198,72.82808916889387,13.485159145446183,10.610990015544791,0.03162481891389368,0.03113505339587814
2022-11-09,15886.9,18538.9,18583.8,15603.3,"869,57K","-14,25%",16702.44,16687.143333333333,1.0,16668.227076033345,16767.568248281714,22008.607335856774,-4.516086379017085,-7.77210795497426,-812.3000000000011,-1238.800000000001,39.94803900647651,41.36126371555663,43.44297979721652,9.515182016440207,50.64216275171393,12.426938563449768,54.21348328549593,2.475308362493282,8.652691447778345,-0.09677584413074003,-0.10178452174207425
2022-11-08,18527.4,20589.0,20667.5,17260.0,"865,10K","-10,01%",16891.35,16730.533333333333,1.0,17006.258516754555,16881.105780650636,21973.963825807234,11.001006518404912,10.051558639042012,1889.1000000000022,1301.7000000000007,64.19619868422814,54.52084886538809,44.89861065029581,57.740610560404434,47.92631482862053,58.55170143125523,50.04400629537492,19.55409522207921,11.838187576672896,0.16620611950726705,0.1537558471830506
2022-11-07,20589.0,20916.3,21055.4,20410.5,"414,24K","-1,56%",17281.13,16855.66,1.0,17657.666059162817,17120.324762544144,21960.181267125598,24.476285481091868,20.47889615139298,3897.7999999999993,3753.7999999999993,73.48435490232131,61.499417947406826,45.98939507176505,91.44549806496578,52.900430213936794,91.59821299899119,54.19228433123205,32.88854967756957,18.305984420714026,0.11127303345315576,0.10550623514806584
2022-11-06,20916.3,21298.7,21360.4,20901.0,"242,26K","-1,81%",17718.71,16983.226666666666,1.0,18250.144957496854,17365.226390767104,21949.793027661446,23.800983717172443,23.279992927238965,4375.799999999999,3827.0,74.64465157271754,62.44582318542179,46.15945591816842,92.28604679439297,80.49071847325439,92.41658413305552,80.85549952110064,35.00553015064,29.1493916834296,0.01589683811744136,0.01577180671504804
2022-11-05,21301.6,21145.7,21464.7,21084.1,"261,23K","0,74%",18159.36,17127.73,1.0,18804.954965224697,17619.185978459547,21943.34250898461,28.217073860729386,24.479038836880427,4406.5,4335.0999999999985,76.01734813474593,63.53734980529758,46.35928091232552,97.21738833725728,93.649644398872,97.26365237815617,93.75948317006761,37.497655345488866,35.13057839123282,0.018421040050104365,0.018253427955447585
2022-11-04,21145.9,20206.4,21281.9,20184.6,"499,50K","4,65%",18612.579999999998,17262.173333333332,1.0,19230.581335183844,17846.715915333127,21935.40673840753,29.53474838433031,25.238532381770273,4532.200000000001,4033.300000000003,74.21335807336892,62.774615974344485,46.28950758199514,94.56102637595116,94.68815383586713,94.6514554148142,94.77723064200863,36.4905858078871,36.33125710133866,-0.007309310098771782,-0.007336153992716273
2022-11-03,20206.4,20154.0,20384.5,20066.6,"347,23K","0,26%",19000.769999999997,17372.903333333335,1.0,19408.002910604962,17998.953598214863,21918.200503336946,20.310564923311425,18.210324331913714,3881.9000000000015,3321.9000000000015,64.02636655639216,58.398610502206516,45.87083502113159,78.53243252465283,90.10361574595375,78.88935491988929,90.26815423761987,30.413888116320738,34.800709756565574,-0.04442941657720878,-0.045446647362617984
2022-11-02,20154.4,20482.9,20778.3,20065.8,"420,23K","-1,61%",19336.690000000002,17474.93,1.0,19543.71147231315,18138.014656394553,21900.64803983263,18.208317937348607,18.750883808625982,3359.2000000000007,3060.800000000003,63.49040210127329,58.166445829783854,45.84776788847556,77.64527246050433,83.57957712036944,78.0169448871739,83.85258507395912,30.07755146920903,32.32734179780562,-0.0025734420777575595,-0.0025767590717713984
2022-11-01,20483.5,20496.1,20676.6,20348.1,"302,72K","-0,06%",19680.05,17591.98,1.0,19714.58211371076,18289.336291465872,21886.54530653658,16.455645826108224,19.34059275572567,3433.5999999999985,3511.5,65.52007244304716,59.2276695592028,46.02042635330452,83.25997202033642,79.81255900183119,83.53829376730138,80.14819785812152,32.20617436467948,30.899204650069752,0.016328940578732132,0.01619705716933537
2022-10-31,20496.3,20626.0,20822.4,20260.0,"327,47K","-0,63%",19970.77,17703.06,1.0,19856.712638490622,18431.72104685517,21872.71031265854,29.01384159275881,24.670324323009158,2907.2000000000007,3332.399999999998,65.60271090968158,59.26924243048993,46.02715311194697,83.47834988228067,81.46119812104047,83.75304085227746,81.76942650225091,32.28896492396851,31.52423025261901,0.0006248932067274282,0.0006246980422679187
2022-10-30,20626.3,20809.4,20922.3,20522.5,"207,63K","-0,88%",20444.71,17842.59,1.0,19996.63761331051,18573.30678576774,21860.306704613202,11.32862679059122,27.230950486377115,4739.4,4185.899999999998,66.50852902391742,59.70095616621422,46.095719291644265,80.06040859038693,82.266243497668,85.93406593406591,84.40846685121491,33.129806541747776,32.54164861013192,0.006342608178061315,0.006322578487848332
2022-10-29,20809.8,20594.2,21038.1,20561.9,"276,54K","1,05%",20672.95,17995.859999999997,1.0,20144.485319981326,18717.59667055692,21849.852637089225,1.0724173102141885,26.691262419637646,2282.399999999998,4598.0999999999985,67.83691619888901,60.315162037188806,46.19269110874586,53.18464507827573,72.24113451698109,89.01266672259037,86.23325783631124,34.31668682530544,33.24515276367391,0.00889640895361743,0.008857069057854687
2022-10-28,20594.4,20293.0,20744.0,20058.2,"318,90K","1,49%",20673.489999999998,18134.82,1.0,20226.28798907563,18838.68075632744,21837.35907490097,-1.5389911217567058,25.144471789262614,5.400000000001455,4168.800000000003,64.50020464663504,59.219152591060066,46.09486351722652,38.12300035549241,57.12268467471835,85.39887593322709,86.78186952996111,32.92347694476965,33.45665677060762,-0.010350892368018783,-0.01040483541641967
2022-10-27,20292.9,20769.5,20867.9,20231.6,"365,49K","-2,29%",20611.15,18262.7,1.0,20238.399263789153,18932.501352693416,21821.989500665917,-4.73532504600592,22.895659599207878,-623.3999999999978,3836.4000000000015,59.91668151056098,57.70092987663365,45.95794341331347,16.68681123355853,35.99815222244221,80.34057545507929,84.91737270363224,30.97337119276618,32.73784498761376,-0.01463990210931132,-0.014748123003812199
2022-10-26,20769.5,20086.8,20981.5,20062.9,"427,99K","3,42%",20557.94,18404.606666666667,1.0,20334.963034009306,19051.01739445513,21811.515738887952,-1.7800140925664145,25.10842589692311,-532.0999999999985,4257.200000000001,64.364484960971,59.40292389865915,46.211774927757006,58.12699190978171,37.64560116627754,88.33654894723595,84.69200011184743,34.05602592379387,32.650958020443234,0.023486046843969932,0.02321449324071071
2022-10-25,20082.7,19331.8,20406.9,19249.0,"371,54K","3,89%",20451.620000000003,18520.656666666666,1.0,20289.097027825796,19117.5775625548,21794.311592866252,-0.612182278881942,20.806188680153266,-1063.2000000000007,3481.5,54.65406285408884,56.04140373631975,45.89954450540433,46.59884858308654,40.47088390880892,76.8140256689875,81.8303833571009,29.61379497694153,31.547730697833867,-0.03306771949252507,-0.033626816480084414
2022-10-24,19331.5,19571.2,19588.6,19177.2,"286,94K","-1,22%",20364.13,18610.909999999996,1.0,20114.988477312014,19131.37901013191,21769.80318499302,-4.082979399039423,19.235300285575068,-874.9000000000015,2707.5999999999985,46.18598563005459,52.66905868328948,45.56115297471183,8.291686818206214,37.672509103691475,64.21105611945306,76.45387691189217,24.755024028666224,29.47494830980055,-0.03740532896473092,-0.03812285814001522
2022-10-23,19571.2,19204.8,19680.9,19092.5,"180,63K","1,91%",20305.809999999998,18722.853333333333,1.0,20016.117845073466,19159.754557865337,21747.924044067815,-4.453828691385746,24.055222423650815,-583.2000000000007,3358.300000000001,48.98820976030362,53.59091183887724,45.689558530872596,24.604235197368478,26.4982568662204,68.23253082795068,69.75253753879707,26.305406611602322,26.891408539070028,0.012399451672141293,0.012323208076813764
2022-10-22,19204.8,19162.6,19249.9,19116.1,"118,24K","0,22%",20177.94,18837.14,1.0,19868.605509605564,19162.66071542241,21722.616473035574,-6.30113727843562,17.917073440291762,-1278.7000000000007,3428.5999999999985,45.00769556618725,51.98971498102238,45.52459598588472,5.771998355263125,12.889306790279262,61.4443648275156,64.62931725830644,23.935526851953654,24.998652497407402,-0.018721386527141948,-0.018898850083553534
2022-10-21,19162.6,19042.9,19245.5,18703.3,"294,66K","0,63%",20044.57,18933.003333333338,1.0,19740.240871495465,19162.656798298383,21697.14082776605,-7.09627999204899,14.751604867299017,-1333.7000000000007,2875.899999999998,44.544508677174896,51.80529499850759,45.50557789468779,19.671920507109792,16.68271801991379,60.724400313918146,63.46709865646147,23.662576726797607,24.634503396784535,-0.002197367324835442,-0.002199785078860679
2022-10-20,19042.9,19125.1,19334.5,18935.6,"253,20K","-0,42%",19886.230000000003,19011.126666666663,1.0,19613.451622132652,19154.930553246875,21670.727551380296,-8.490711107266758,14.452197640383947,-1583.3999999999978,2343.7000000000007,43.145113770093296,51.271625255668425,45.45144924669488,14.54514305293825,13.329687305103713,58.682226089330214,60.28366374358797,22.888355637196252,23.49548640531584,-0.006246542744721362,-0.00626613402062457
2022-10-19,19123.9,19328.2,19358.6,19101.2,"209,28K","-1,06%",19717.64,19093.98,1.0,19524.442236290353,19152.92858206966,21645.383209858966,-7.140290564425281,14.574745973926383,-1685.8999999999978,2485.600000000002,44.457081553225365,51.62050350863836,45.49554150698345,18.461943639715656,17.55966906658789,60.064148496946146,59.82359163339816,23.41226464519718,23.32106566973035,0.004253553817958444,0.004244533029144368
2022-10-18,19328.2,19548.4,19692.9,19102.8,"290,07K","-1,13%",19591.02,19181.88,1.0,19488.761829692106,19164.236415484524,21622.324161890025,-4.753879435664694,16.85378313835737,-1266.2000000000007,2637.0,47.83081134800564,52.50770393843778,45.60699212684474,27.429549644456202,20.14554544570336,63.54966390282186,60.765346163032724,24.733679587599525,23.678099956664322,0.010682967386359543,0.01062630766238467
2022-10-17,19548.2,19262.2,19663.5,19163.6,"248,40K","1,49%",19516.55,19282.136666666665,1.0,19499.568769748086,19189.008259646813,21601.683896257622,-5.880257107778229,15.703369616042536,-744.7000000000007,3007.7000000000007,51.365399053821896,53.45848063203058,45.72709813570083,37.08629619875345,27.659263160975097,67.30303340498858,63.63894860158552,26.15664232537983,24.76752885272552,0.011382332550366803,0.01131804120028382
2022-10-16,19261.9,19068.8,19411.9,19066.0,"140,95K","1,01%",19365.79,19361.030000000002,1.0,19456.356266157523,19193.710952572826,21578.399991430866,-4.087099842152695,15.939856865117347,-1507.5999999999985,2366.800000000003,46.782269592426395,52.055524437305266,45.59541854946547,32.78938718008931,32.43507767443298,62.41853482103254,64.42374404294765,24.3048503625321,25.06505742517049,-0.014645849745756556,-0.01475415902496631
2022-10-15,19068.7,19181.7,19218.7,19000.8,"123,66K","-0,59%",19264.39,19442.863333333335,0.0,19385.873308674338,19185.645729826192,21553.42522599442,-1.3594392571709348,16.810315783025516,-1014.0,2455.0,43.84873133877667,51.119000495743435,45.50654319387689,36.924009700889314,35.59989769324401,59.122393967311574,62.94798739777755,23.05523035826321,24.505574348725048,-0.010030163171857454,-0.010080804168016886
2022-10-14,19181.8,19379.8,19933.9,19098.6,"400,45K","-1,02%",19249.420000000002,19538.10666666667,0.0,19348.76907073355,19185.397618224502,21529.82450800263,-1.9896582733813024,14.210012384490797,-149.70000000000073,2857.2999999999993,46.049229905922715,51.645823570280314,45.5689654032392,38.883471477328065,36.19895611943556,61.051967106834525,60.8642986317262,23.786762565731166,23.715614428842162,0.005931185660270399,0.005913665421660683
2022-10-13,19379.8,19154.6,19494.4,18207.9,"455,13K","1,17%",19230.28,19624.260000000002,0.0,19354.411057872905,19197.939707371308,21508.429024026853,0.9112305257019079,13.665182786995805,-191.40000000000146,2584.5999999999985,49.87055911358698,52.571564262658164,45.67844834266851,67.89687137891065,47.901450852376,64.42999965878458,61.53478691097689,25.06742902973344,23.969807317909275,0.010322284665672754,0.010269373681980736
2022-10-12,19154.8,19058.5,19212.6,19010.6,"242,18K","0,50%",19225.28,19694.423333333332,0.0,19318.118138259648,19195.15650044413,21485.007439654353,-0.04070428856209112,8.901535610122183,-50.0,2104.899999999998,45.776672200257885,51.414437243054195,45.57375744025317,54.86095017381215,53.88043101001694,60.59132630429589,62.02443102330499,23.612126229730855,24.15543927506516,-0.011610026935262474,-0.01167794953190959
2022-10-11,19059.1,19134.3,19261.3,18868.7,"288,57K","-0,39%",19214.93,19743.423333333332,0.0,19271.02393130335,19186.378661705796,21460.86661818307,0.08507107635915269,19.967394520013336,-103.5,1470.0,44.06707901081489,50.921283702891216,45.5291514181443,49.316338354576885,57.35805330243321,58.95861057085335,61.32664551131126,22.993137438796417,23.89089756608691,-0.004996136738572132,-0.005008659156279967
2022-10-10,19134.6,19441.7,19520.7,19057.0,"243,77K","-1,58%",19224.1,19851.679999999997,0.0,19246.219580157285,19183.038102886065,21437.717371123814,0.05595093051102071,3.277308202985832,91.69999999999709,3247.699999999999,45.840119934022454,51.302491766744446,45.571390826721284,53.690614136732165,52.62263422170705,44.58344233833563,54.711126404494955,23.48147237835284,23.362245348960045,0.003961362288880332,0.003953536753002341
2022-10-09,19441.0,19416.3,19552.1,19329.6,"127,53K","0,13%",19255.81,19882.133333333335,0.0,19281.63420194687,19199.680805925673,21417.847568857323,0.5836032325824405,-5.57579289912089,317.09999999999854,913.5999999999985,52.61349654285941,52.84030960916156,45.742995152764344,71.44264194669748,58.14986481266883,37.862318840579675,47.13479058325621,25.463271391334153,23.97929373616114,0.016012877196283304,0.0158860234817612
2022-10-08,19415.0,19530.2,19612.2,19274.7,"113,50K","-0,60%",19264.489999999998,19843.0,0.0,19305.88252886562,19213.572366833694,21397.916783198685,-0.6813926601937811,-7.177655703924687,86.79999999999927,-1174.0,52.0003338273069,52.694236888213126,45.73069896911945,69.93626882966389,65.02317497103117,37.06398919184472,39.83658345692,25.295103067778296,24.746615612488437,-0.0013373797644153917,-0.0013382748548721067
2022-10-07,19531.3,19962.4,20051.4,19352.1,"263,50K","-2,13%",19262.8,19796.833333333332,0.0,19346.867523617326,19234.070923812167,21379.341678785793,1.3986159205478057,-8.310643331956284,-16.900000000001455,-1385.0,54.628344115633276,53.29172221393859,45.796201601009145,71.78736099810132,71.05542392482089,40.634979120609124,38.52042905101117,26.047332915068516,25.601902458060326,0.005990213752253393,0.005972343749767503
2022-10-06,19956.7,20157.5,20436.7,19873.7,"370,60K","-1,00%",19332.28,19752.003333333334,0.0,19457.746155686902,19280.69215453396,21365.18467964322,4.656846035650044,-5.623785225504711,694.7999999999993,-1344.8999999999978,62.886701296639345,55.42218052147354,46.03564683006748,78.4637473079684,73.39579237857787,56.890045543266076,44.86300461857331,28.798825408940086,26.713753797262303,0.021780424242114016,0.02154661961997682
2022-10-05,20157.5,20340.5,20353.8,19761.7,"352,76K","-0,90%",19441.16,19719.056666666664,0.0,19584.974127380192,19337.260402628544,21353.166773182144,5.0865924991398135,-0.2420025338506684,1088.7999999999993,-988.4000000000015,66.1208858093776,56.39340767219066,46.148500946826005,87.47307968413493,79.24139599673487,68.8855911243022,55.47020526272579,30.097602307786836,28.314586877265146,0.010061783761844412,0.010011501023665166
2022-10-04,20340.2,19629.7,20436.1,19506.4,"368,17K","3,63%",19557.0,19723.516666666666,0.0,19722.287922401974,19401.966183104123,21343.086552237924,4.955675497167161,0.9218830627555236,1158.4000000000015,133.79999999999927,68.86392161995171,57.2696743398641,46.251286071158994,95.67031586503948,87.20238095238092,75.3409653028055,67.03886732345792,31.279308181388938,30.05857863270529,0.009063623961304668,0.009022795836722964
2022-10-03,19628.3,19057.6,19676.0,19001.3,"333,03K","3,02%",19581.85,19705.979999999996,0.0,19705.199209237977,19416.56836483934,21326.02240801051,2.471965251529643,-4.1750677374472165,248.5,-526.1000000000022,50.989922910240445,52.97839631751459,45.9081396080288,48.443877551020314,77.1957577000649,50.18726591760297,64.80460744823688,26.674730122180744,29.350546870452177,-0.03499965585392484,-0.03562682101515755
2022-10-02,19052.2,19311.9,19389.9,18937.3,"222,82K","-1,34%",19571.590000000004,19658.27,0.0,19586.472080285617,19393.06072839809,21303.395220121325,-0.0362031785341271,-7.045661899952668,-102.59999999999854,-1431.2999999999993,41.34156767262038,49.85130468858404,45.63278743186334,11.70280612244898,51.93899984616959,29.831814006077312,51.786681742161925,22.948508152929687,26.967515485499792,-0.029350478645628897,-0.02978982192953548
2022-10-01,19311.9,19422.9,19480.3,19172.6,"173,91K","-0,57%",19596.870000000003,19618.79,0.0,19536.54988387005,19387.82455237241,21283.577535608132,0.9265937098241035,-6.372446827593886,252.8000000000029,-1184.3999999999978,46.41971732401191,51.19470689020955,45.78012325004725,24.983326663999055,28.37667011248944,39.007843968624165,39.67564129743481,24.6282509847549,24.750496419955113,0.013630971751293908,0.013538905745110153
2022-09-30,19423.0,19593.4,20174.9,19208.9,"490,29K","-0,87%",19625.71,19578.68,1.0,19515.90445043913,19390.09393609032,21265.062650562217,-0.09258782984414382,-6.664167843996576,288.40000000000146,-1203.2999999999993,48.53742567989232,51.7665281613537,45.84322524552259,32.39295718287317,23.02636332310706,42.93336159988693,37.257673191529456,25.346847167333948,24.307868768339517,0.005752929540852936,0.0057364446358156
2022-09-29,19593.0,19420.2,19631.5,18877.9,"449,57K","0,94%",19640.91,19538.120000000003,1.0,19529.921823086563,19403.184649890947,21248.42372028934,0.9168168941540047,-4.862486889639909,152.0,-1216.7999999999993,51.7778373408472,52.64478057858307,45.93998005240432,45.875032075955794,34.417105307609326,49.938707816556075,43.95997112835571,26.44640928289145,25.473835811660106,0.00875250991093024,0.008714428738633883
2022-09-28,19411.0,19083.4,19757.8,18505.3,"581,19K","1,73%",19640.510000000002,19498.673333333336,1.0,19508.29967343446,19403.688866027016,21230.139275091125,-0.615934423207873,-4.34585495419581,-4.0,-1183.4000000000015,48.169858307116904,51.604139197208646,45.85183947179111,46.89344516930724,41.72047814271206,43.37683876550329,45.41630272731542,25.269231018000472,25.687495822741962,-0.009289031797070413,-0.00933244389967551
2022-09-27,19081.0,19228.8,20361.2,18850.4,"660,12K","-0,75%",19595.480000000003,19458.27666666667,1.0,19430.608823719103,19382.870229509146,21208.7529262736,-4.388000020043398,-8.129709429692578,-450.2999999999993,-1211.9000000000015,42.24000318259913,49.75918807145824,45.69208773884865,29.80739360049706,40.85862361525336,31.478944332275706,41.59816363811168,23.13478691133001,24.950142404073983,-0.01700066972335279,-0.01714684014074968
2022-09-26,19225.7,18803.1,19304.8,18695.2,"516,03K","2,25%",19522.379999999997,19406.816666666666,1.0,19393.352673951995,19372.730214702104,21189.019340354575,-4.6225970482450665,-4.267354489187211,-731.0,-1543.7999999999993,45.50822660348985,50.56095520069707,45.775344043434586,37.310959187901474,38.00393265256859,45.66582914572862,40.173870747835856,24.777129008848263,24.393715646059587,0.007583459986373997,0.00755485010391853
2022-09-25,18803.2,18925.1,19125.1,18659.6,"209,71K","-0,64%",19386.95,19364.166666666668,1.0,19286.052187778903,19335.986329882613,21165.27780044116,-7.55646453820513,-2.7328453560251367,-1354.2999999999993,-1279.5,38.449986310468205,48.23584813476828,45.57033578663085,15.428837787445698,27.51573019194807,26.709440057429983,34.6180711784781,22.02210888894823,23.311341603042177,-0.021975792818987094,-0.02222085753481135
2022-09-24,18925.2,19288.4,19310.6,18812.0,"258,50K","-1,91%",19245.45,19350.623333333337,0.0,19220.44269909183,19309.483986019222,21142.986569061763,-3.582072823423315,-3.300768476128188,-1415.0,-406.2999999999993,41.3676449193596,48.93728400477477,45.640987277843514,22.62514144081045,25.1216461387192,32.18323761665468,34.85283560660442,22.836506368321277,23.211914755372593,0.0064882573179032565,0.0064672991820635016
2022-09-23,19293.5,19404.1,19477.3,18554.8,"431,15K","-0,57%",19211.97,19341.366666666665,0.0,19233.725844711495,19308.452761114757,21124.58216450627,1.266520401843353,0.4618637007414851,-334.7999999999993,-277.7000000000007,49.41139235305209,51.010419712940156,45.85422745744874,42.46996066598416,26.84131329808009,48.707824838478054,35.866834170854226,26.589339845065673,23.815985034111733,0.019460824720478387,0.019273884321029007
2022-09-22,19404.0,18488.1,19490.9,18371.0,"448,63K","4,95%",19247.15,19348.006666666668,0.0,19264.68478203668,19314.617099107352,21107.460513468497,0.476908020443346,1.2597455460115092,351.7999999999993,199.20000000000073,51.62382794686142,51.62005903465898,45.91819889413314,51.90433122299265,38.99981110992908,53.665649676956164,44.85223737736296,28.556992428347556,25.99427954724484,0.005727317490346495,0.005710978762565662
2022-09-21,18489.0,18875.1,19758.4,18191.8,"446,85K","-2,03%",19164.86,19325.553333333333,0.0,19123.651185302737,19261.351479810102,21081.404024671305,-4.808731915769964,-2.908695629342177,-822.9000000000015,-673.5999999999985,36.811635887122364,46.64750257693996,45.471111061168685,13.69964045358166,36.02464411418615,13.238897055548154,38.53745719032745,21.85673906357551,25.667690445662917,-0.047155225726654315,-0.04830326973475434
2022-09-20,18872.4,19538.9,19626.3,18742.6,"361,18K","-3,41%",19109.8,19319.870000000003,0.0,19077.96915161133,19236.257835951386,21059.42208492182,-3.6778441280048924,-1.3151083199556575,-550.5999999999985,-170.5,44.257938188644616,48.78597855523347,45.69378300004677,31.372729787037972,32.32556715453742,30.317608802173897,32.40738517822606,24.664255063634105,25.025995518519064,0.02073665422683768,0.020524576654327335
2022-09-19,19538.9,19417.4,19666.6,18277.8,"423,43K","0,62%",19104.39,19333.703333333335,0.0,19161.77476040927,19255.78313685775,21044.29128513751,0.6589047447323758,1.0901170310737716,-54.099999999998545,415.0,54.59336479970897,52.2293367004393,46.07848627367448,62.09551027933997,35.722626839986525,60.00712726624799,34.52121104132334,29.544822132071886,25.355272086427174,0.035316123015620704,0.03470681294754449
2022-09-18,19418.8,20113.9,20113.9,19347.7,"273,11K","-3,45%",19105.170000000002,19336.72333333333,0.0,19208.50662215304,19266.300353834667,21028.11594405793,1.7703474660657161,-0.6619535302483167,7.799999999999272,90.59999999999854,52.639226823281135,51.58284240456192,46.01944747602922,56.55941735041943,50.00921913893245,54.65722303888811,48.32731970243666,28.66536811118758,27.62481510229786,-0.0061467124556654484,-0.00616568126315526
2022-09-17,20113.5,19802.8,20178.6,19761.0,"204,58K","1,57%",19208.420000000002,19355.566666666666,0.0,19373.05087267067,19320.958395522754,21019.014564573696,4.617777246082063,4.421163021301109,1032.5,565.2999999999993,61.49695288967901,54.92168116236429,46.41855045535526,96.72337427018329,71.79276729998088,85.60292217916164,66.7557574947659,33.75243479152326,30.65420834492758,0.03577461017158634,0.03514956241873712
2022-09-16,19802.4,19701.9,19883.0,19352.9,"315,59K","0,51%",19266.090000000004,19373.583333333332,0.0,19451.114350366912,19352.019144198708,21006.90799443003,5.3139891082369,3.847666594995992,576.7000000000007,540.5,56.26127153396165,53.22144675204268,46.26460172779182,81.06502919267177,78.11594027109147,71.7448438683238,70.66832969545784,31.474348647500772,31.297383850070542,-0.015467223506600014,-0.01558808892956328
2022-09-15,19701.7,20222.3,20321.4,19532.3,"358,42K","-2,58%",19355.94,19394.683333333334,0.0,19496.675377572927,19374.579199411695,20993.91983842365,4.102994948534229,2.7103817160016344,898.5,633.0,54.589728752611336,52.67540533968323,46.21473952993227,70.90063861758075,82.89634736014526,67.25912067352668,74.86896224033737,30.736954643312192,31.98791269411208,-0.005085242192865547,-0.005098216039068592
2022-09-14,20222.5,20175.5,20503.7,19654.2,"374,22K","0,23%",19485.67,19429.373333333333,1.0,19628.643490741488,19429.283767191584,20986.243427090172,4.815093166092208,4.3483420881536485,1297.2999999999993,1040.7000000000007,61.21196574826087,55.13794283268867,46.51436461716731,87.83684415415888,79.9341706548038,87.83684415415888,75.61360289866978,34.55060705027752,32.25397011369683,0.026434267093702557,0.02609091947293308
2022-09-13,20175.5,22395.3,22702.5,19909.6,"485,32K","-9,91%",19573.87,19455.896666666664,1.0,19728.071946970307,19477.426749953418,20978.175712279357,3.9759843331271902,5.328690458788402,882.0,795.7000000000007,60.32976658590477,54.87138465702585,46.49087443343281,43.97765313587693,67.57171196920551,43.97765313587693,66.35787265452082,34.20644103044771,33.16466757467914,-0.0023241438991222774,-0.00232684891359554
2022-09-12,22395.3,21836.6,22465.4,21581.6,"431,98K","2,57%",19873.0,19563.913333333334,1.0,20213.022502066615,19665.676637053195,20992.277517530685,21.127697549894528,17.504499163129427,2991.2999999999993,3240.5,77.41282690280593,63.49409526479513,47.743531762506066,93.1895271243931,75.0013414714763,93.1895271243931,75.0013414714763,50.4613289201974,39.73945900030755,0.11002453470793783,0.10438211842045207
2022-09-11,21834.9,21650.4,21836.4,21363.0,"297,12K","0,85%",20207.59,19656.440000000002,1.0,20507.909319872684,19805.62653143686,21000.66244841657,15.697526546703122,14.112131949452841,3345.9000000000015,2775.800000000003,69.06967585218354,60.4763345576422,47.46162323309441,80.39189097565941,72.51969041197647,80.76573480834463,72.64430502287154,47.756881737464276,44.14155056270314,-0.025023107527025634,-0.02534150829285857
2022-09-10,21650.4,21363.8,21790.6,21139.9,"331,12K","1,33%",20485.39,19740.300000000003,1.0,20715.634898077653,19924.64417456997,21007.127977784363,10.806647252404177,11.364641736536193,2778.0,2515.800000000003,66.4498819459056,59.51298327026673,47.36907593381155,76.22211675367825,83.26784495124357,76.67546057152995,83.54357416808922,46.36506966604055,48.19442677456741,-0.008449775359630651,-0.008485677095566807
2022-09-09,21365.2,19318.8,21545.7,19294.1,"480,37K","10,60%",20668.02,19804.440000000002,1.0,20833.737643881715,20017.583260081585,21010.691144885684,10.023276412548672,10.044810713365958,1826.2999999999993,1924.2000000000007,62.385680133477386,58.03468104508271,47.22601123059826,60.7645816218754,72.45952978373768,70.3527168732126,75.9313040843624,44.21360732040344,46.11185290796942,-0.013172966781214268,-0.013260499871617959
2022-09-08,19317.4,19281.5,19444.7,19034.5,"291,43K","0,19%",20657.88,19801.18666666667,1.0,20558.039890448676,19972.410146527935,20993.841252904756,-3.958038133591859,-1.095165196377086,-101.39999999999782,-97.59999999999854,41.92722998333187,48.99479899334522,46.21868508134761,7.712649945474413,48.233116107009344,24.953998270778417,57.32739190517365,28.76562488212975,39.78143395619125,-0.09584745286727947,-0.10075718599787438
2022-09-07,19281.5,18786.3,19445.9,18548.4,"319,10K","2,64%",20574.68,19792.86,1.0,20325.941728548918,19927.835298364844,20976.801806156946,-2.6304892336282544,-3.3833248984050504,-832.0,-249.79999999999927,41.66110661105567,48.8567827526435,46.201321989060624,17.647625237716927,28.708285601688903,24.15811293147406,39.82160935848835,28.494806164709075,33.82467945574743,-0.0018584281528570834,-0.0018601571729619279
2022-09-06,18786.4,19793.4,20169.3,18723.3,"402,43K","-5,09%",20473.079999999998,19753.850000000002,1.0,20046.02505063093,19854.194311373565,20955.00521148805,-4.645791987493461,-6.8019347637355745,-1016.0,-1170.2999999999993,37.968242627785024,46.96916193057177,45.961999342361494,5.729279506993093,10.363184896728136,13.181989491653226,20.76470023130189,24.759921847300497,27.34011763137978,-0.02567746285299377,-0.026012883188479004
2022-09-05,19793.1,19999.9,20042.9,19650.7,"238,71K","-1,03%",20482.22,19741.703333333335,1.0,20000.038677788943,19850.25274289785,20943.4431506255,-2.1233774261342635,-2.68974739678077,91.39999999999782,-364.40000000000146,48.31812481026493,50.95496079787768,46.52802959557079,29.963168917454986,17.780024554054993,35.500033254262064,24.280045225796442,32.35416148037506,28.53629649746155,0.05358663714176193,0.05220018831958072
2022-09-04,19999.9,19832.2,20017.8,19594.7,"158,27K","0,85%",20459.96,19730.36,1.0,20000.013463645497,19859.90740464638,20934.05400633544,-0.8703625684617409,1.8931848402561717,-222.59999999999854,-340.2999999999993,50.21411257407924,51.72599552311354,46.64341630056062,34.941383211766706,23.54461054540492,40.08468752078396,29.588903422233074,33.91419799186791,30.342760439847826,0.01044808544391751,0.010393881424441793
2022-09-03,19831.4,19952.8,20043.8,19660.7,"157,85K","-0,61%",20425.550000000003,19737.13,1.0,19969.356470255407,19858.06821724984,20923.08156657879,-11.448384259197233,4.089816399156007,-344.09999999999854,203.10000000000218,48.59997634069691,51.049533750347386,46.56113910682723,32.7546591779423,32.553070435721324,36.34912541290713,37.31128206265104,33.40538537549408,33.224581615912356,-0.008425042125210669,-0.008460733400998927
2022-09-02,19952.7,20131.6,20428.2,19764.7,"272,22K","-0,86%",20181.29,19767.146666666667,1.0,19966.32802111806,19864.173493556304,20913.42536808072,-8.620144814036248,3.3181613409348603,-2442.5999999999985,900.5,49.888435747136036,51.52166877124149,46.629252140238734,42.70985401459852,36.8019654681025,39.038286740417256,38.49069989136944,34.341804594861664,33.887129320741224,0.006116562622911159,0.006097932383837367
2022-09-01,20126.1,20049.9,20202.7,19584.4,"275,08K","0,41%",20010.41,19794.286666666667,1.0,19995.377471823867,19881.071977842992,20905.590754230187,-7.040516572442093,3.619935128455947,-1708.800000000003,814.1999999999971,51.80725840292238,52.203407347811876,46.72680656503215,48.66140275121826,41.375305314586356,42.88247943778125,39.423297197035204,35.987417368080905,34.57820244614555,0.008690553158219094,0.008653007671675624
2022-08-31,20043.9,19793.4,20469.1,19793.4,"318,17K","1,27%",19849.760000000002,19814.983333333334,1.0,20004.199749674073,19891.577011530542,20897.01614195159,-6.184355868421542,2.301332108406071,-1606.5,620.9000000000015,50.783032571654644,51.84586268929241,46.68614993401963,49.8949054148734,47.08872072689672,41.06014587536307,40.99363735118718,37.09511358065044,35.808111847864346,-0.004084248811244917,-0.004092612135118835
2022-08-30,19792.6,20295.6,20558.2,19559.7,"308,41K","-2,48%",19692.5,19821.636666666665,0.0,19965.727067915148,19885.19139788341,20886.026197071016,2.4599583794920488,1.9658956261913274,-1572.6000000000022,199.59999999999854,47.58727302966823,50.74664748217542,46.561672265027525,61.90665737884354,53.48765518164506,35.48894850023276,39.81052460445902,35.04167347605816,36.04140147492984,-0.012537480230893294,-0.012616737591352352
2022-08-29,20295.8,19551.3,20394.5,19551.2,"248,04K","3,81%",19790.34,19851.13,0.0,20025.74032829421,19911.682275439314,20880.152913585105,5.260482846251584,6.366542634033852,978.3999999999978,884.7999999999993,54.024353546682754,52.81874189949019,46.846877329683544,86.94397452482826,66.24851243951507,46.64464495532844,41.064579776974746,44.11464135448409,38.75047613706423,0.025423643179774302,0.025105837620439515
2022-08-28,19550.2,20034.2,20150.8,19542.9,"159,60K","-2,41%",19817.21,19866.77,0.0,19939.278450422535,19888.3608383142,20866.91869013871,4.065707107269084,1.6878449159198363,268.7000000000007,469.2000000000007,44.93801650381212,49.61903234562606,46.477483897411254,45.06512616491366,64.63858602286182,30.115059746824247,37.41621773412847,37.2501542115875,38.80215634737659,-0.03673666472866299,-0.03742845153189828
2022-08-27,20033.9,20249.9,20343.6,19849.8,"187,34K","-1,07%",19941.96,19893.710000000003,1.0,19956.482368527526,19897.750461648768,20858.629412954815,1.2165855778023804,6.545162525527573,1247.5,808.2000000000007,50.891652302623825,51.58726123637805,46.751240827141345,48.360090613611774,60.123063767784565,40.838450794776904,39.199385165643186,41.70341659224615,41.022737386105916,0.024741434870231505,0.024440322104614356
2022-08-26,20249.9,21564.2,21815.3,20122.4,"322,16K","-6,10%",19987.640000000003,19941.933333333338,1.0,20009.831028795248,19920.46978670369,20852.57201753372,1.25000625003125,6.999661826559301,456.8000000000029,1446.7000000000007,53.392140038867375,52.44548740571695,46.87319506068594,31.112480197148418,41.512565658557946,45.627064535438,38.860191692346376,48.76086554466434,42.57147878283266,0.010781724976165474,0.010724016606060635
2022-08-25,21565.4,21365.4,21801.2,21324.8,"190,15K","0,94%",20144.190000000002,20029.94,1.0,20292.661750832474,20026.59431659377,20859.66528118213,8.743709470839175,11.77546842200742,1565.5,2640.2000000000007,65.33595851719441,57.223108281409175,47.607656891797696,89.00281640556248,56.15846240544088,74.79105238654758,53.75218923892081,62.2772948646816,50.9138590005307,0.0649632837693026,0.06294032323311229
2022-08-24,21365.2,21516.2,21832.3,21171.1,"202,40K","-0,71%",20297.57,20098.996666666666,1.0,20487.66870522657,20112.955973587723,20864.695791878996,7.079242408295619,10.107194392908681,1533.7999999999993,2071.7000000000007,62.6223685010215,56.33211892931865,47.50720337668947,79.59727439503804,66.57085699924964,70.3527168732126,63.590277931732714,60.220290569837466,57.08615032639447,-0.00928338913259208,-0.00932674834507846
2022-08-23,21517.2,21416.5,21661.0,20919.6,"228,65K","0,47%",20454.02,20169.436666666665,1.0,20674.85621336719,20203.552362388513,20871.188772943486,6.911920342242174,16.378387149115696,1564.5,2113.2000000000007,63.887643144207736,56.85969735633535,47.591584595460674,86.2365685332402,84.94555311128023,73.72248209812227,72.95541711929415,61.78205207241643,61.426545835645165,0.007114372905472344,0.00708918514739759
2022-08-22,21416.3,21516.8,21517.4,20912.1,"251,83K","-0,47%",20583.04,20267.013333333332,1.0,20809.664174573158,20281.794145460222,20876.613097647212,6.846970898876954,13.479472669082881,1290.2000000000007,2927.2999999999993,62.33137368922918,56.391841551521345,47.54060043844127,81.82930025334147,82.55438106053991,70.93136257825388,71.66885384986291,60.74533012761235,60.91589092328875,-0.004689271838343334,-0.004700300966089638
2022-08-21,21517.2,21138.9,21692.4,21077.4,"177,52K","1,79%",20730.370000000003,20355.173333333332,1.0,20938.30705192349,20361.497748978916,20882.98748340196,8.71335751745603,10.124930267312894,1473.2999999999993,2644.7999999999993,63.32404806633472,56.759900532700875,47.597021073851806,86.2365685332402,84.7674791066073,73.21174316902844,72.62186261513486,61.78205207241643,61.43647809081508,0.004711364708189558,0.004700300966089584
2022-08-20,21138.9,20830.7,21357.4,20784.8,"206,94K","1,48%",20865.0,20408.506666666664,1.0,20974.77849702831,20411.65273291576,20885.53402956058,4.154061431429174,8.857910890477282,1346.300000000003,1600.0,57.05991707213009,54.96073694990746,47.40490661706607,69.71258845112264,79.25948574590143,62.360077995233645,68.83439458083863,57.895115385405774,60.14083252847819,-0.017581283810161108,-0.017737670274564972
2022-08-19,20831.3,23201.6,23202.3,20807.8,"339,47K","-10,22%",20918.550000000003,20455.590000000004,1.0,20948.69149756862,20438.726750147,20884.99435538234,6.552874139394986,3.5687473587391514,535.5,1412.5,52.37874376666554,53.53339810734602,47.249058935264735,35.2079575886757,63.71903819101285,49.053482025827776,61.54176773002994,54.73460329202885,58.13725691661702,-0.014551372114916195,-0.014658281718560304
2022-08-18,23203.6,23337.7,23578.0,23131.3,"160,97K","-0,58%",21283.89,20558.593333333334,1.0,21358.674861647054,20617.105669492357,20908.066416698908,15.821682248588626,17.175695875247428,3653.399999999998,3090.0999999999985,72.03708300970989,61.50864705096989,48.55986766604885,89.95762029934012,64.95938877971281,92.55606807698422,67.98987603268186,79.10938495366088,63.9130345436985,0.11388151483584785,0.10785077573700735
2022-08-17,23338.0,23855.8,24423.5,23191.6,"239,53K","-2,17%",21614.3,20676.446666666667,1.0,21718.55215952941,20792.647239202528,20932.246269755724,15.249951851614075,18.456782917210184,3304.0999999999985,3535.5999999999985,72.74531302178404,61.89197692882406,48.63254579450011,74.76227011694682,66.64261600165422,81.52371874521285,74.37775628267494,80.49031091383598,71.44476638650856,0.005792204657897981,0.005775494335851966
2022-08-16,23856.8,24102.6,24240.8,23693.8,"201,70K","-1,02%",21974.989999999998,20814.95,1.0,22107.324494160428,20990.334514092687,20961.347986330555,10.625353575635033,17.971566324638395,3606.899999999998,4155.0999999999985,75.41588684936013,63.34949327214088,48.91256856222325,84.4257564514799,83.04854895592227,90.35420673690659,88.14466451970121,85.82084951605943,81.80684846118542,0.02222983974633652,0.021986358616773772
2022-08-15,24101.7,24303.3,25205.7,23784.5,"279,28K","-0,83%",22228.62,20944.256666666668,1.0,22469.938222494897,21191.067771248,20992.597055486098,12.808211484095633,19.460236425367405,2536.2999999999993,3879.2000000000007,76.61759465781574,64.02146737341357,49.04435276712816,75.0277092899636,78.07191195279677,83.41670046415213,85.09820864875718,88.33713498962253,84.88276513983931,0.010265416988028742,0.010213085427219524
2022-08-14,24302.8,24442.1,24997.3,24172.2,"177,25K","-0,57%",22522.38,21081.833333333332,1.0,22803.185818404916,21391.824689232,21025.536261495756,12.945922331901913,8.51741213558202,2937.5999999999985,4127.299999999999,77.61590298227534,64.57322796245381,49.152600359433116,79.57655680969935,79.67667418371428,86.43744460967658,86.73611727024509,90.40338655652138,88.18712368740113,0.008343809772754618,0.008309192617998208
2022-08-13,24442.5,24398.9,24882.9,24318.7,"170,59K","0,18%",22814.91,21150.07333333333,1.0,23101.242942331293,21588.64245121703,21059.537804918444,14.130358652054747,11.942349174944692,2925.2999999999993,2047.2000000000007,78.33003028597727,64.9594048658889,49.22790335898235,82.73654685697481,79.11360431887924,88.53589292956603,86.13001266779823,91.83876867435218,90.19309674016536,0.005748308836841964,0.00573185035178254
2022-08-12,24398.7,23935.3,24440.8,23616.4,"194,96K","1,94%",23113.15,21235.533333333333,1.0,23337.144225543783,21769.936486622384,21092.765141755375,13.3916122915621,12.693991796918297,2982.4000000000015,2563.7999999999993,77.46903769395024,64.73054746866919,49.20494150919406,81.74579836684839,81.35296734450752,87.87796854580687,87.6171020283498,91.38873476768798,91.21029666618718,-0.0017919607241484448,-0.001793568206417326
2022-08-11,23935.3,23963.3,24873.5,23864.0,"285,36K","-0,12%",23354.96,21311.696666666663,1.0,23445.89982089946,21909.637358453198,21121.0506234348,13.228692126837242,12.02937487128601,2418.0999999999985,2284.899999999998,68.604372705094,62.32725783710832,48.96210473843041,71.26376982062473,78.58203834814931,80.91718865005329,85.77701670847539,86.62741713416764,89.95164019206926,-0.0189928151909734,-0.01917549547924483
2022-08-10,23962.9,23150.3,24209.9,22714.7,"243,61K","3,53%",23637.36,21398.286666666667,1.0,23539.899853463194,22042.105915972348,21149.32926857927,15.033147235170164,24.048267365173366,2824.0,2597.7000000000007,68.84033223799824,62.41323993428806,48.97717775505735,71.74105823233819,74.91687547327044,81.33177113844953,83.37564277810321,86.91100014384648,88.3090506819007,0.0011531085885700953,0.0011524442695005517
2022-08-09,23146.7,23818.1,23912.0,22886.5,"169,62K","-2,81%",23868.9,21525.93,1.0,23468.40897101534,22113.370050425747,21169.204673678032,-0.24522056922200788,20.046158234577188,2315.4000000000015,3829.2999999999993,55.206861755928415,58.33984221496801,48.551020182972984,17.34243275792854,53.44908693696382,69.07154552145765,77.10683510332014,78.52475186486654,84.02105638096022,-0.034060985940766786,-0.03465457920641363
2022-08-08,23816.3,23175.3,24234.1,23160.6,"197,94K","2,77%",23930.170000000002,21677.09,1.0,23531.661885376187,22223.236498785373,21195.545333900835,2.0494472534064583,26.774155772260773,612.7000000000007,4534.799999999999,62.056627764587574,60.52624723635526,48.91749523203699,44.223203532717726,44.43556484099482,78.56658027890903,76.3232989796054,85.40472227359595,83.61349142743633,0.02892852976882221,0.028517998432756906
2022-08-07,23175.3,22944.2,23387.7,22852.3,"99,36K","1,01%",23913.9,21823.386666666665,1.0,23466.86881530779,22284.65995047664,21215.245424343982,-2.856627879682103,17.08777301180715,-162.70000000000073,4388.899999999998,53.37498198748361,57.53594688558096,48.58454045738883,18.49056603773579,26.68540077612735,64.14494596312775,70.59435725449812,78.81860962127283,80.91602791991177,-0.026914340178785134,-0.027283163855919012
2022-08-06,22944.2,23308.2,23344.4,22923.6,"94,44K","-1,56%",23822.64,21928.423333333332,1.0,23371.838121615463,22327.21092141363,21232.449850841716,-4.802565794114108,14.721573607868036,-912.5999999999985,3151.100000000002,50.54248233793488,56.494958389527326,48.46501285630832,9.213167402649539,23.975645657701012,60.06392597301687,67.59181740501788,76.44411565254917,80.22248251580598,-0.009971823449966055,-0.010021875096862169
2022-08-05,23308.2,22613.3,23447.6,22593.5,"208,90K","3,08%",23743.29,22038.7,1.0,23360.267554049013,22390.500539386947,21253.10514902904,-4.092532547689972,17.531793015117437,-793.5,3308.2999999999993,54.74542568590894,57.740771576858144,48.66493576935942,29.732090856144477,19.145274765509928,66.49184149184148,63.566904475995365,80.20884722907418,78.49052416763207,0.015864575796933345,0.015740048733732144
2022-08-04,22612.1,22822.2,23214.5,22438.7,"181,19K","-0,91%",23574.219999999998,22131.390000000003,1.0,23224.237089676462,22404.797278781334,21266.628178018196,-7.488595683747577,13.328521954422198,-1690.7000000000007,2780.699999999997,46.37197356045625,54.64507849649007,48.304773990223076,7.094345798216094,15.346534685670031,54.199336017517794,60.25170116079204,73.05439072520966,76.56911786894433,-0.029865026042337095,-0.030320068754988803
2022-08-03,22820.8,22988.7,23623.7,22698.6,"174,66K","-0,73%",23412.05,22226.993333333332,1.0,23150.88489155347,22431.636164021245,21282.093357951246,-6.467147839843931,13.389081839005076,-1621.7000000000007,2868.0999999999985,48.97197603452907,55.38692078252846,48.41979898794563,15.693280762280216,17.50657247221359,57.884791975701035,59.525323161686764,75.19939154744286,76.1542098339089,0.009229571777942036,0.009187239553187603
2022-08-02,22988.6,23271.1,23423.3,22670.8,"177,30K","-1,21%",23271.04,22322.41,1.0,23121.37854763466,22467.56931472955,21299.07437549064,-3.9552460173885464,14.691252700322776,-1410.1000000000022,2862.5,51.09035406289358,55.98570953612297,48.51237342807823,22.585017249876703,15.124214603457666,60.847990393444896,57.64403946222124,76.92402565367537,75.05926930877597,0.007352941176470562,0.007326040092072881
2022-08-01,23271.2,23303.4,23484.4,22863.8,"162,33K","-0,14%",23204.629999999997,22429.986666666668,1.0,23148.618811701086,22519.41645571474,21318.698490788996,-2.8865454515104627,17.575255398482273,-664.0999999999985,3227.2999999999993,54.615973472884036,56.99141327555528,48.668310989609324,46.368497270803225,28.215598427653376,65.8384544748181,61.52374561465467,79.82856438085842,77.31732719399223,0.012293049598496752,0.012218103648683845
2022-07-31,23303.4,23634.2,24179.3,23236.2,"138,84K","-1,40%",23138.68,22547.013333333332,1.0,23176.760845937253,22569.996039217018,21338.447735722904,0.676986352266201,14.818829511524564,-659.5,3510.800000000003,55.026404068557916,57.10693679020928,48.68610785258073,48.161969477553846,39.03849466607792,66.40707777071414,64.3645075463257,80.39169200639077,79.04809401364152,0.0013836845542989362,0.0013827281449702565
2022-07-30,23634.2,23774.2,24605.3,23521.8,"168,72K","-0,59%",23187.43,22658.29333333333,1.0,23259.93160122139,22638.654359267533,21361.292154078834,-0.7646023941586163,20.889811868932288,487.5,3338.4000000000015,59.2345963041469,58.2973873717233,48.86914007260708,55.17862088064251,49.90302920966653,72.24871088507452,68.16474771020225,83.80147399886614,81.34057679537177,0.014195353467734373,0.014095542892970507
2022-07-29,23774.3,23850.2,24340.0,23451.4,"221,66K","-0,32%",23183.23,22799.096666666668,1.0,23353.45312827205,22711.921819959953,21385.30333981512,2.5846483109172267,18.67035375039307,-42.0,4224.0999999999985,60.953874016450385,58.79838359804343,48.94665161429258,61.64497369149817,54.99518801656484,73.27433297858434,70.64337387812432,85.24558058032261,83.14624886185983,0.005927850318605987,0.005910349740388021
2022-07-28,23850.0,22957.7,24190.5,22611.6,"268,32K","3,88%",23250.7,22926.3,1.0,23443.73437767713,22785.346218672214,21409.828855140342,3.9478386694676617,17.778359399305668,674.7000000000007,3816.0999999999985,61.91812013479128,59.07321089429009,48.988645377800985,65.13892735161083,60.65417397458384,73.33031692011093,72.95112026125658,86.02587228779053,85.02430895565976,0.0031841105731820196,0.003179052028244096
2022-07-27,22958.3,21248.0,23027.8,21047.5,"242,66K","8,05%",23252.11,23016.579999999998,1.0,23355.473581735834,22796.50452714497,21425.2372562522,-1.50118842295845,6.4589574039897135,14.099999999998545,2708.399999999998,46.79372686548473,54.63259145015211,48.5162047976257,53.7073472370566,60.163749426721864,49.16419733538418,65.2562824113598,76.83451012729988,82.70198766513768,-0.03738784067085954,-0.03810469043606151
2022-07-26,21248.7,21301.6,21322.3,20737.3,"201,57K","-0,25%",23046.159999999996,23006.023333333334,1.0,22972.423839602045,22696.64617055497,21423.48058446297,-6.02951517108096,-0.5452792391365399,-2059.5,-316.7000000000007,30.778311109489195,47.54417401646702,47.631099316097945,13.22130299896591,44.02252586254445,11.444812460836122,44.64644223877707,59.21249291346699,74.0242917761858,-0.07446544386997289,-0.07738380986980765
2022-07-25,21301.9,22582.3,22653.3,21275.4,"206,93K","-5,67%",22915.140000000003,23003.913333333334,0.0,22668.692232401674,22606.6625466482,21422.2707713733,-6.655770174577569,-1.0005948729388547,-1310.199999999997,-63.29999999999927,31.58788816697843,47.76235728038525,47.66096194164417,14.596690796277203,27.175113677433234,12.635395219765508,24.41480167199526,59.76086172241407,65.26928825439364,0.0025036825782283056,0.002500553586581753
2022-07-24,22582.1,22449.8,22987.9,22281.3,"126,66K","0,54%",22891.269999999997,23039.41,0.0,22652.948190146824,22605.077866219282,21433.811889900728,-1.7682677501022246,5.44351732091911,-238.70000000000073,1064.8999999999978,47.88476498283783,52.66366307524641,48.372953624500326,47.69389865563597,25.170630816959687,41.285471309641004,21.7885596634142,72.95675926403132,63.97670463330413,0.060097925537158536,0.058361286439192854
2022-07-23,22460.4,22683.6,22991.0,21971.7,"137,42K","-0,95%",22838.45,23074.213333333333,0.0,22617.939428301946,22595.743810334166,21444.02716070032,-3.48413489635257,4.383469968211481,-528.1999999999971,1044.1000000000022,46.70947082085216,52.18217403113555,48.31016551831533,44.54756980351608,35.61271975180975,38.5619013517143,30.827589293706932,71.70231407514302,68.13997835386282,-0.005389224208554477,-0.005403798463542031
2022-07-22,22675.2,23150.0,23741.4,22524.2,"197,54K","-2,06%",22778.85,23112.813333333335,0.0,22628.350441337956,22600.87001611906,21456.27818732883,-2.695743968691267,7.2676440117508445,-596.0,1158.0,49.156751055767195,52.967305103554565,48.42890680039167,50.10082730093075,47.44743192002759,43.36899113776745,41.07212126637424,73.91640467968871,72.85849267295434,0.009563498423892591,0.009518057658247375
2022-07-21,23153.0,23219.9,23403.8,22360.2,"217,08K","-0,27%",22763.81,23179.95,0.0,22723.7412701856,22636.4913054017,21473.161742706543,-2.036032529131516,11.14524777618296,-150.40000000000146,2014.0999999999985,54.339323380742805,54.679610012947975,48.69239859300333,62.45346432264738,52.36728714236474,54.06185659296392,45.330916360815216,78.84141627583364,74.82004501022179,0.02107147897262207,0.020852545520100216
2022-07-20,23215.2,23412.0,24258.0,22944.4,"281,31K","-0,83%",22721.91,23259.41333333333,0.0,22813.097402879128,22673.827350214495,21490.496220370806,-2.3516991036539396,0.04999224258305687,-419.0,2383.9000000000015,55.00276036677203,54.90072505810574,48.72667327304955,68.77897132706029,60.44442098354614,55.453853728403914,50.96156715304508,79.48255424418905,77.41345839990379,0.0026864769144387957,0.0026828747852486114
2022-07-19,23410.2,22529.3,23757.3,21581.8,"308,91K","3,93%",22685.5,23266.3,0.0,22921.66151144656,22721.33526310388,21509.598583687413,-1.8440251572327013,0.3093666980889568,-364.09999999999854,206.60000000000218,57.17047596166128,55.60322065340267,48.834367194912915,75.91956145084787,69.05066570018518,59.81783188613375,56.44451406916719,81.49255269803639,79.93884107268636,0.008399669182259872,0.008364588269554728
2022-07-18,22525.8,20785.6,22714.9,20770.6,"279,72K","8,37%",22553.08,23239.226666666666,0.0,22849.68669118355,22708.720084839115,21519.710477219265,-1.8838502850820837,-5.579122095167835,-1324.2000000000007,-812.2000000000007,46.002603336320995,51.81636810998689,48.37126358034752,50.79955690629703,65.16602989473506,40.02551248769133,51.765732700742994,72.37643663351027,77.78384785857855,-0.03777840428531154,-0.0385105058669148
2022-07-17,20785.6,21209.8,21654.4,20755.2,"132,81K","-2,00%",22335.81,23136.853333333336,0.0,22474.39820187745,22584.647821301107,21512.4055830542,-2.1794274473261996,-13.75878050096052,-2172.7000000000007,-3071.2000000000007,32.23553545854793,45.507708418243766,47.48083658466638,1.3718862726162202,42.6970015432537,1.080923820606912,33.64142273147733,54.439004277688994,69.43599786974521,-0.07725363805059093,-0.08040087969761855
2022-07-16,21209.9,20825.2,21561.3,20484.4,"136,89K","1,85%",22331.93,23040.46,0.0,22244.48943789973,22495.954413475232,21509.39544984257,-0.43188635755495985,-12.726517109139678,-38.79999999999927,-2891.7999999999993,37.317554997097176,47.131260452781305,47.71668058103668,19.22567309730762,23.799038758740284,16.07613729530901,19.060857867869075,58.81255475957327,61.87599855692417,0.020413170656608637,0.020207614548955432
2022-07-15,20825.1,20586.1,21178.1,20393.4,"164,67K","1,16%",22284.25,22924.53666666667,0.0,21986.418631008873,22388.157354541345,21502.586254548452,-7.780498713582882,-14.799631788892304,-476.8000000000029,-3477.7000000000007,34.69558310109788,45.84966029808508,47.52217044200622,11.170625679242283,10.589395016388702,9.615770130303979,8.92427708207329,54.84615781064781,56.032572282636686,-0.018142471204484867,-0.018309063846141234
2022-07-14,20586.0,20250.0,20862.2,19664.9,"205,28K","1,66%",22084.640000000003,22795.98666666667,0.0,21731.79706173453,22271.88913811932,21493.46561490365,-8.345354490570076,-15.626652239668509,-1996.0999999999985,-3856.5,33.090420120540415,45.062030704622316,47.40150425874569,20.05399403453003,16.816764270359972,17.684214568214085,14.458707331275681,52.381590475699625,55.34676768197357,-0.011481337424550153,-0.011547756857777817
2022-07-13,20250.0,19331.6,20250.8,18942.2,"249,38K","4,75%",21863.6,22657.696666666667,0.0,21462.379414146435,22141.444677595493,21481.092314468653,-10.695385266723118,-15.396924208177875,-2210.4000000000015,-4148.700000000001,30.861094722652666,43.964119441712256,47.23212376181369,24.602129500733653,18.608916404835316,22.049129195960404,16.44970463149281,48.918208524454975,52.04865227026747,-0.016321772078111363,-0.016456439551819545
2022-07-12,19330.9,19963.2,20051.7,19279.6,"167,91K","-3,17%",21529.170000000002,22504.216666666667,0.0,21074.837702483444,21960.11921452482,21459.69649595409,-16.508011920701414,-19.329880774029853,-3344.2999999999993,-4604.399999999998,25.615898339730492,41.12851128790421,46.772646912445964,7.312163738289641,17.322762424517773,6.863731878299887,15.532358547491448,39.444415811987845,46.914738270714146,-0.04538765432098757,-0.0464499416644988
2022-07-11,19963.2,20847.2,20855.0,19897.0,"160,20K","-4,24%",21210.190000000002,22370.893333333333,0.0,20872.72175657736,21831.28571681354,21444.80538399972,-14.00806368241497,-13.753580423991323,-3189.7999999999993,-3999.7000000000007,34.16856688243941,43.71223183507295,47.12826761554609,19.2068926596185,17.04039529954726,18.028994720206253,15.647285264822173,45.961964644642585,44.77486299369514,0.032709289272615294,0.032185726786570557
2022-07-10,20847.4,21587.4,21599.2,20689.7,"204,68K","-3,43%",20973.41,22294.25,0.0,20868.117800836022,21767.809218954608,21438.860814857573,-10.947364823880186,-12.465832224148999,-2367.7999999999993,-2299.2999999999993,44.1468146690171,47.07248944870846,47.620104440784914,39.56719486615026,22.028750421352797,33.64235136232808,19.511692653611394,55.07601917229296,46.827466542974456,0.044291496353290105,0.04333866155466115
2022-07-09,21587.5,21610.4,21944.1,21338.4,"190,11K","-0,11%",20791.140000000003,22219.95666666667,0.0,20998.91456432038,21756.176366118827,21440.339870096268,-4.165445844320732,-6.851259746367898,-1822.7000000000007,-2228.7999999999993,51.04751407917695,49.67393459528284,48.02682261845207,70.11689241127041,42.96365997901305,46.71116526284191,32.794170448458736,62.704736380972,54.58090673263584,0.03550082983969216,0.03488520324351595
2022-07-08,21611.2,21637.1,22482.1,21207.0,"439,90K","-0,12%",20699.68,22167.82,0.0,21110.239188989402,21746.823052175678,21442.040037321585,3.9719806019552104,-5.809747125635237,-914.5999999999985,-1564.0999999999985,51.26176878056032,49.755743547003874,48.039807397623846,75.39761010198033,61.693899126466995,47.1296639649662,42.494393530045386,62.9490285007473,60.243261351337416,0.0010978575564564164,0.0010972553515657749
2022-07-07,21637.8,20557.9,21817.8,20282.7,"115,81K","5,24%",20784.9,22124.273333333334,0.0,21206.159336445875,21739.78930687402,21443.987973000672,2.017454113409294,-7.166576569619282,852.2000000000007,-1306.4000000000015,51.526345818857024,49.85039600695806,48.05444648112868,76.14904375829826,73.887848757183,47.599371369038145,47.14673353228208,63.22321290522083,62.95899259564671,0.0012308432664542845,0.0012300863998734263
2022-07-06,20561.1,20180.4,20654.9,19785.3,"105,24K","1,78%",20720.02,22032.70333333333,0.0,21088.875820728445,21663.74483546279,21435.202681576888,-1.2677009954333953,-9.070364981580658,-648.8000000000029,-2747.100000000002,41.41496902283458,46.20557508751269,47.50992195150004,45.73293030876575,65.75986138968145,28.586816407974403,41.105283913992906,52.12492913466987,59.43239018021266,-0.04976014197376821,-0.05104084412292468
2022-07-05,20200.6,20215.8,20706.9,19315.4,"122,43K","-0,08%",20657.57,21952.32,0.0,20927.371126050544,21569.34839446519,21422.91761195493,-1.8721461187214683,-11.481630792960813,-624.5,-2411.5,38.59720358573137,45.06434180829289,47.329452861437794,35.54902680866687,52.477000291910294,22.221045010683163,32.80241092923189,48.409008916146966,54.58571698534589,-0.017533108637183825,-0.017688634164980007
2022-07-04,20215.8,19310.6,20303.8,19052.5,"92,79K","4,69%",20620.55,21865.48666666667,0.0,20797.994557677717,21482.022691596463,21410.90604051518,-0.16888888888889247,-12.061630547314754,-370.2000000000007,-2605.0,38.792300035474746,45.123460979431364,47.33792965640213,35.97841746942002,39.086791528950876,22.489449241581447,24.43243688674633,48.56568571870328,49.69987458984003,0.000752452897438749,0.000752169946686496
2022-07-03,19309.9,19243.4,19626.4,18794.4,"65,27K","0,35%",20526.54,21742.86333333333,0.0,20527.431910827225,21341.885743751533,21389.99973074559,-0.10863436260081008,-17.02232802777682,-940.0999999999985,-3678.699999999997,32.0490336351921,42.31584957717248,46.88594868863305,13.978902839168056,28.502115705751645,8.871259185324137,17.860584479196238,39.22795444003505,45.40088302496176,-0.04481148408670432,-0.045846559119908877
2022-07-02,19243.2,19275.4,19425.4,19006.4,"58,57K","-0,10%",20517.77,21608.596666666668,0.0,20293.93519976773,21206.4866635095,21368.63775333101,-3.606636210627555,-17.423208630500273,-87.70000000000073,-4028.0,31.599657272882425,42.11625297148735,46.852845536227704,12.170187379667533,20.70916922941853,7.723416338260845,13.0280415883888,38.540431891975466,42.111357350237924,-0.0034541867125154058,-0.00346016618889395
2022-07-01,19262.9,19926.6,20785.6,18980.1,"150,18K","-3,33%",20447.739999999998,21473.913333333334,0.0,20106.474254355413,21081.093975541145,21347.68437551343,-7.600468163895738,-18.49565460222897,-700.2999999999993,-4040.5,31.912955294467835,42.199552958412326,46.863981632209324,12.704395693792888,12.951161970876155,8.062434390541915,8.21903663804229,38.74349327423595,38.83729320208215,0.0010237382555915442,0.0010232145929487436
2022-06-30,19926.6,20111.3,20155.1,18682.7,"127,73K","-0,92%",20355.659999999996,21350.326666666668,0.0,20073.769844472612,21006.61049324817,21333.543722438597,-7.6938042848870944,-16.184283028312088,-920.8000000000029,-3707.600000000002,41.878465308873515,44.960097752361555,47.238311212287115,32.739379902089766,19.20465432518339,21.98752054867159,12.591123759158108,45.58470339638198,40.95620952086446,0.03445483286524853,0.03387455641438614
2022-06-29,20111.3,20278.0,20415.8,19880.7,"98,97K","-0,82%",20208.04,21228.226666666666,0.0,20080.593509113954,20948.848525941834,21321.381659054725,-6.940382764492492,-15.67589098532495,-1476.2000000000007,-3663.0,44.394991892551396,45.706596363670585,47.34206428458085,37.6006737905985,27.68148312882705,25.62373325202229,18.557896063745257,47.488532701128676,43.938909790582194,0.009269017293467074,0.009226323569142459
2022-06-28,20278.0,20727.9,21200.2,20210.5,"83,83K","-2,18%",20074.72,21109.159999999996,0.0,20116.485598365965,20905.56797588107,21310.999384939543,-6.2843727181136675,-11.674644899665914,-1333.2000000000007,-3572.0,46.708896023080946,46.385526917473676,47.43582431931771,50.88513923000861,40.408397640898954,28.613706885728114,25.408320228807327,49.206823687058694,47.42668659485645,0.00828887242495524,0.008254708379695476
2022-06-27,20730.2,21037.7,21497.5,20568.0,"84,69K","-1,49%",19983.96,21034.890000000003,0.0,20228.0700350267,20894.253912920998,21305.220084290842,0.8224268156859419,-2.4401492797206417,-907.5999999999985,-2228.0999999999985,52.64801579691518,48.20313390817132,47.689753477989164,72.74051442376013,53.74210914812241,36.72448119383711,30.320640443862498,53.8679585631088,50.18777165043205,0.022300029588716797,0.022055019724112522
2022-06-26,21043.5,21489.9,21837.4,20989.7,"67,21K","-2,08%",20032.2,21028.05,0.0,20376.33002865821,20903.882692732546,21302.6158140982,4.172648337178112,-1.2130373346978507,482.40000000000146,-205.20000000000073,56.38951463129205,49.43184048583755,47.8651244917835,74.83437410847303,66.15334258741392,42.34390974476709,35.89403260811076,57.09735607895685,53.39071277637478,0.015113216466797308,0.015000149590299114
2022-06-25,21489.9,21226.9,21553.4,20917.5,"66,63K","1,24%",20161.13,21034.316666666666,0.0,20578.7972961749,20941.690260943353,21304.479402274974,6.302496067432416,-4.836574100725784,1289.300000000003,188.0,61.23828580200307,51.14021581594393,48.11421669483247,88.98468951088851,78.85319268104055,50.35065377647842,43.13968157169419,61.69870638561048,57.55467367589204,0.021213201226031764,0.020991333471663754
2022-06-24,21226.9,21100.9,21488.7,20743.9,"104,56K","0,60%",20262.239999999998,20989.143333333333,0.0,20696.634151415827,20960.09088926959,21303.707441701867,9.927550116779475,-5.491887945005431,1011.1000000000022,-1355.199999999997,57.08357333559346,50.108471421327515,47.97848327563295,80.6479221479063,81.48899525575594,45.63341882948005,46.10932745024184,58.98778539401124,59.261282619526185,-0.012238307297846918,-0.012313812046550686
2022-06-23,21100.7,19967.3,21189.8,19907.5,"110,70K","5,68%",20441.32,20943.82,0.0,20770.10066934022,20969.162444800586,21301.68739922312,9.652760455641474,-6.9437094270392326,1790.7999999999993,-1359.7000000000007,55.09079902432099,49.61162759254988,47.91329793187887,76.64754176308364,82.09338447395947,43.36986350510287,46.45131203702044,57.68695562541875,59.45781580168015,-0.005945286405457217,-0.005963029982731646
2022-06-22,19965.8,20720.2,20864.3,19780.2,"125,94K","-3,64%",20513.579999999998,20853.506666666664,0.0,20623.864184005637,20904.429383845705,21288.394544697254,3.648983278737873,-13.765818684403753,722.5999999999985,-2709.4000000000015,40.843667625673156,45.42181385539849,47.332086357942785,40.67264716137821,65.98937035745604,23.014008214804562,37.339096849795816,45.9887646240272,54.221168547819055,-0.0537849455231344,-0.05528540545206774
2022-06-21,20720.4,20571.6,21689.3,20371.7,"136,32K","0,72%",20659.329999999998,20772.42,0.0,20641.416150550063,20892.556520371792,21282.742671375403,3.9836198849778834,-10.746407526103583,1457.5,-2432.5999999999985,50.33295090316513,48.418150547802426,47.75558709100586,64.59251275874094,60.63756722773426,36.54870589923414,34.31085920638051,53.76694325619751,52.48088783521448,0.03779462881527418,0.03709791238913442
2022-06-20,20572.3,20576.9,20996.8,19658.8,"140,60K","-0,02%",20723.9,20684.323333333337,1.0,20628.84957772278,20871.894809380065,21275.673359352157,2.292243664009786,-12.122493613894804,645.7000000000007,-2642.9000000000015,48.631779473319824,47.884413679685224,47.679963178943304,41.93059763150643,49.06525251720851,37.23643242817166,32.26638218073678,52.24037519971137,50.66536102664535,-0.007147545414181278,-0.00717321148965603
2022-06-19,20577.2,18983.4,20763.5,17983.7,"169,39K","8,38%",20770.489999999998,20589.89,1.0,20619.458745409545,20852.882241032967,21268.723151105092,1.4754906795542002,-8.650525175576444,465.90000000000146,-2833.0,48.6955249609687,47.90406931500286,47.68271802963139,67.29895944157562,57.94068994394099,54.816959756509966,42.86736602797191,52.290882853167034,52.7660671030253,0.00023818435469058485,0.0002381559933005787
2022-06-18,18986.5,20446.4,20744.7,17630.5,"267,25K","-7,13%",20641.34,20471.913333333334,1.0,20322.557155335082,20732.470483546967,21246.013736559533,-8.411399793537933,-8.655511507967049,-1291.5,-3539.2999999999993,33.63845044106081,42.51870658492287,46.877408680462096,32.23276046495043,47.15410584601082,27.949542418995804,40.000978201225806,35.89444931196206,46.80856912161349,-0.077304006375989,-0.08045546642069712
2022-06-17,20444.6,20391.3,21315.4,20244.1,"136,27K","0,28%",20612.780000000002,20460.546666666665,1.0,20344.746763455976,20713.898194285874,21238.039217957383,-2.846009456601808,-3.60822068939506,-285.6000000000022,-341.0,49.53209076082328,48.056031017344736,47.691272682356534,66.89248615369982,55.47473535340862,58.00354522219473,46.92334913256682,50.92408390455082,46.36980535655997,0.07679667131909507,0.07399058863227702
2022-06-16,20386.6,22577.9,22942.1,20231.1,"144,00K","-9,71%",20547.09,20433.103333333336,1.0,20352.35644282762,20692.7821817513,21229.56692027563,-5.134039711678522,-2.10563214582403,-656.9000000000015,-823.3000000000029,49.0132683825917,47.86628742332699,47.662080726839136,51.88831990360718,50.337855507419135,51.88831990360718,45.9471358482659,50.32623821058597,45.714923809032946,-0.00283693493636461,-0.0028409666632511726
2022-06-15,22577.9,22137.5,22754.4,20125.8,"280,41K","1,90%",20655.89,20491.529999999995,1.0,20757.000725949867,20814.402686154444,21242.98358633981,6.364565716143194,9.675993393568453,1088.0,1752.800000000003,64.58534149675839,54.83591457177841,48.85089250969873,93.1433089841103,70.64137168047243,93.1433089841103,67.67839136997073,72.91346698964078,58.05459636825918,0.1074872710505923,0.10209372946306086
2022-06-14,22157.3,22449.1,23200.3,20860.9,"251,01K","-1,29%",20748.93,20543.906666666666,1.0,21011.60059395898,20901.041222531578,21252.081541729403,5.0074168155558745,9.418765432098763,930.3999999999978,1571.2999999999993,60.63582893096917,53.41793913568568,48.63777716762389,81.2740134295666,75.43521410576136,81.2740134295666,75.43521410576136,68.57805493995772,63.939253380061494,-0.018628836162796425,-0.018804538438670085
2022-06-13,22448.0,26606.3,26857.6,22006.3,"379,26K","-15,63%",20883.659999999996,20617.173333333332,1.0,21272.764122330078,21000.845014626313,21263.981589997984,12.432259163169023,16.124960555380238,1347.2999999999993,2198.0,62.40151363642253,54.26353955187166,48.79295319361798,52.21033694226789,75.54255311864826,52.21033694226789,75.54255311864826,61.16053340849438,67.55068511269762,0.01311982958212421,0.013034510059493286
2022-06-12,26606.3,28404.0,28534.8,26606.3,"120,02K","-6,33%",21547.71,20859.68666666667,1.0,22242.497918270063,21362.487271747195,21317.140588636827,28.406304897588836,33.27672918169431,6640.5,7275.399999999998,78.0500528090445,63.94790271617295,50.9244923795927,82.3143163706061,71.93288891414686,82.3143163706061,71.93288891414686,85.20022101821866,71.64626978889025,0.18524144689950095,0.16994650649014761
2022-06-11,28403.4,29083.3,29426.6,28161.8,"82,92K","-2,34%",22316.010000000002,21141.02666666667,1.0,23362.661933130054,21816.739705828022,21387.652735717194,38.06623469422477,36.24432782984928,7683.0,8440.2,81.70618324305987,67.06562629561726,51.796017395107306,91.32594671120118,75.28353334135839,91.32594671120118,75.28353334135839,92.65069240935473,79.67048227868925,0.06754415307652706,0.06536082646110178
2022-06-10,29083.3,30097.4,30325.6,28884.9,"104,26K","-3,37%",23167.109999999997,21415.556666666664,1.0,24402.777945288224,22285.550047387504,21464.228601660558,41.33749975701261,34.722872032426174,8511.0,8235.899999999998,82.90328523888091,68.14382007698129,52.1193317416263,90.21433466455562,87.95153258212098,90.21433466455562,87.95153258212098,91.6182007097845,89.82303804578595,0.023937275114950918,0.023655269970610224
2022-06-09,30097.8,30202.1,30691.4,29953.8,"61,72K","-0,34%",24119.170000000002,21699.233333333334,1.0,25438.236500690364,22789.566173362506,21550.1372964123,58.52210781344639,39.26945287628636,9520.599999999999,8510.3,84.57657848751845,69.67618270562363,52.59613556795406,95.45513708856203,92.33180615477295,95.45513708856203,92.33180615477295,96.0914454277286,93.45344618228927,0.034882561469984585,0.03428795310068622
2022-06-08,30201.6,31127.2,31312.1,29874.8,"87,96K","-2,98%",25240.68,21985.58,1.0,26304.302591473934,23267.76190411331,21636.223994262393,47.724093403637156,39.577960790838254,11215.099999999999,8590.399999999998,84.74630019046252,69.82979102358809,52.64462766948632,90.07267818671053,91.91404997994272,91.88325926792189,92.51757700701317,92.97503147160597,93.56155920303968,0.0034487570520105315,0.0034428237272257083
2022-06-07,31128.8,31370.3,31556.6,29235.0,"140,32K","-0,76%",26309.1,22301.946666666663,1.0,27181.483938478672,23774.925652235033,21730.680193757533,52.69245484779218,51.39656924969969,10684.2,9491.0,86.24822743109574,71.17888133122352,53.075560262940286,96.25747979144067,93.92843168890441,96.92807031401469,94.75548889016619,97.33497794722284,95.46715161551913,0.030700360245814906,0.03023853257623234
2022-06-06,31367.6,29911.2,31753.4,29888.6,"94,01K","4,86%",27407.2,22662.163333333334,1.0,27942.59594966437,24264.77561015535,21826.572663790485,38.93054712794368,55.28053622169639,10981.0,10806.5,86.62508996044043,71.51820504819037,53.18582972012501,96.68203240565548,94.33739679460223,97.26826643253155,95.35986533815604,97.62572926667157,95.97857956183346,0.007671352573822343,0.007642077373598055
2022-06-05,29913.0,29865.1,30166.9,29539.0,"30,33K","0,16%",28140.71,22985.91,1.0,28300.851231543576,24629.177183693715,21907.03688759656,35.00291100449965,47.968420740213105,7335.0999999999985,9712.400000000001,73.07190254779302,66.57882941683016,52.431545572037294,83.10397062198759,92.01449427302789,86.96868206954662,93.72167293869761,88.67390394604041,94.54487038664494,-0.046372690291893504,-0.04748234454494128
2022-06-04,29864.3,29700.9,29963.8,29489.5,"33,51K","0,55%",28911.409999999996,23307.526666666665,1.0,28585.114643990197,24966.92704281025,21986.215837010735,33.03768709907341,54.65797337117229,7707.0,9648.5,72.64906780964657,66.41995182815492,52.406537120456605,80.61885073509042,86.80161792091116,86.62385204171946,90.2869335145992,88.37419688353887,91.55794336541693,-0.0016280546919399397,-0.0016293814131585842
2022-06-03,29700.9,30455.7,30674.8,29330.8,"72,13K","-2,48%",29636.7,23653.893333333333,1.0,28787.984708719254,25272.344652951528,22062.980977162577,11.631079857026352,54.344911449239206,7252.9000000000015,10391.0,71.11493954510271,65.87433335534021,52.32238178441318,60.1231761574479,74.61533250484196,85.46686587032409,86.3531333271967,87.36860891613125,88.13890324857016,-0.005471415703699689,-0.005486438721777495
2022-06-02,30455.5,29798.6,30638.5,29604.4,"81,40K","2,20%",30021.620000000003,24027.636666666665,1.0,29091.169307133932,25606.741772115944,22146.490905617553,7.224839279804525,58.104439103146454,3849.2000000000007,11212.3,73.93882957942053,67.16300399805733,52.67509974123799,63.862902327653394,68.20164307339724,90.809961126964,87.63355967966918,92.01252984762326,89.25177854909778,0.025406637509300944,0.025089253439257997
2022-06-01,29798.5,31793.1,31969.9,29396.6,"135,09K","-6,27%",30161.129999999997,24378.82333333333,1.0,29219.774887655032,25877.17778681814,22222.632354559744,2.459143219648392,49.541316632039596,1395.0999999999985,10535.599999999999,67.55020684804558,64.95379331129061,52.3363011993228,29.61426256077791,51.20011368195973,84.85710699192434,87.04464466307081,86.81258616396508,88.7312416425732,-0.021572458176683962,-0.02180854514507585
2022-05-31,31793.4,31730.2,32377.5,31221.2,"86,60K","0,22%",30432.140000000003,24774.383333333335,1.0,29687.706726263208,26258.8695425073,22317.866418100635,5.6336343520124466,58.08724448444408,2710.100000000002,11866.800000000003,74.8744597379603,68.23569383904876,53.253820002001355,81.41288782816234,58.29668423886454,96.03919441242287,90.56875417710371,96.53831793425115,91.78781131527982,0.06694632280148327,0.06480066440141377
2022-05-30,31723.3,29465.2,32185.6,29307.2,"129,56K","7,66%",30594.690000000002,25161.45,1.0,30057.814594215353,26611.4134429907,22411.455297738845,5.038474782792967,56.44195680047341,1625.5,11612.0,74.22038260621177,68.00419955431607,53.21764099373506,79.1821797931583,63.40311006069951,95.56384349359192,92.15338163264637,96.12286867417754,93.15792425746459,-0.002204860128202757,-0.0022072944111223474
2022-05-29,29465.2,29027.1,29556.5,28838.7,"36,87K","1,51%",30521.05,25467.690000000002,1.0,29950.0664861762,26795.528704733235,22481.643650504855,-5.344247128061469,42.136592989937384,-736.3999999999978,9187.2,56.54179705900774,61.097072106454675,52.0723518167326,17.70374138125919,59.43293633419327,80.2515765918492,90.61820483262132,82.74018715959534,91.80045792267465,-0.07118111924043202,-0.07384152068322557
2022-05-28,29027.1,28620.1,29194.4,28537.2,"43,87K","1,49%",30310.879999999997,25744.253333333334,1.0,29782.254397780533,26939.501046363348,22546.774258279045,-7.461520804906975,37.93855584859933,-2101.7000000000007,8296.899999999998,53.780357249658316,59.87647785195978,51.854753708800416,12.756815873759809,36.547579016059096,77.28080287516104,84.36540765353404,80.14377744720949,86.33561109366077,-0.014868387114290837,-0.014980029593171561
2022-05-27,28601.2,29194.0,29377.1,28282.2,"116,41K","-2,06%",30034.24,25996.176666666663,1.0,29567.51723454771,27046.70743046894,22607.01884711767,-4.385384281081802,33.09135919664586,-2766.399999999998,7557.700000000001,51.08538367638043,58.6971738883101,51.643901443237844,7.789417136717702,12.74999146391223,74.39275784905405,77.30837910535477,77.61967131503619,80.16787864061367,-0.014672495702291899,-0.014781201400354967
2022-05-26,29203.5,29537.9,29868.9,28077.9,"126,71K","-1,14%",29963.29,26253.296666666665,1.0,29501.332282811767,27185.855338180623,22672.657143840064,-2.212675334764248,37.57779044514271,-709.5,7713.5999999999985,54.65577276577066,59.85392799929473,51.92175785231326,26.17917945855426,15.575137489677251,78.47697836848172,76.71684636423227,81.189216098807,79.65088828701755,0.021058556983623022,0.020839890117386677
2022-05-25,29540.6,29648.7,30202.3,29353.5,"78,85K","-0,36%",29930.919999999995,26530.420000000002,1.0,29508.471867755085,27337.77434862058,22740.99660341011,-0.5397142847523237,39.99819911187779,-323.7000000000007,8313.699999999997,56.624670079206815,60.49452908725053,52.07665346290024,34.01944366917847,22.66268008815014,80.76286702380145,77.87753441377907,83.1870469914006,80.66531146841459,0.011543136952762545,0.011477023234133972
2022-05-24,29648.7,29091.6,29810.8,28706.1,"79,42K","1,91%",29925.7,26815.353333333333,1.0,29533.967891799617,27486.86632612893,22809.731682992995,-2.6491109980134926,48.49743060633684,-52.20000000000073,8548.0,57.28551666562909,60.70254627571595,52.12636198175759,36.533631035445154,32.24408472105929,81.495897470672,80.24524762098505,83.82770412426733,82.73465573815831,0.0036593704934904103,0.0036526912867880994
2022-05-23,29093.3,30287.3,30644.8,28913.6,"92,10K","-3,94%",29789.48,27119.603333333336,1.0,29453.84645692696,27590.507208314157,22872.25629305033,-2.3665620752722476,40.40896893882356,-1362.2000000000007,9127.5,52.70176877484891,59.049956729685626,51.84866041745209,23.616150339566428,31.389741681396682,77.72970773716688,79.99615741054677,80.53611326770697,82.5169547944583,-0.018732693170358306,-0.01891037250766552
2022-05-22,30286.6,29433.0,30462.0,29260.1,"50,60K","2,89%",29838.29,27438.47666666667,1.0,29605.25619203115,27764.448678745503,22946.032658952732,-4.739348418225175,47.22029136265755,488.09999999999854,9566.199999999997,60.28760150675513,61.38645157788858,52.39628438462127,51.36989487394171,37.173225416317756,85.8215230216315,81.68237607649013,87.60823312570747,83.99068350589391,0.041016316471490066,0.040197463353888976
2022-05-21,29434.6,29188.7,29623.2,28953.9,"32,27K","0,88%",29602.409999999996,27733.886666666665,1.0,29574.227793480033,27872.200376890953,23010.597079073155,-7.21457099355994,43.0447291176642,-2358.800000000003,8862.3,53.48273770966811,58.90406759940133,51.972142107231704,33.02821530296755,36.00475350549189,80.04407676137518,81.19843584005785,82.55883555676719,83.5677273167272,-0.028131252765249304,-0.028534517348674317
2022-05-20,29178.6,30305.9,30735.1,28738.5,"98,78K","-3,72%",29347.939999999995,28020.6,1.0,29502.295467392756,27956.48422354315,23071.971711584916,-0.9726728479698158,53.68077318094435,-2544.7000000000007,8601.399999999998,51.540519232765185,58.1728603713596,51.845406500856654,41.423302724672524,41.940470967193924,78.30813046721367,81.39124341674011,81.04164567689782,83.73623811979081,-0.008697247457074342,-0.00873528924692273
2022-05-19,30305.9,28700.4,30525.1,28682.1,"101,38K","5,66%",29432.01,28397.913333333334,1.0,29648.405382412257,28108.05943492746,23143.952803400345,4.4055382728553765,48.234252565469625,840.7000000000007,11319.400000000001,58.85178375524743,60.411513893502416,52.35954531150677,83.84765919012503,52.76639240592169,83.09132610168386,80.48117777675758,87.7226150189945,83.77436541755316,0.038634478693289065,0.03790684915540902
2022-05-18,28683.7,30437.5,30687.9,28648.1,"92,03K","-5,76%",29397.670000000002,28672.55,1.0,29473.00440379185,28145.197535899886,23199.075959403825,0.28844943568801307,40.698792343990675,-343.3999999999978,8239.100000000002,47.4139822805653,55.95347429620155,51.56333919251731,22.798434442270057,49.35646545235587,69.85071459470932,77.08339038786895,78.10860945991597,82.29095671860276,-0.0535275309428197,-0.05501339585861809
2022-05-17,30437.5,29856.7,30720.1,29484.5,"79,63K","1,97%",29581.3,29007.579999999998,1.0,29648.367239466057,28293.08801745473,23271.101752331597,4.225520913589125,34.81103202689354,1836.2999999999993,10050.900000000001,57.36713377445069,59.31157708150039,52.350637516257045,88.80024085503541,65.14877816247683,84.16546275210787,79.03583448283369,88.50254544161486,84.77792330684177,0.06114273960472327,0.05934638366953181
2022-05-16,29849.0,31308.3,31312.4,29135.8,"100,25K","-4,66%",29645.85,29249.95,1.0,29684.8459231995,28393.46943568346,23336.554981503883,1.0439869196969644,34.71406714717046,645.5,7271.0999999999985,53.58564605689941,57.78236644709897,52.065235988777374,45.07375295574823,52.224142751017894,78.04473542538595,77.35363759073438,85.01478667480575,83.87531385877885,-0.01933470225872691,-0.019524062402884
2022-05-15,31308.7,30078.6,31383.8,29499.4,"65,44K","4,08%",29822.660000000003,29554.996666666666,1.0,29980.092118981414,28581.548826929687,23415.881613785514,5.598896410297922,39.472113328581614,1768.1000000000022,9151.400000000001,60.72126522956465,60.40200533045689,52.70794817615646,97.25481595204158,77.0429365876084,89.69453872261649,83.96824563337009,93.66573225154534,89.06102145598864,0.04890281081443271,0.04774467575533873
2022-05-14,30080.4,29285.2,30277.4,28666.7,"70,46K","2,72%",29865.829999999998,29809.41,1.0,29998.32991553025,28678.248902611645,23482.19672450549,3.392877397888869,13.057433765687081,431.7000000000007,7632.4000000000015,53.090094242312034,57.306608390677056,52.116981544614525,52.35588697591119,64.89481862790034,60.19718602716942,75.97882005839061,86.38618408965645,88.35556767200251,-0.039231906786292625,-0.040022217329699655
2022-05-13,29284.4,28994.3,31002.7,28755.0,"141,23K","1,06%",29884.940000000002,29898.679999999997,0.0,29868.52447634293,28717.3554250238,23539.931378988622,-3.3090541691705146,3.1017413408253938,191.10000000000218,2678.100000000002,48.68447491084252,55.40320112522766,51.7391556482219,23.259129290492478,57.62327740614841,28.060749837194166,59.317491528993365,81.6686718069376,87.24019604937978,-0.026462414063642803,-0.02681884583829899
2022-05-12,28976.0,29073.4,30136.7,26500.5,"309,48K","-0,32%",29753.879999999997,29917.766666666666,0.0,29706.247298826034,28734.04217179646,23594.022809257236,-1.5580303452399509,-0.36894025093438254,-1310.5999999999985,572.5999999999985,47.00528821391604,54.675349025621706,51.59351392953433,50.69317879302931,42.102731686477654,42.12183086608814,43.4599222434839,79.84093212353245,82.63192934004216,-0.010531204327218657,-0.010587049886207128
2022-05-11,29068.2,31008.0,32113.6,27835.5,"296,90K","-6,25%",29717.24,29917.263333333332,0.0,29590.238699039484,28755.60074135798,23648.493425676883,-0.37835948263452607,-3.4208480354045765,-366.3999999999978,-15.099999999998545,47.605587069579954,54.858758425161355,51.63442080627588,45.74477561418826,39.89902789923668,43.69065849923432,37.957746400838865,80.38735754120415,80.63232049055806,0.003181943677526222,0.003176892007991353
2022-05-10,31007.5,30098.2,32621.2,29831.0,"235,61K","3,03%",29900.130000000005,29947.586666666666,0.0,29847.9225719414,28900.884564496177,23721.71895768182,2.3150607637456684,2.6684016740834973,1828.9000000000015,909.7000000000007,58.5727172053397,58.51175695479724,52.4832695501239,73.63536850360252,56.691107636940025,73.63536850360252,53.149285956308326,90.57253023310159,83.60027329927938,0.0667155173006928,0.06458431755829859
2022-05-09,30095.0,34041.0,34227.0,30095.0,"268,09K","-11,64%",29879.04,29944.033333333333,0.0,29892.845740679328,28977.92427001255,23785.136049329773,4.92021601118405,-3.3210403227878986,-210.90000000000146,-106.59999999999854,52.79512114085811,56.29431790466049,52.05126334279735,46.521710994628876,55.300618370806546,46.521710994628876,54.615912665821895,77.93065139829513,82.9635130575336,-0.02942836410545835,-0.029870065707613424
2022-05-08,34060.0,35468.0,35497.0,33727.0,"671,05M","-3,97%",30416.670000000002,30041.74,1.0,30650.510151464903,29305.80012356013,23887.375672134625,11.901437371663244,8.583379028041678,5376.299999999999,2931.2000000000007,68.02342556077869,62.655887345857316,53.71504446831307,84.02712165842271,68.06140038555137,84.02712165842271,68.06140038555138,92.81241246848866,87.10519803329511,0.13174946004319654,0.12376463023480809
2022-05-07,35468.0,36003.0,36119.0,34773.0,"288,86M","-1,50%",30919.72,30178.42,1.0,31526.417396653105,29703.361405911088,24002.608187006943,18.824751247948004,18.57052117808311,5030.5,4100.4000000000015,71.63402515966011,64.55132331191382,54.28121863866805,93.2317928991007,74.59354185071741,93.2317928991007,74.59354185071743,96.84207462599686,89.1950461642602,0.04133881385789784,0.04050720628321837
2022-05-06,36009.0,36540.0,36646.0,35267.0,"752,84M","-1,46%",31535.72,30381.62,1.0,32341.43241544345,30110.176799078115,24122.077258330115,15.012760031556722,20.57540273838664,6160.0,6096.0,72.93854485106976,65.25234323793961,54.4961648193997,93.72135429500764,90.32675628417701,93.72135429500764,90.32675628417701,96.9870115127378,95.54716620240777,0.015253185970452332,0.01513802569355687
2022-05-05,36544.0,39686.0,39833.0,36183.0,"1,04B","-7,92%",32059.25,30604.27666666667,1.0,33105.535612635555,30525.262166879525,24245.681026207803,21.487746173588114,23.04004255763293,5235.299999999999,6679.700000000001,74.24023845725205,65.94137185544915,54.70780197727247,75.33095818488655,87.42803512633162,75.33095818488655,87.42803512633162,86.42575021564444,93.41827878479302,0.01485739676192055,0.014748106822227582
2022-05-04,39688.0,37717.0,40021.0,37660.0,"691,49M","5,22%",33020.01,30937.18,1.0,34302.34731942909,31116.40654320988,24399.33907563572,35.526082146125574,30.31472147887902,9607.599999999999,9987.099999999999,80.39715188178256,69.60541039426559,55.918690277976005,97.5370733330868,88.86312860432697,97.5370733330868,88.863128604327,98.63623519004656,94.01633230614293,0.08603327495621715,0.08253186096520274
2022-05-03,37718.0,38515.0,38647.0,37513.0,"367,21M","-2,07%",33863.37,31179.263333333332,1.0,34923.375079532896,31542.315798486663,24531.865741269878,30.1697956929873,26.576841116163564,8433.599999999999,7262.5,68.92739408191454,65.06800757822245,54.99282599270922,82.96660626456122,85.27821259417819,82.96660626456122,85.27821259417819,90.568317245277,91.87676755032265,-0.04963716992541822,-0.05091144090857432
2022-05-02,38514.0,38472.0,39134.0,38061.0,"580,79M","0,14%",34817.17,31469.780000000002,1.0,35576.21597416328,31992.101876003653,24670.994236989307,32.49530414679959,21.13834946875766,9538.0,8715.5,70.79779036123762,65.99458666600162,55.29342359692042,87.63284231258463,89.3788406367442,88.85396250138679,89.78588069967827,93.82824754174226,94.34426665902193,0.02110398218357279,0.02088437746752266
2022-05-01,38461.0,37642.0,38676.0,37397.0,"276,99M","2,15%",35756.45,31692.033333333333,1.0,36100.72216067905,32409.450142067933,24808.21094086096,24.037732806579054,21.23896315957041,9392.8,6667.5999999999985,70.48390849656558,65.87423260063369,55.26872212034443,84.69087340529931,85.09677399414838,88.46196516401021,86.7608446433194,93.61119188129922,92.66925222277281,-0.0013761229682712761,-0.0013770706950420094
2022-04-30,37650.0,38590.0,38776.0,37596.0,"248,22M","-2,41%",36420.7,31889.590000000004,1.0,36382.40904055558,32747.55013290226,24935.992440717848,25.10383784681841,27.777853196312936,6642.5,5926.700000000001,65.54333323295707,64.0259154652544,54.89160412181806,76.11323796091074,82.81231789293155,82.4636662845309,86.59319798330928,90.28983073753875,92.57642338686007,-0.021086295208132877,-0.02131178661675147
2022-04-29,38581.0,39748.0,39919.0,38175.0,"382,90M","-2,94%",37269.3,32193.45,1.0,36782.15285136366,33123.90173723114,25071.766294613382,13.27363476218438,32.91372544966601,8486.0,9115.8,68.37118582954466,65.18594130061689,55.243938841663905,77.1210676835081,79.30839301657271,89.34950630524018,86.75837925126042,94.10263865966083,92.66788709283293,0.024727755644090355,0.02442697306164785
2022-04-28,39748.0,39243.0,40382.0,38888.0,"542,39M","1,29%",37838.1,32550.813333333335,1.0,37321.397787479356,33551.2629154743,25217.801276087743,12.067215518213601,38.97318993608659,5688.0,10720.900000000001,71.61563754036972,66.58323205528134,55.68004822583317,88.69673738634337,80.64368101025406,95.43277023376436,89.08198094117847,97.44135083761456,93.94460674493803,0.030248049558072587,0.029799598061566502
2022-04-27,39243.0,38113.0,39447.0,37869.0,"426,83M","2,96%",38215.6,32905.54,1.0,37670.780007937654,33918.47175963725,25357.358146429073,8.981088061318005,34.37772869690277,3775.0,10641.8,68.24947019928106,65.4080447961471,55.44508275227873,77.73216031280548,81.18332179421897,91.79483485214134,92.19237046371529,95.40331010101418,95.6490998660965,-0.012705041763107605,-0.012786440994917271
2022-04-26,38113.0,40443.0,40770.0,37708.0,"681,47M","-5,72%",38426.0,33202.52333333334,1.0,37751.18364285808,34189.08648482195,25484.282345824846,4.293454465849387,29.019044975389807,2104.0,8909.5,61.10825268661937,62.840646956512316,54.923852725503465,42.0754305646392,69.501442754596,81.37986614807808,89.53582374466124,89.44239808953895,94.09568634272256,-0.02879494432128027,-0.029217653090452603
2022-04-25,40427.0,39464.0,40599.0,38233.0,"654,60M","2,44%",38814.3,33565.403333333335,1.0,38237.69570779298,34591.53251805924,25632.96887539962,1.8620237855271116,36.353364565731376,3883.0,10886.400000000001,68.58694343346227,65.69330099175784,55.779417083425336,89.83101096946339,69.87953394896935,97.5962717684572,90.2569909228922,98.63708789789682,94.49426536281665,0.06071419200797634,0.05894244729079754
2022-04-24,39464.0,39434.0,39929.0,39033.0,"283,63M","0,12%",38791.9,33892.58,1.0,38460.66012455789,34905.885258829614,25770.593615723323,4.629089559361578,35.646351565480714,-224.0,9815.3,62.98633889261547,63.59161886640084,55.34009237819986,61.280758968277496,64.39573350079336,90.84761203966501,89.94124998540009,94.81060289986371,94.29669629576648,-0.02382071387933804,-0.024109014643107454
2022-04-23,39418.0,39709.0,39973.0,39291.0,"190,60M","-0,73%",38961.9,34236.736666666664,1.0,38634.72192009282,35196.989435679316,25906.39118554087,2.347198421353274,30.149967312276722,1700.0,10324.7,62.71453809788633,63.49124639913477,55.31917555056167,59.91698784464868,70.3429192607965,90.52524615438523,92.98970998750247,94.24925563589962,95.89898214455337,-0.0011656192986012615,-0.0011662991611345057
2022-04-22,39709.0,40487.0,40792.0,39200.0,"421,30M","-1,91%",39081.4,34550.816666666666,1.0,38830.045207348674,35488.08689144193,26043.733061393767,3.24484542783599,34.90585909100175,1195.0,9422.400000000001,63.81217692957553,63.86450271784979,55.42628968943208,68.100147275405,63.09929802944371,92.42206906202988,91.2649757520267,95.32413703775661,94.7946651911733,0.007382414125526315,0.007355297482112019
2022-04-21,40482.0,41370.0,42969.0,39793.0,"493,05M","-2,14%",39283.5,34919.06333333333,1.0,39130.40062419437,35810.27483392955,26187.399982271196,7.521912350597609,38.73866463778249,2021.0,11047.400000000001,66.7051291770025,64.85196601275467,55.70975319074726,53.71300949190396,60.57671487065253,84.89844248110028,89.28191923250512,90.18489650137143,93.25276305834255,0.019466619658011997,0.019279568620928545
2022-04-20,41368.0,41499.0,42203.0,40915.0,"382,84M","-0,33%",39655.3,35325.37666666667,1.0,39537.236874340844,36168.83774786958,26338.45340732543,7.223762992146393,36.501473310477486,3718.0,12189.400000000001,69.78165908732164,65.95507098825638,56.031850941105674,69.56852309446873,63.793893287259216,90.27841029844855,89.19964061385956,93.68155178877991,93.06352844263597,0.02188627044118374,0.021650204220577035
2022-04-19,41503.0,40809.0,41746.0,40585.0,"268,28M","1,72%",39947.5,35698.61333333333,1.0,39894.64835173342,36512.977248007024,26489.347067349252,4.415316493911643,44.69193304908362,2922.0,11197.099999999999,70.24710642805223,66.12266110283639,56.08076248242933,72.13457517582209,65.13870258739824,91.09815708777363,88.75833662244081,94.21433786530379,92.6935953851517,0.0032633919938116485,0.003258078686623604
2022-04-18,40803.0,39700.0,41095.0,38577.0,"484,26M","2,77%",40053.0,36102.59,1.0,40059.8031968728,36789.75290942592,26631.773950263865,3.9752312514333767,34.055030800821356,1055.0,12119.3,64.52144354021691,64.42161875108141,55.75752786497202,58.82911993917506,66.84407273648861,86.84761818016213,89.40806185546143,91.45174339443929,93.11587768284097,-0.01686625063248437,-0.01701010566181789
2022-04-17,39703.0,40382.0,40599.0,39561.0,"210,01M","-1,68%",40099.0,36411.439999999995,1.0,39994.929888350474,36977.70433462425,26761.838139252228,4.171804895967255,33.01283125062816,460.0,9265.5,56.483076803459824,61.83565935636328,55.254556089504185,37.920547424444024,56.29474751314704,80.16819989677263,86.03799172156947,87.11052351165223,90.92553492379842,-0.026958802048868913,-0.027328856529974608
2022-04-16,40382.0,40571.0,40691.0,40003.0,"151,31M","-0,44%",40325.9,36762.54,1.0,40065.306272286754,37197.33631303559,26897.36444690132,-0.11131174709971059,28.98012373557509,2269.0,10533.0,59.9087644486241,62.78945737734465,55.50356753299822,45.3758445945946,47.37517065273787,84.29122263715578,83.76901357136352,89.7902401483908,89.45083568482744,0.017101982217968326,0.016957389539430937
